2026-09-16 21:08:33,661:WARNING:
'cuml' is a soft dependency and not included in the pycaret installation. Please run: `pip install cuml` to install.
2026-09-16 21:08:33,661:WARNING:
'cuml' is a soft dependency and not included in the pycaret installation. Please run: `pip install cuml` to install.
2026-09-16 21:08:33,661:WARNING:
'cuml' is a soft dependency and not included in the pycaret installation. Please run: `pip install cuml` to install.
2026-09-16 21:08:33,661:WARNING:
'cuml' is a soft dependency and not included in the pycaret installation. Please run: `pip install cuml` to install.
2026-09-16 21:10:18,356:INFO:PyCaret ClassificationExperiment
2026-09-16 21:10:18,356:INFO:Logging name: clf-default-name
2026-09-16 21:10:18,357:INFO:ML Usecase: MLUsecase.CLASSIFICATION
2026-09-16 21:10:18,357:INFO:version 3.3.2
2026-09-16 21:10:18,357:INFO:Initializing setup()
2026-09-16 21:10:18,357:INFO:self.USI: d2a6
2026-09-16 21:10:18,357:INFO:self._variable_keys: {'idx', 'exp_name_log', 'X_train', 'X_test', 'n_jobs_param', 'fix_imbalance', 'X', 'fold_groups_param', 'exp_id', 'html_param', 'target_param', 'fold_shuffle_param', 'is_multiclass', 'memory', 'gpu_n_jobs_param', '_available_plots', 'logging_param', 'seed', 'USI', '_ml_usecase', 'y', 'fold_generator', 'data', 'log_plots_param', 'y_train', 'pipeline', 'y_test', 'gpu_param'}
2026-09-16 21:10:18,357:INFO:Checking environment
2026-09-16 21:10:18,357:INFO:python_version: 3.11.9
2026-09-16 21:10:18,357:INFO:python_build: ('tags/v3.11.9:de54cf5', 'Apr  2 2024 10:12:12')
2026-09-16 21:10:18,357:INFO:machine: AMD64
2026-09-16 21:10:18,357:INFO:platform: Windows-10-10.0.26100-SP0
2026-09-16 21:10:18,357:INFO:Memory: svmem(total=34031316992, available=22812442624, percent=33.0, used=11218874368, free=22812442624)
2026-09-16 21:10:18,357:INFO:Physical Core: 14
2026-09-16 21:10:18,357:INFO:Logical Core: 20
2026-09-16 21:10:18,357:INFO:Checking libraries
2026-09-16 21:10:18,357:INFO:System:
2026-09-16 21:10:18,357:INFO:    python: 3.11.9 (tags/v3.11.9:de54cf5, Apr  2 2024, 10:12:12) [MSC v.1938 64 bit (AMD64)]
2026-09-16 21:10:18,357:INFO:executable: c:\Users\laboratorio\AppData\Local\Programs\Python\Python311\python.exe
2026-09-16 21:10:18,357:INFO:   machine: Windows-10-10.0.26100-SP0
2026-09-16 21:10:18,357:INFO:PyCaret required dependencies:
2026-09-16 21:10:18,397:INFO:                 pip: 24.0
2026-09-16 21:10:18,399:INFO:          setuptools: 65.5.0
2026-09-16 21:10:18,399:INFO:             pycaret: 3.3.2
2026-09-16 21:10:18,399:INFO:             IPython: 9.17.1
2026-09-16 21:10:18,399:INFO:          ipywidgets: 8.1.9
2026-09-16 21:10:18,399:INFO:                tqdm: 4.70.1
2026-09-16 21:10:18,399:INFO:               numpy: 1.26.4
2026-09-16 21:10:18,399:INFO:              pandas: 2.1.4
2026-09-16 21:10:18,399:INFO:              jinja2: 3.1.6
2026-09-16 21:10:18,399:INFO:               scipy: 1.11.4
2026-09-16 21:10:18,399:INFO:              joblib: 1.3.2
2026-09-16 21:10:18,399:INFO:             sklearn: 1.4.2
2026-09-16 21:10:18,399:INFO:                pyod: 3.4.0
2026-09-16 21:10:18,399:INFO:            imblearn: 0.14.2
2026-09-16 21:10:18,399:INFO:   category_encoders: 2.7.0
2026-09-16 21:10:18,399:INFO:            lightgbm: 4.7.0
2026-09-16 21:10:18,399:INFO:               numba: 0.67.0
2026-09-16 21:10:18,399:INFO:            requests: 2.34.2
2026-09-16 21:10:18,399:INFO:          matplotlib: 3.7.5
2026-09-16 21:10:18,399:INFO:          scikitplot: 0.3.7
2026-09-16 21:10:18,399:INFO:         yellowbrick: 1.5
2026-09-16 21:10:18,399:INFO:              plotly: 6.9.0
2026-09-16 21:10:18,399:INFO:    plotly-resampler: Not installed
2026-09-16 21:10:18,399:INFO:             kaleido: 1.4.0
2026-09-16 21:10:18,399:INFO:           schemdraw: 0.15
2026-09-16 21:10:18,399:INFO:         statsmodels: 0.15.0
2026-09-16 21:10:18,399:INFO:              sktime: 0.26.0
2026-09-16 21:10:18,399:INFO:               tbats: 1.1.3
2026-09-16 21:10:18,399:INFO:            pmdarima: 2.0.4
2026-09-16 21:10:18,399:INFO:              psutil: 7.2.2
2026-09-16 21:10:18,399:INFO:          markupsafe: 3.0.3
2026-09-16 21:10:18,399:INFO:             pickle5: Not installed
2026-09-16 21:10:18,399:INFO:         cloudpickle: 3.1.2
2026-09-16 21:10:18,399:INFO:         deprecation: 2.1.0
2026-09-16 21:10:18,399:INFO:              xxhash: 4.0.1
2026-09-16 21:10:18,399:INFO:           wurlitzer: Not installed
2026-09-16 21:10:18,399:INFO:PyCaret optional dependencies:
2026-09-16 21:10:18,403:INFO:                shap: Not installed
2026-09-16 21:10:18,403:INFO:           interpret: Not installed
2026-09-16 21:10:18,403:INFO:                umap: Not installed
2026-09-16 21:10:18,403:INFO:     ydata_profiling: Not installed
2026-09-16 21:10:18,403:INFO:  explainerdashboard: Not installed
2026-09-16 21:10:18,403:INFO:             autoviz: Not installed
2026-09-16 21:10:18,403:INFO:           fairlearn: Not installed
2026-09-16 21:10:18,403:INFO:          deepchecks: Not installed
2026-09-16 21:10:18,403:INFO:             xgboost: Not installed
2026-09-16 21:10:18,403:INFO:            catboost: Not installed
2026-09-16 21:10:18,403:INFO:              kmodes: Not installed
2026-09-16 21:10:18,403:INFO:             mlxtend: Not installed
2026-09-16 21:10:18,403:INFO:       statsforecast: Not installed
2026-09-16 21:10:18,403:INFO:        tune_sklearn: Not installed
2026-09-16 21:10:18,403:INFO:                 ray: Not installed
2026-09-16 21:10:18,403:INFO:            hyperopt: Not installed
2026-09-16 21:10:18,403:INFO:              optuna: Not installed
2026-09-16 21:10:18,403:INFO:               skopt: Not installed
2026-09-16 21:10:18,403:INFO:              mlflow: Not installed
2026-09-16 21:10:18,403:INFO:              gradio: Not installed
2026-09-16 21:10:18,403:INFO:             fastapi: Not installed
2026-09-16 21:10:18,403:INFO:             uvicorn: Not installed
2026-09-16 21:10:18,403:INFO:              m2cgen: Not installed
2026-09-16 21:10:18,403:INFO:           evidently: Not installed
2026-09-16 21:10:18,403:INFO:               fugue: Not installed
2026-09-16 21:10:18,403:INFO:           streamlit: Not installed
2026-09-16 21:10:18,403:INFO:             prophet: Not installed
2026-09-16 21:10:18,403:INFO:None
2026-09-16 21:10:18,403:INFO:Set up data.
2026-09-16 21:10:18,421:INFO:Set up folding strategy.
2026-09-16 21:10:18,421:INFO:Set up train/test split.
2026-09-16 21:10:18,439:INFO:Set up index.
2026-09-16 21:10:18,439:INFO:Assigning column types.
2026-09-16 21:10:18,439:INFO:Engine successfully changes for model 'lr' to 'sklearn'.
2026-09-16 21:10:18,468:INFO:Engine for model 'knn' has not been set explicitly, hence returning None.
2026-09-16 21:10:18,470:INFO:Engine for model 'rbfsvm' has not been set explicitly, hence returning None.
2026-09-16 21:10:18,490:WARNING:
'xgboost' is a soft dependency and not included in the pycaret installation. Please run: `pip install xgboost` to install.
Alternately, you can install this by running `pip install pycaret[models]`
2026-09-16 21:10:18,490:WARNING:
'catboost' is a soft dependency and not included in the pycaret installation. Please run: `pip install catboost` to install.
Alternately, you can install this by running `pip install pycaret[models]`
2026-09-16 21:10:18,512:INFO:Engine for model 'knn' has not been set explicitly, hence returning None.
2026-09-16 21:10:18,512:INFO:Engine for model 'rbfsvm' has not been set explicitly, hence returning None.
2026-09-16 21:10:18,525:WARNING:
'xgboost' is a soft dependency and not included in the pycaret installation. Please run: `pip install xgboost` to install.
Alternately, you can install this by running `pip install pycaret[models]`
2026-09-16 21:10:18,525:WARNING:
'catboost' is a soft dependency and not included in the pycaret installation. Please run: `pip install catboost` to install.
Alternately, you can install this by running `pip install pycaret[models]`
2026-09-16 21:10:18,525:INFO:Engine successfully changes for model 'knn' to 'sklearn'.
2026-09-16 21:10:18,538:INFO:Engine for model 'rbfsvm' has not been set explicitly, hence returning None.
2026-09-16 21:10:18,558:WARNING:
'xgboost' is a soft dependency and not included in the pycaret installation. Please run: `pip install xgboost` to install.
Alternately, you can install this by running `pip install pycaret[models]`
2026-09-16 21:10:18,558:WARNING:
'catboost' is a soft dependency and not included in the pycaret installation. Please run: `pip install catboost` to install.
Alternately, you can install this by running `pip install pycaret[models]`
2026-09-16 21:10:18,575:INFO:Engine for model 'rbfsvm' has not been set explicitly, hence returning None.
2026-09-16 21:10:18,592:WARNING:
'xgboost' is a soft dependency and not included in the pycaret installation. Please run: `pip install xgboost` to install.
Alternately, you can install this by running `pip install pycaret[models]`
2026-09-16 21:10:18,592:WARNING:
'catboost' is a soft dependency and not included in the pycaret installation. Please run: `pip install catboost` to install.
Alternately, you can install this by running `pip install pycaret[models]`
2026-09-16 21:10:18,592:INFO:Engine successfully changes for model 'rbfsvm' to 'sklearn'.
2026-09-16 21:10:18,631:WARNING:
'xgboost' is a soft dependency and not included in the pycaret installation. Please run: `pip install xgboost` to install.
Alternately, you can install this by running `pip install pycaret[models]`
2026-09-16 21:10:18,631:WARNING:
'catboost' is a soft dependency and not included in the pycaret installation. Please run: `pip install catboost` to install.
Alternately, you can install this by running `pip install pycaret[models]`
2026-09-16 21:10:18,665:WARNING:
'xgboost' is a soft dependency and not included in the pycaret installation. Please run: `pip install xgboost` to install.
Alternately, you can install this by running `pip install pycaret[models]`
2026-09-16 21:10:18,665:WARNING:
'catboost' is a soft dependency and not included in the pycaret installation. Please run: `pip install catboost` to install.
Alternately, you can install this by running `pip install pycaret[models]`
2026-09-16 21:10:18,667:INFO:Preparing preprocessing pipeline...
2026-09-16 21:10:18,668:INFO:Set up label encoding.
2026-09-16 21:10:18,668:INFO:Set up simple imputation.
2026-09-16 21:10:18,671:INFO:Set up encoding of ordinal features.
2026-09-16 21:10:18,674:INFO:Set up encoding of categorical features.
2026-09-16 21:10:18,867:INFO:Finished creating preprocessing pipeline.
2026-09-16 21:10:18,889:INFO:Pipeline: Pipeline(memory=FastMemory(location=C:\Users\LABORA~1\AppData\Local\Temp\joblib),
         steps=[('label_encoding',
                 TransformerWrapperWithInverse(exclude=None, include=None,
                                               transformer=LabelEncoder())),
                ('numerical_imputer',
                 TransformerWrapper(exclude=None,
                                    include=['SeniorCitizen', 'tenure',
                                             'MonthlyCharges'],
                                    transformer=SimpleImputer(add_indicator=False,
                                                              copy=Tru...
                                                              return_df=True,
                                                              use_cat_names=True,
                                                              verbose=0))),
                ('rest_encoding',
                 TransformerWrapper(exclude=None,
                                    include=['customerID', 'TotalCharges'],
                                    transformer=TargetEncoder(cols=['customerID',
                                                                    'TotalCharges'],
                                                              drop_invariant=False,
                                                              handle_missing='return_nan',
                                                              handle_unknown='value',
                                                              hierarchy=None,
                                                              min_samples_leaf=20,
                                                              return_df=True,
                                                              smoothing=10,
                                                              verbose=0)))],
         verbose=False)
2026-09-16 21:10:18,889:INFO:Creating final display dataframe.
2026-09-16 21:10:19,373:INFO:Setup _display_container:                     Description             Value
0                    Session id               123
1                        Target             Churn
2                   Target type            Binary
3                Target mapping     No: 0, Yes: 1
4           Original data shape        (7043, 21)
5        Transformed data shape        (7043, 42)
6   Transformed train set shape        (4930, 42)
7    Transformed test set shape        (2113, 42)
8              Numeric features                 3
9          Categorical features                17
10                   Preprocess              True
11              Imputation type            simple
12           Numeric imputation              mean
13       Categorical imputation              mode
14     Maximum one-hot encoding                25
15              Encoding method              None
16               Fold Generator   StratifiedKFold
17                  Fold Number                10
18                     CPU Jobs                -1
19                      Use GPU             False
20               Log Experiment             False
21              Experiment Name  clf-default-name
22                          USI              d2a6
2026-09-16 21:10:19,425:WARNING:
'xgboost' is a soft dependency and not included in the pycaret installation. Please run: `pip install xgboost` to install.
Alternately, you can install this by running `pip install pycaret[models]`
2026-09-16 21:10:19,425:WARNING:
'catboost' is a soft dependency and not included in the pycaret installation. Please run: `pip install catboost` to install.
Alternately, you can install this by running `pip install pycaret[models]`
2026-09-16 21:10:19,461:WARNING:
'xgboost' is a soft dependency and not included in the pycaret installation. Please run: `pip install xgboost` to install.
Alternately, you can install this by running `pip install pycaret[models]`
2026-09-16 21:10:19,462:WARNING:
'catboost' is a soft dependency and not included in the pycaret installation. Please run: `pip install catboost` to install.
Alternately, you can install this by running `pip install pycaret[models]`
2026-09-16 21:10:19,462:INFO:setup() successfully completed in 1.11s...............
2026-09-16 21:13:35,843:INFO:Initializing compare_models()
2026-09-16 21:13:35,843:INFO:compare_models(self=<pycaret.classification.oop.ClassificationExperiment object at 0x0000015898901CD0>, include=None, exclude=None, fold=None, round=4, cross_validation=True, sort=Accuracy, n_select=1, budget_time=None, turbo=True, errors=ignore, fit_kwargs=None, groups=None, experiment_custom_tags=None, probability_threshold=None, verbose=True, parallel=None, caller_params={'self': <pycaret.classification.oop.ClassificationExperiment object at 0x0000015898901CD0>, 'include': None, 'exclude': None, 'fold': None, 'round': 4, 'cross_validation': True, 'sort': 'Accuracy', 'n_select': 1, 'budget_time': None, 'turbo': True, 'errors': 'ignore', 'fit_kwargs': None, 'groups': None, 'experiment_custom_tags': None, 'probability_threshold': None, 'engine': None, 'verbose': True, 'parallel': None, '__class__': <class 'pycaret.classification.oop.ClassificationExperiment'>})
2026-09-16 21:13:35,843:INFO:Checking exceptions
2026-09-16 21:13:35,845:INFO:Preparing display monitor
2026-09-16 21:13:35,858:INFO:Initializing Logistic Regression
2026-09-16 21:13:35,858:INFO:Total runtime is 0.0 minutes
2026-09-16 21:13:35,860:INFO:SubProcess create_model() called ==================================
2026-09-16 21:13:35,860:INFO:Initializing create_model()
2026-09-16 21:13:35,860:INFO:create_model(self=<pycaret.classification.oop.ClassificationExperiment object at 0x0000015898901CD0>, estimator=lr, fold=StratifiedKFold(n_splits=10, random_state=None, shuffle=False), round=4, cross_validation=True, predict=True, fit_kwargs={}, groups=None, refit=False, probability_threshold=None, experiment_custom_tags=None, verbose=False, system=False, add_to_model_list=True, metrics=None, display=<pycaret.internal.display.display.CommonDisplay object at 0x000001589A662590>, model_only=True, return_train_score=False, error_score=0.0, kwargs={})
2026-09-16 21:13:35,860:INFO:Checking exceptions
2026-09-16 21:13:35,860:INFO:Importing libraries
2026-09-16 21:13:35,860:INFO:Copying training dataset
2026-09-16 21:13:35,863:INFO:Defining folds
2026-09-16 21:13:35,863:INFO:Declaring metric variables
2026-09-16 21:13:35,865:INFO:Importing untrained model
2026-09-16 21:13:35,867:INFO:Logistic Regression Imported successfully
2026-09-16 21:13:35,871:INFO:Starting cross validation
2026-09-16 21:13:35,874:INFO:Cross validating with StratifiedKFold(n_splits=10, random_state=None, shuffle=False), n_jobs=-1
2026-09-16 21:13:38,912:WARNING:c:\Users\laboratorio\AppData\Local\Programs\Python\Python311\Lib\site-packages\sklearn\metrics\_classification.py:1561: UserWarning: Note that pos_label (set to 'Yes') is ignored when average != 'binary' (got 'weighted'). You may use labels=[pos_label] to specify a single positive class.
  warnings.warn(

2026-09-16 21:13:38,915:WARNING:c:\Users\laboratorio\AppData\Local\Programs\Python\Python311\Lib\site-packages\sklearn\metrics\_classification.py:1561: UserWarning: Note that pos_label (set to 'Yes') is ignored when average != 'binary' (got 'weighted'). You may use labels=[pos_label] to specify a single positive class.
  warnings.warn(

2026-09-16 21:13:38,917:WARNING:c:\Users\laboratorio\AppData\Local\Programs\Python\Python311\Lib\site-packages\sklearn\metrics\_classification.py:1561: UserWarning: Note that pos_label (set to 'Yes') is ignored when average != 'binary' (got 'weighted'). You may use labels=[pos_label] to specify a single positive class.
  warnings.warn(

2026-09-16 21:13:38,929:WARNING:c:\Users\laboratorio\AppData\Local\Programs\Python\Python311\Lib\site-packages\sklearn\metrics\_classification.py:1561: UserWarning: Note that pos_label (set to 'Yes') is ignored when average != 'binary' (got 'weighted'). You may use labels=[pos_label] to specify a single positive class.
  warnings.warn(

2026-09-16 21:13:38,931:WARNING:c:\Users\laboratorio\AppData\Local\Programs\Python\Python311\Lib\site-packages\sklearn\metrics\_classification.py:1561: UserWarning: Note that pos_label (set to 'Yes') is ignored when average != 'binary' (got 'weighted'). You may use labels=[pos_label] to specify a single positive class.
  warnings.warn(

2026-09-16 21:13:38,933:WARNING:c:\Users\laboratorio\AppData\Local\Programs\Python\Python311\Lib\site-packages\sklearn\metrics\_classification.py:1561: UserWarning: Note that pos_label (set to 'Yes') is ignored when average != 'binary' (got 'weighted'). You may use labels=[pos_label] to specify a single positive class.
  warnings.warn(

2026-09-16 21:13:38,935:WARNING:c:\Users\laboratorio\AppData\Local\Programs\Python\Python311\Lib\site-packages\sklearn\metrics\_classification.py:1561: UserWarning: Note that pos_label (set to 'Yes') is ignored when average != 'binary' (got 'weighted'). You may use labels=[pos_label] to specify a single positive class.
  warnings.warn(

2026-09-16 21:13:38,935:WARNING:c:\Users\laboratorio\AppData\Local\Programs\Python\Python311\Lib\site-packages\sklearn\metrics\_classification.py:1561: UserWarning: Note that pos_label (set to 'Yes') is ignored when average != 'binary' (got 'weighted'). You may use labels=[pos_label] to specify a single positive class.
  warnings.warn(

2026-09-16 21:13:38,939:WARNING:c:\Users\laboratorio\AppData\Local\Programs\Python\Python311\Lib\site-packages\sklearn\metrics\_classification.py:1561: UserWarning: Note that pos_label (set to 'Yes') is ignored when average != 'binary' (got 'weighted'). You may use labels=[pos_label] to specify a single positive class.
  warnings.warn(

2026-09-16 21:13:38,972:WARNING:c:\Users\laboratorio\AppData\Local\Programs\Python\Python311\Lib\site-packages\sklearn\metrics\_classification.py:1561: UserWarning: Note that pos_label (set to 'Yes') is ignored when average != 'binary' (got 'weighted'). You may use labels=[pos_label] to specify a single positive class.
  warnings.warn(

2026-09-16 21:13:38,974:WARNING:c:\Users\laboratorio\AppData\Local\Programs\Python\Python311\Lib\site-packages\sklearn\metrics\_classification.py:1561: UserWarning: Note that pos_label (set to 'Yes') is ignored when average != 'binary' (got 'weighted'). You may use labels=[pos_label] to specify a single positive class.
  warnings.warn(

2026-09-16 21:13:38,975:WARNING:c:\Users\laboratorio\AppData\Local\Programs\Python\Python311\Lib\site-packages\sklearn\metrics\_classification.py:1561: UserWarning: Note that pos_label (set to 'Yes') is ignored when average != 'binary' (got 'weighted'). You may use labels=[pos_label] to specify a single positive class.
  warnings.warn(

2026-09-16 21:13:38,980:WARNING:c:\Users\laboratorio\AppData\Local\Programs\Python\Python311\Lib\site-packages\sklearn\metrics\_classification.py:1561: UserWarning: Note that pos_label (set to 'Yes') is ignored when average != 'binary' (got 'weighted'). You may use labels=[pos_label] to specify a single positive class.
  warnings.warn(

2026-09-16 21:13:38,980:WARNING:c:\Users\laboratorio\AppData\Local\Programs\Python\Python311\Lib\site-packages\sklearn\metrics\_classification.py:1561: UserWarning: Note that pos_label (set to 'Yes') is ignored when average != 'binary' (got 'weighted'). You may use labels=[pos_label] to specify a single positive class.
  warnings.warn(

2026-09-16 21:13:38,984:WARNING:c:\Users\laboratorio\AppData\Local\Programs\Python\Python311\Lib\site-packages\sklearn\metrics\_classification.py:1561: UserWarning: Note that pos_label (set to 'Yes') is ignored when average != 'binary' (got 'weighted'). You may use labels=[pos_label] to specify a single positive class.
  warnings.warn(

2026-09-16 21:13:38,996:WARNING:c:\Users\laboratorio\AppData\Local\Programs\Python\Python311\Lib\site-packages\sklearn\metrics\_classification.py:1561: UserWarning: Note that pos_label (set to 'Yes') is ignored when average != 'binary' (got 'weighted'). You may use labels=[pos_label] to specify a single positive class.
  warnings.warn(

2026-09-16 21:13:38,998:WARNING:c:\Users\laboratorio\AppData\Local\Programs\Python\Python311\Lib\site-packages\sklearn\metrics\_classification.py:1561: UserWarning: Note that pos_label (set to 'Yes') is ignored when average != 'binary' (got 'weighted'). You may use labels=[pos_label] to specify a single positive class.
  warnings.warn(

2026-09-16 21:13:39,000:WARNING:c:\Users\laboratorio\AppData\Local\Programs\Python\Python311\Lib\site-packages\sklearn\metrics\_classification.py:1561: UserWarning: Note that pos_label (set to 'Yes') is ignored when average != 'binary' (got 'weighted'). You may use labels=[pos_label] to specify a single positive class.
  warnings.warn(

2026-09-16 21:13:39,000:WARNING:c:\Users\laboratorio\AppData\Local\Programs\Python\Python311\Lib\site-packages\sklearn\metrics\_classification.py:1561: UserWarning: Note that pos_label (set to 'Yes') is ignored when average != 'binary' (got 'weighted'). You may use labels=[pos_label] to specify a single positive class.
  warnings.warn(

2026-09-16 21:13:39,002:WARNING:c:\Users\laboratorio\AppData\Local\Programs\Python\Python311\Lib\site-packages\sklearn\metrics\_classification.py:1561: UserWarning: Note that pos_label (set to 'Yes') is ignored when average != 'binary' (got 'weighted'). You may use labels=[pos_label] to specify a single positive class.
  warnings.warn(

2026-09-16 21:13:39,006:WARNING:c:\Users\laboratorio\AppData\Local\Programs\Python\Python311\Lib\site-packages\sklearn\metrics\_classification.py:1561: UserWarning: Note that pos_label (set to 'Yes') is ignored when average != 'binary' (got 'weighted'). You may use labels=[pos_label] to specify a single positive class.
  warnings.warn(

2026-09-16 21:13:39,006:WARNING:c:\Users\laboratorio\AppData\Local\Programs\Python\Python311\Lib\site-packages\sklearn\metrics\_classification.py:1561: UserWarning: Note that pos_label (set to 'Yes') is ignored when average != 'binary' (got 'weighted'). You may use labels=[pos_label] to specify a single positive class.
  warnings.warn(

2026-09-16 21:13:39,010:WARNING:c:\Users\laboratorio\AppData\Local\Programs\Python\Python311\Lib\site-packages\sklearn\metrics\_classification.py:1561: UserWarning: Note that pos_label (set to 'Yes') is ignored when average != 'binary' (got 'weighted'). You may use labels=[pos_label] to specify a single positive class.
  warnings.warn(

2026-09-16 21:13:39,014:WARNING:c:\Users\laboratorio\AppData\Local\Programs\Python\Python311\Lib\site-packages\sklearn\metrics\_classification.py:1561: UserWarning: Note that pos_label (set to 'Yes') is ignored when average != 'binary' (got 'weighted'). You may use labels=[pos_label] to specify a single positive class.
  warnings.warn(

2026-09-16 21:13:39,016:WARNING:c:\Users\laboratorio\AppData\Local\Programs\Python\Python311\Lib\site-packages\sklearn\metrics\_classification.py:1561: UserWarning: Note that pos_label (set to 'Yes') is ignored when average != 'binary' (got 'weighted'). You may use labels=[pos_label] to specify a single positive class.
  warnings.warn(

2026-09-16 21:13:39,018:WARNING:c:\Users\laboratorio\AppData\Local\Programs\Python\Python311\Lib\site-packages\sklearn\metrics\_classification.py:1561: UserWarning: Note that pos_label (set to 'Yes') is ignored when average != 'binary' (got 'weighted'). You may use labels=[pos_label] to specify a single positive class.
  warnings.warn(

2026-09-16 21:13:39,020:WARNING:c:\Users\laboratorio\AppData\Local\Programs\Python\Python311\Lib\site-packages\sklearn\metrics\_classification.py:1561: UserWarning: Note that pos_label (set to 'Yes') is ignored when average != 'binary' (got 'weighted'). You may use labels=[pos_label] to specify a single positive class.
  warnings.warn(

2026-09-16 21:13:39,023:WARNING:c:\Users\laboratorio\AppData\Local\Programs\Python\Python311\Lib\site-packages\sklearn\metrics\_classification.py:1561: UserWarning: Note that pos_label (set to 'Yes') is ignored when average != 'binary' (got 'weighted'). You may use labels=[pos_label] to specify a single positive class.
  warnings.warn(

2026-09-16 21:13:39,023:WARNING:c:\Users\laboratorio\AppData\Local\Programs\Python\Python311\Lib\site-packages\sklearn\metrics\_classification.py:1561: UserWarning: Note that pos_label (set to 'Yes') is ignored when average != 'binary' (got 'weighted'). You may use labels=[pos_label] to specify a single positive class.
  warnings.warn(

2026-09-16 21:13:39,026:WARNING:c:\Users\laboratorio\AppData\Local\Programs\Python\Python311\Lib\site-packages\sklearn\metrics\_classification.py:1561: UserWarning: Note that pos_label (set to 'Yes') is ignored when average != 'binary' (got 'weighted'). You may use labels=[pos_label] to specify a single positive class.
  warnings.warn(

2026-09-16 21:13:39,039:INFO:Calculating mean and std
2026-09-16 21:13:39,039:INFO:Creating metrics dataframe
2026-09-16 21:13:39,043:INFO:Uploading results into container
2026-09-16 21:13:39,043:INFO:Uploading model into container now
2026-09-16 21:13:39,043:INFO:_master_model_container: 1
2026-09-16 21:13:39,043:INFO:_display_container: 2
2026-09-16 21:13:39,043:INFO:LogisticRegression(C=1.0, class_weight=None, dual=False, fit_intercept=True,
                   intercept_scaling=1, l1_ratio=None, max_iter=1000,
                   multi_class='auto', n_jobs=None, penalty='l2',
                   random_state=123, solver='lbfgs', tol=0.0001, verbose=0,
                   warm_start=False)
2026-09-16 21:13:39,043:INFO:create_model() successfully completed......................................
2026-09-16 21:13:39,122:INFO:SubProcess create_model() end ==================================
2026-09-16 21:13:39,122:INFO:Creating metrics dataframe
2026-09-16 21:13:39,122:INFO:Initializing K Neighbors Classifier
2026-09-16 21:13:39,122:INFO:Total runtime is 0.05441437164942423 minutes
2026-09-16 21:13:39,122:INFO:SubProcess create_model() called ==================================
2026-09-16 21:13:39,122:INFO:Initializing create_model()
2026-09-16 21:13:39,122:INFO:create_model(self=<pycaret.classification.oop.ClassificationExperiment object at 0x0000015898901CD0>, estimator=knn, fold=StratifiedKFold(n_splits=10, random_state=None, shuffle=False), round=4, cross_validation=True, predict=True, fit_kwargs={}, groups=None, refit=False, probability_threshold=None, experiment_custom_tags=None, verbose=False, system=False, add_to_model_list=True, metrics=None, display=<pycaret.internal.display.display.CommonDisplay object at 0x000001589A662590>, model_only=True, return_train_score=False, error_score=0.0, kwargs={})
2026-09-16 21:13:39,122:INFO:Checking exceptions
2026-09-16 21:13:39,122:INFO:Importing libraries
2026-09-16 21:13:39,122:INFO:Copying training dataset
2026-09-16 21:13:39,139:INFO:Defining folds
2026-09-16 21:13:39,139:INFO:Declaring metric variables
2026-09-16 21:13:39,139:INFO:Importing untrained model
2026-09-16 21:13:39,139:INFO:K Neighbors Classifier Imported successfully
2026-09-16 21:13:39,139:INFO:Starting cross validation
2026-09-16 21:13:39,148:INFO:Cross validating with StratifiedKFold(n_splits=10, random_state=None, shuffle=False), n_jobs=-1
2026-09-16 21:13:41,740:WARNING:c:\Users\laboratorio\AppData\Local\Programs\Python\Python311\Lib\site-packages\sklearn\metrics\_classification.py:1561: UserWarning: Note that pos_label (set to 'Yes') is ignored when average != 'binary' (got 'weighted'). You may use labels=[pos_label] to specify a single positive class.
  warnings.warn(

2026-09-16 21:13:41,742:WARNING:c:\Users\laboratorio\AppData\Local\Programs\Python\Python311\Lib\site-packages\sklearn\metrics\_classification.py:1561: UserWarning: Note that pos_label (set to 'Yes') is ignored when average != 'binary' (got 'weighted'). You may use labels=[pos_label] to specify a single positive class.
  warnings.warn(

2026-09-16 21:13:41,742:WARNING:c:\Users\laboratorio\AppData\Local\Programs\Python\Python311\Lib\site-packages\sklearn\metrics\_classification.py:1561: UserWarning: Note that pos_label (set to 'Yes') is ignored when average != 'binary' (got 'weighted'). You may use labels=[pos_label] to specify a single positive class.
  warnings.warn(

2026-09-16 21:13:41,745:WARNING:c:\Users\laboratorio\AppData\Local\Programs\Python\Python311\Lib\site-packages\sklearn\metrics\_classification.py:1561: UserWarning: Note that pos_label (set to 'Yes') is ignored when average != 'binary' (got 'weighted'). You may use labels=[pos_label] to specify a single positive class.
  warnings.warn(

2026-09-16 21:13:41,745:WARNING:c:\Users\laboratorio\AppData\Local\Programs\Python\Python311\Lib\site-packages\sklearn\metrics\_classification.py:1561: UserWarning: Note that pos_label (set to 'Yes') is ignored when average != 'binary' (got 'weighted'). You may use labels=[pos_label] to specify a single positive class.
  warnings.warn(

2026-09-16 21:13:41,747:WARNING:c:\Users\laboratorio\AppData\Local\Programs\Python\Python311\Lib\site-packages\sklearn\metrics\_classification.py:1561: UserWarning: Note that pos_label (set to 'Yes') is ignored when average != 'binary' (got 'weighted'). You may use labels=[pos_label] to specify a single positive class.
  warnings.warn(

2026-09-16 21:13:41,749:WARNING:c:\Users\laboratorio\AppData\Local\Programs\Python\Python311\Lib\site-packages\sklearn\metrics\_classification.py:1561: UserWarning: Note that pos_label (set to 'Yes') is ignored when average != 'binary' (got 'weighted'). You may use labels=[pos_label] to specify a single positive class.
  warnings.warn(

2026-09-16 21:13:41,750:WARNING:c:\Users\laboratorio\AppData\Local\Programs\Python\Python311\Lib\site-packages\sklearn\metrics\_classification.py:1561: UserWarning: Note that pos_label (set to 'Yes') is ignored when average != 'binary' (got 'weighted'). You may use labels=[pos_label] to specify a single positive class.
  warnings.warn(

2026-09-16 21:13:41,750:WARNING:c:\Users\laboratorio\AppData\Local\Programs\Python\Python311\Lib\site-packages\sklearn\metrics\_classification.py:1561: UserWarning: Note that pos_label (set to 'Yes') is ignored when average != 'binary' (got 'weighted'). You may use labels=[pos_label] to specify a single positive class.
  warnings.warn(

2026-09-16 21:13:41,753:WARNING:c:\Users\laboratorio\AppData\Local\Programs\Python\Python311\Lib\site-packages\sklearn\metrics\_classification.py:1561: UserWarning: Note that pos_label (set to 'Yes') is ignored when average != 'binary' (got 'weighted'). You may use labels=[pos_label] to specify a single positive class.
  warnings.warn(

2026-09-16 21:13:41,754:WARNING:c:\Users\laboratorio\AppData\Local\Programs\Python\Python311\Lib\site-packages\sklearn\metrics\_classification.py:1561: UserWarning: Note that pos_label (set to 'Yes') is ignored when average != 'binary' (got 'weighted'). You may use labels=[pos_label] to specify a single positive class.
  warnings.warn(

2026-09-16 21:13:41,754:WARNING:c:\Users\laboratorio\AppData\Local\Programs\Python\Python311\Lib\site-packages\sklearn\metrics\_classification.py:1561: UserWarning: Note that pos_label (set to 'Yes') is ignored when average != 'binary' (got 'weighted'). You may use labels=[pos_label] to specify a single positive class.
  warnings.warn(

2026-09-16 21:13:41,756:WARNING:c:\Users\laboratorio\AppData\Local\Programs\Python\Python311\Lib\site-packages\sklearn\metrics\_classification.py:1561: UserWarning: Note that pos_label (set to 'Yes') is ignored when average != 'binary' (got 'weighted'). You may use labels=[pos_label] to specify a single positive class.
  warnings.warn(

2026-09-16 21:13:41,756:WARNING:c:\Users\laboratorio\AppData\Local\Programs\Python\Python311\Lib\site-packages\sklearn\metrics\_classification.py:1561: UserWarning: Note that pos_label (set to 'Yes') is ignored when average != 'binary' (got 'weighted'). You may use labels=[pos_label] to specify a single positive class.
  warnings.warn(

2026-09-16 21:13:41,758:WARNING:c:\Users\laboratorio\AppData\Local\Programs\Python\Python311\Lib\site-packages\sklearn\metrics\_classification.py:1561: UserWarning: Note that pos_label (set to 'Yes') is ignored when average != 'binary' (got 'weighted'). You may use labels=[pos_label] to specify a single positive class.
  warnings.warn(

2026-09-16 21:13:41,758:WARNING:c:\Users\laboratorio\AppData\Local\Programs\Python\Python311\Lib\site-packages\sklearn\metrics\_classification.py:1561: UserWarning: Note that pos_label (set to 'Yes') is ignored when average != 'binary' (got 'weighted'). You may use labels=[pos_label] to specify a single positive class.
  warnings.warn(

2026-09-16 21:13:41,760:WARNING:c:\Users\laboratorio\AppData\Local\Programs\Python\Python311\Lib\site-packages\sklearn\metrics\_classification.py:1561: UserWarning: Note that pos_label (set to 'Yes') is ignored when average != 'binary' (got 'weighted'). You may use labels=[pos_label] to specify a single positive class.
  warnings.warn(

2026-09-16 21:13:41,762:WARNING:c:\Users\laboratorio\AppData\Local\Programs\Python\Python311\Lib\site-packages\sklearn\metrics\_classification.py:1561: UserWarning: Note that pos_label (set to 'Yes') is ignored when average != 'binary' (got 'weighted'). You may use labels=[pos_label] to specify a single positive class.
  warnings.warn(

2026-09-16 21:13:41,766:WARNING:c:\Users\laboratorio\AppData\Local\Programs\Python\Python311\Lib\site-packages\sklearn\metrics\_classification.py:1561: UserWarning: Note that pos_label (set to 'Yes') is ignored when average != 'binary' (got 'weighted'). You may use labels=[pos_label] to specify a single positive class.
  warnings.warn(

2026-09-16 21:13:41,766:WARNING:c:\Users\laboratorio\AppData\Local\Programs\Python\Python311\Lib\site-packages\sklearn\metrics\_classification.py:1561: UserWarning: Note that pos_label (set to 'Yes') is ignored when average != 'binary' (got 'weighted'). You may use labels=[pos_label] to specify a single positive class.
  warnings.warn(

2026-09-16 21:13:41,768:WARNING:c:\Users\laboratorio\AppData\Local\Programs\Python\Python311\Lib\site-packages\sklearn\metrics\_classification.py:1561: UserWarning: Note that pos_label (set to 'Yes') is ignored when average != 'binary' (got 'weighted'). You may use labels=[pos_label] to specify a single positive class.
  warnings.warn(

2026-09-16 21:13:41,779:WARNING:c:\Users\laboratorio\AppData\Local\Programs\Python\Python311\Lib\site-packages\sklearn\metrics\_classification.py:1561: UserWarning: Note that pos_label (set to 'Yes') is ignored when average != 'binary' (got 'weighted'). You may use labels=[pos_label] to specify a single positive class.
  warnings.warn(

2026-09-16 21:13:41,783:WARNING:c:\Users\laboratorio\AppData\Local\Programs\Python\Python311\Lib\site-packages\sklearn\metrics\_classification.py:1561: UserWarning: Note that pos_label (set to 'Yes') is ignored when average != 'binary' (got 'weighted'). You may use labels=[pos_label] to specify a single positive class.
  warnings.warn(

2026-09-16 21:13:41,787:WARNING:c:\Users\laboratorio\AppData\Local\Programs\Python\Python311\Lib\site-packages\sklearn\metrics\_classification.py:1561: UserWarning: Note that pos_label (set to 'Yes') is ignored when average != 'binary' (got 'weighted'). You may use labels=[pos_label] to specify a single positive class.
  warnings.warn(

2026-09-16 21:13:41,796:WARNING:c:\Users\laboratorio\AppData\Local\Programs\Python\Python311\Lib\site-packages\sklearn\metrics\_classification.py:1561: UserWarning: Note that pos_label (set to 'Yes') is ignored when average != 'binary' (got 'weighted'). You may use labels=[pos_label] to specify a single positive class.
  warnings.warn(

2026-09-16 21:13:41,802:WARNING:c:\Users\laboratorio\AppData\Local\Programs\Python\Python311\Lib\site-packages\sklearn\metrics\_classification.py:1561: UserWarning: Note that pos_label (set to 'Yes') is ignored when average != 'binary' (got 'weighted'). You may use labels=[pos_label] to specify a single positive class.
  warnings.warn(

2026-09-16 21:13:41,806:WARNING:c:\Users\laboratorio\AppData\Local\Programs\Python\Python311\Lib\site-packages\sklearn\metrics\_classification.py:1561: UserWarning: Note that pos_label (set to 'Yes') is ignored when average != 'binary' (got 'weighted'). You may use labels=[pos_label] to specify a single positive class.
  warnings.warn(

2026-09-16 21:13:41,822:WARNING:c:\Users\laboratorio\AppData\Local\Programs\Python\Python311\Lib\site-packages\sklearn\metrics\_classification.py:1561: UserWarning: Note that pos_label (set to 'Yes') is ignored when average != 'binary' (got 'weighted'). You may use labels=[pos_label] to specify a single positive class.
  warnings.warn(

2026-09-16 21:13:41,825:WARNING:c:\Users\laboratorio\AppData\Local\Programs\Python\Python311\Lib\site-packages\sklearn\metrics\_classification.py:1561: UserWarning: Note that pos_label (set to 'Yes') is ignored when average != 'binary' (got 'weighted'). You may use labels=[pos_label] to specify a single positive class.
  warnings.warn(

2026-09-16 21:13:41,829:WARNING:c:\Users\laboratorio\AppData\Local\Programs\Python\Python311\Lib\site-packages\sklearn\metrics\_classification.py:1561: UserWarning: Note that pos_label (set to 'Yes') is ignored when average != 'binary' (got 'weighted'). You may use labels=[pos_label] to specify a single positive class.
  warnings.warn(

2026-09-16 21:13:41,840:INFO:Calculating mean and std
2026-09-16 21:13:41,842:INFO:Creating metrics dataframe
2026-09-16 21:13:41,843:INFO:Uploading results into container
2026-09-16 21:13:41,845:INFO:Uploading model into container now
2026-09-16 21:13:41,845:INFO:_master_model_container: 2
2026-09-16 21:13:41,846:INFO:_display_container: 2
2026-09-16 21:13:41,846:INFO:KNeighborsClassifier(algorithm='auto', leaf_size=30, metric='minkowski',
                     metric_params=None, n_jobs=-1, n_neighbors=5, p=2,
                     weights='uniform')
2026-09-16 21:13:41,846:INFO:create_model() successfully completed......................................
2026-09-16 21:13:41,916:INFO:SubProcess create_model() end ==================================
2026-09-16 21:13:41,916:INFO:Creating metrics dataframe
2026-09-16 21:13:41,922:INFO:Initializing Naive Bayes
2026-09-16 21:13:41,922:INFO:Total runtime is 0.10107837120691934 minutes
2026-09-16 21:13:41,922:INFO:SubProcess create_model() called ==================================
2026-09-16 21:13:41,922:INFO:Initializing create_model()
2026-09-16 21:13:41,922:INFO:create_model(self=<pycaret.classification.oop.ClassificationExperiment object at 0x0000015898901CD0>, estimator=nb, fold=StratifiedKFold(n_splits=10, random_state=None, shuffle=False), round=4, cross_validation=True, predict=True, fit_kwargs={}, groups=None, refit=False, probability_threshold=None, experiment_custom_tags=None, verbose=False, system=False, add_to_model_list=True, metrics=None, display=<pycaret.internal.display.display.CommonDisplay object at 0x000001589A662590>, model_only=True, return_train_score=False, error_score=0.0, kwargs={})
2026-09-16 21:13:41,922:INFO:Checking exceptions
2026-09-16 21:13:41,922:INFO:Importing libraries
2026-09-16 21:13:41,922:INFO:Copying training dataset
2026-09-16 21:13:41,926:INFO:Defining folds
2026-09-16 21:13:41,926:INFO:Declaring metric variables
2026-09-16 21:13:41,926:INFO:Importing untrained model
2026-09-16 21:13:41,926:INFO:Naive Bayes Imported successfully
2026-09-16 21:13:41,926:INFO:Starting cross validation
2026-09-16 21:13:41,926:INFO:Cross validating with StratifiedKFold(n_splits=10, random_state=None, shuffle=False), n_jobs=-1
2026-09-16 21:13:42,183:WARNING:c:\Users\laboratorio\AppData\Local\Programs\Python\Python311\Lib\site-packages\sklearn\metrics\_classification.py:1561: UserWarning: Note that pos_label (set to 'Yes') is ignored when average != 'binary' (got 'weighted'). You may use labels=[pos_label] to specify a single positive class.
  warnings.warn(

2026-09-16 21:13:42,186:WARNING:c:\Users\laboratorio\AppData\Local\Programs\Python\Python311\Lib\site-packages\sklearn\metrics\_classification.py:1561: UserWarning: Note that pos_label (set to 'Yes') is ignored when average != 'binary' (got 'weighted'). You may use labels=[pos_label] to specify a single positive class.
  warnings.warn(

2026-09-16 21:13:42,188:WARNING:c:\Users\laboratorio\AppData\Local\Programs\Python\Python311\Lib\site-packages\sklearn\metrics\_classification.py:1509: UndefinedMetricWarning: Precision is ill-defined and being set to 0.0 in labels with no predicted samples. Use `zero_division` parameter to control this behavior.
  _warn_prf(average, modifier, f"{metric.capitalize()} is", len(result))

2026-09-16 21:13:42,189:WARNING:c:\Users\laboratorio\AppData\Local\Programs\Python\Python311\Lib\site-packages\sklearn\metrics\_classification.py:1561: UserWarning: Note that pos_label (set to 'Yes') is ignored when average != 'binary' (got 'weighted'). You may use labels=[pos_label] to specify a single positive class.
  warnings.warn(

2026-09-16 21:13:42,191:WARNING:c:\Users\laboratorio\AppData\Local\Programs\Python\Python311\Lib\site-packages\sklearn\metrics\_classification.py:1561: UserWarning: Note that pos_label (set to 'Yes') is ignored when average != 'binary' (got 'weighted'). You may use labels=[pos_label] to specify a single positive class.
  warnings.warn(

2026-09-16 21:13:42,192:WARNING:c:\Users\laboratorio\AppData\Local\Programs\Python\Python311\Lib\site-packages\sklearn\metrics\_classification.py:1561: UserWarning: Note that pos_label (set to 'Yes') is ignored when average != 'binary' (got 'weighted'). You may use labels=[pos_label] to specify a single positive class.
  warnings.warn(

2026-09-16 21:13:42,194:WARNING:c:\Users\laboratorio\AppData\Local\Programs\Python\Python311\Lib\site-packages\sklearn\metrics\_classification.py:1561: UserWarning: Note that pos_label (set to 'Yes') is ignored when average != 'binary' (got 'weighted'). You may use labels=[pos_label] to specify a single positive class.
  warnings.warn(

2026-09-16 21:13:42,194:WARNING:c:\Users\laboratorio\AppData\Local\Programs\Python\Python311\Lib\site-packages\sklearn\metrics\_classification.py:1561: UserWarning: Note that pos_label (set to 'Yes') is ignored when average != 'binary' (got 'weighted'). You may use labels=[pos_label] to specify a single positive class.
  warnings.warn(

2026-09-16 21:13:42,195:WARNING:c:\Users\laboratorio\AppData\Local\Programs\Python\Python311\Lib\site-packages\sklearn\metrics\_classification.py:1509: UndefinedMetricWarning: Precision is ill-defined and being set to 0.0 in labels with no predicted samples. Use `zero_division` parameter to control this behavior.
  _warn_prf(average, modifier, f"{metric.capitalize()} is", len(result))

2026-09-16 21:13:42,195:WARNING:c:\Users\laboratorio\AppData\Local\Programs\Python\Python311\Lib\site-packages\sklearn\metrics\_classification.py:1509: UndefinedMetricWarning: Precision is ill-defined and being set to 0.0 in labels with no predicted samples. Use `zero_division` parameter to control this behavior.
  _warn_prf(average, modifier, f"{metric.capitalize()} is", len(result))

2026-09-16 21:13:42,197:WARNING:c:\Users\laboratorio\AppData\Local\Programs\Python\Python311\Lib\site-packages\sklearn\metrics\_classification.py:1561: UserWarning: Note that pos_label (set to 'Yes') is ignored when average != 'binary' (got 'weighted'). You may use labels=[pos_label] to specify a single positive class.
  warnings.warn(

2026-09-16 21:13:42,197:WARNING:c:\Users\laboratorio\AppData\Local\Programs\Python\Python311\Lib\site-packages\sklearn\metrics\_classification.py:1561: UserWarning: Note that pos_label (set to 'Yes') is ignored when average != 'binary' (got 'weighted'). You may use labels=[pos_label] to specify a single positive class.
  warnings.warn(

2026-09-16 21:13:42,197:WARNING:c:\Users\laboratorio\AppData\Local\Programs\Python\Python311\Lib\site-packages\sklearn\metrics\_classification.py:1561: UserWarning: Note that pos_label (set to 'Yes') is ignored when average != 'binary' (got 'weighted'). You may use labels=[pos_label] to specify a single positive class.
  warnings.warn(

2026-09-16 21:13:42,200:WARNING:c:\Users\laboratorio\AppData\Local\Programs\Python\Python311\Lib\site-packages\sklearn\metrics\_classification.py:1561: UserWarning: Note that pos_label (set to 'Yes') is ignored when average != 'binary' (got 'weighted'). You may use labels=[pos_label] to specify a single positive class.
  warnings.warn(

2026-09-16 21:13:42,201:WARNING:c:\Users\laboratorio\AppData\Local\Programs\Python\Python311\Lib\site-packages\sklearn\metrics\_classification.py:1509: UndefinedMetricWarning: Precision is ill-defined and being set to 0.0 in labels with no predicted samples. Use `zero_division` parameter to control this behavior.
  _warn_prf(average, modifier, f"{metric.capitalize()} is", len(result))

2026-09-16 21:13:42,203:WARNING:c:\Users\laboratorio\AppData\Local\Programs\Python\Python311\Lib\site-packages\sklearn\metrics\_classification.py:1561: UserWarning: Note that pos_label (set to 'Yes') is ignored when average != 'binary' (got 'weighted'). You may use labels=[pos_label] to specify a single positive class.
  warnings.warn(

2026-09-16 21:13:42,221:WARNING:c:\Users\laboratorio\AppData\Local\Programs\Python\Python311\Lib\site-packages\sklearn\metrics\_classification.py:1561: UserWarning: Note that pos_label (set to 'Yes') is ignored when average != 'binary' (got 'weighted'). You may use labels=[pos_label] to specify a single positive class.
  warnings.warn(

2026-09-16 21:13:42,223:WARNING:c:\Users\laboratorio\AppData\Local\Programs\Python\Python311\Lib\site-packages\sklearn\metrics\_classification.py:1561: UserWarning: Note that pos_label (set to 'Yes') is ignored when average != 'binary' (got 'weighted'). You may use labels=[pos_label] to specify a single positive class.
  warnings.warn(

2026-09-16 21:13:42,223:WARNING:c:\Users\laboratorio\AppData\Local\Programs\Python\Python311\Lib\site-packages\sklearn\metrics\_classification.py:1561: UserWarning: Note that pos_label (set to 'Yes') is ignored when average != 'binary' (got 'weighted'). You may use labels=[pos_label] to specify a single positive class.
  warnings.warn(

2026-09-16 21:13:42,225:WARNING:c:\Users\laboratorio\AppData\Local\Programs\Python\Python311\Lib\site-packages\sklearn\metrics\_classification.py:1509: UndefinedMetricWarning: Precision is ill-defined and being set to 0.0 in labels with no predicted samples. Use `zero_division` parameter to control this behavior.
  _warn_prf(average, modifier, f"{metric.capitalize()} is", len(result))

2026-09-16 21:13:42,226:WARNING:c:\Users\laboratorio\AppData\Local\Programs\Python\Python311\Lib\site-packages\sklearn\metrics\_classification.py:1561: UserWarning: Note that pos_label (set to 'Yes') is ignored when average != 'binary' (got 'weighted'). You may use labels=[pos_label] to specify a single positive class.
  warnings.warn(

2026-09-16 21:13:42,226:WARNING:c:\Users\laboratorio\AppData\Local\Programs\Python\Python311\Lib\site-packages\sklearn\metrics\_classification.py:1561: UserWarning: Note that pos_label (set to 'Yes') is ignored when average != 'binary' (got 'weighted'). You may use labels=[pos_label] to specify a single positive class.
  warnings.warn(

2026-09-16 21:13:42,226:WARNING:c:\Users\laboratorio\AppData\Local\Programs\Python\Python311\Lib\site-packages\sklearn\metrics\_classification.py:1509: UndefinedMetricWarning: Precision is ill-defined and being set to 0.0 in labels with no predicted samples. Use `zero_division` parameter to control this behavior.
  _warn_prf(average, modifier, f"{metric.capitalize()} is", len(result))

2026-09-16 21:13:42,228:WARNING:c:\Users\laboratorio\AppData\Local\Programs\Python\Python311\Lib\site-packages\sklearn\metrics\_classification.py:1561: UserWarning: Note that pos_label (set to 'Yes') is ignored when average != 'binary' (got 'weighted'). You may use labels=[pos_label] to specify a single positive class.
  warnings.warn(

2026-09-16 21:13:42,230:WARNING:c:\Users\laboratorio\AppData\Local\Programs\Python\Python311\Lib\site-packages\sklearn\metrics\_classification.py:1561: UserWarning: Note that pos_label (set to 'Yes') is ignored when average != 'binary' (got 'weighted'). You may use labels=[pos_label] to specify a single positive class.
  warnings.warn(

2026-09-16 21:13:42,230:WARNING:c:\Users\laboratorio\AppData\Local\Programs\Python\Python311\Lib\site-packages\sklearn\metrics\_classification.py:1561: UserWarning: Note that pos_label (set to 'Yes') is ignored when average != 'binary' (got 'weighted'). You may use labels=[pos_label] to specify a single positive class.
  warnings.warn(

2026-09-16 21:13:42,239:WARNING:c:\Users\laboratorio\AppData\Local\Programs\Python\Python311\Lib\site-packages\sklearn\metrics\_classification.py:1561: UserWarning: Note that pos_label (set to 'Yes') is ignored when average != 'binary' (got 'weighted'). You may use labels=[pos_label] to specify a single positive class.
  warnings.warn(

2026-09-16 21:13:42,239:WARNING:c:\Users\laboratorio\AppData\Local\Programs\Python\Python311\Lib\site-packages\sklearn\metrics\_classification.py:1561: UserWarning: Note that pos_label (set to 'Yes') is ignored when average != 'binary' (got 'weighted'). You may use labels=[pos_label] to specify a single positive class.
  warnings.warn(

2026-09-16 21:13:42,240:WARNING:c:\Users\laboratorio\AppData\Local\Programs\Python\Python311\Lib\site-packages\sklearn\metrics\_classification.py:1509: UndefinedMetricWarning: Precision is ill-defined and being set to 0.0 in labels with no predicted samples. Use `zero_division` parameter to control this behavior.
  _warn_prf(average, modifier, f"{metric.capitalize()} is", len(result))

2026-09-16 21:13:42,240:WARNING:c:\Users\laboratorio\AppData\Local\Programs\Python\Python311\Lib\site-packages\sklearn\metrics\_classification.py:1509: UndefinedMetricWarning: Precision is ill-defined and being set to 0.0 in labels with no predicted samples. Use `zero_division` parameter to control this behavior.
  _warn_prf(average, modifier, f"{metric.capitalize()} is", len(result))

2026-09-16 21:13:42,240:WARNING:c:\Users\laboratorio\AppData\Local\Programs\Python\Python311\Lib\site-packages\sklearn\metrics\_classification.py:1561: UserWarning: Note that pos_label (set to 'Yes') is ignored when average != 'binary' (got 'weighted'). You may use labels=[pos_label] to specify a single positive class.
  warnings.warn(

2026-09-16 21:13:42,241:WARNING:c:\Users\laboratorio\AppData\Local\Programs\Python\Python311\Lib\site-packages\sklearn\metrics\_classification.py:1561: UserWarning: Note that pos_label (set to 'Yes') is ignored when average != 'binary' (got 'weighted'). You may use labels=[pos_label] to specify a single positive class.
  warnings.warn(

2026-09-16 21:13:42,244:WARNING:c:\Users\laboratorio\AppData\Local\Programs\Python\Python311\Lib\site-packages\sklearn\metrics\_classification.py:1561: UserWarning: Note that pos_label (set to 'Yes') is ignored when average != 'binary' (got 'weighted'). You may use labels=[pos_label] to specify a single positive class.
  warnings.warn(

2026-09-16 21:13:42,247:WARNING:c:\Users\laboratorio\AppData\Local\Programs\Python\Python311\Lib\site-packages\sklearn\metrics\_classification.py:1561: UserWarning: Note that pos_label (set to 'Yes') is ignored when average != 'binary' (got 'weighted'). You may use labels=[pos_label] to specify a single positive class.
  warnings.warn(

2026-09-16 21:13:42,248:WARNING:c:\Users\laboratorio\AppData\Local\Programs\Python\Python311\Lib\site-packages\sklearn\metrics\_classification.py:1509: UndefinedMetricWarning: Precision is ill-defined and being set to 0.0 in labels with no predicted samples. Use `zero_division` parameter to control this behavior.
  _warn_prf(average, modifier, f"{metric.capitalize()} is", len(result))

2026-09-16 21:13:42,249:WARNING:c:\Users\laboratorio\AppData\Local\Programs\Python\Python311\Lib\site-packages\sklearn\metrics\_classification.py:1561: UserWarning: Note that pos_label (set to 'Yes') is ignored when average != 'binary' (got 'weighted'). You may use labels=[pos_label] to specify a single positive class.
  warnings.warn(

2026-09-16 21:13:42,251:WARNING:c:\Users\laboratorio\AppData\Local\Programs\Python\Python311\Lib\site-packages\sklearn\metrics\_classification.py:1561: UserWarning: Note that pos_label (set to 'Yes') is ignored when average != 'binary' (got 'weighted'). You may use labels=[pos_label] to specify a single positive class.
  warnings.warn(

2026-09-16 21:13:42,253:WARNING:c:\Users\laboratorio\AppData\Local\Programs\Python\Python311\Lib\site-packages\sklearn\metrics\_classification.py:1561: UserWarning: Note that pos_label (set to 'Yes') is ignored when average != 'binary' (got 'weighted'). You may use labels=[pos_label] to specify a single positive class.
  warnings.warn(

2026-09-16 21:13:42,254:WARNING:c:\Users\laboratorio\AppData\Local\Programs\Python\Python311\Lib\site-packages\sklearn\metrics\_classification.py:1509: UndefinedMetricWarning: Precision is ill-defined and being set to 0.0 in labels with no predicted samples. Use `zero_division` parameter to control this behavior.
  _warn_prf(average, modifier, f"{metric.capitalize()} is", len(result))

2026-09-16 21:13:42,255:WARNING:c:\Users\laboratorio\AppData\Local\Programs\Python\Python311\Lib\site-packages\sklearn\metrics\_classification.py:1561: UserWarning: Note that pos_label (set to 'Yes') is ignored when average != 'binary' (got 'weighted'). You may use labels=[pos_label] to specify a single positive class.
  warnings.warn(

2026-09-16 21:13:42,261:INFO:Calculating mean and std
2026-09-16 21:13:42,261:INFO:Creating metrics dataframe
2026-09-16 21:13:42,261:INFO:Uploading results into container
2026-09-16 21:13:42,261:INFO:Uploading model into container now
2026-09-16 21:13:42,261:INFO:_master_model_container: 3
2026-09-16 21:13:42,261:INFO:_display_container: 2
2026-09-16 21:13:42,261:INFO:GaussianNB(priors=None, var_smoothing=1e-09)
2026-09-16 21:13:42,261:INFO:create_model() successfully completed......................................
2026-09-16 21:13:42,322:INFO:SubProcess create_model() end ==================================
2026-09-16 21:13:42,322:INFO:Creating metrics dataframe
2026-09-16 21:13:42,326:INFO:Initializing Decision Tree Classifier
2026-09-16 21:13:42,326:INFO:Total runtime is 0.10780738592147826 minutes
2026-09-16 21:13:42,326:INFO:SubProcess create_model() called ==================================
2026-09-16 21:13:42,326:INFO:Initializing create_model()
2026-09-16 21:13:42,326:INFO:create_model(self=<pycaret.classification.oop.ClassificationExperiment object at 0x0000015898901CD0>, estimator=dt, fold=StratifiedKFold(n_splits=10, random_state=None, shuffle=False), round=4, cross_validation=True, predict=True, fit_kwargs={}, groups=None, refit=False, probability_threshold=None, experiment_custom_tags=None, verbose=False, system=False, add_to_model_list=True, metrics=None, display=<pycaret.internal.display.display.CommonDisplay object at 0x000001589A662590>, model_only=True, return_train_score=False, error_score=0.0, kwargs={})
2026-09-16 21:13:42,326:INFO:Checking exceptions
2026-09-16 21:13:42,326:INFO:Importing libraries
2026-09-16 21:13:42,326:INFO:Copying training dataset
2026-09-16 21:13:42,326:INFO:Defining folds
2026-09-16 21:13:42,326:INFO:Declaring metric variables
2026-09-16 21:13:42,326:INFO:Importing untrained model
2026-09-16 21:13:42,336:INFO:Decision Tree Classifier Imported successfully
2026-09-16 21:13:42,339:INFO:Starting cross validation
2026-09-16 21:13:42,341:INFO:Cross validating with StratifiedKFold(n_splits=10, random_state=None, shuffle=False), n_jobs=-1
2026-09-16 21:13:42,606:WARNING:c:\Users\laboratorio\AppData\Local\Programs\Python\Python311\Lib\site-packages\sklearn\metrics\_classification.py:1561: UserWarning: Note that pos_label (set to 'Yes') is ignored when average != 'binary' (got 'weighted'). You may use labels=[pos_label] to specify a single positive class.
  warnings.warn(

2026-09-16 21:13:42,613:WARNING:c:\Users\laboratorio\AppData\Local\Programs\Python\Python311\Lib\site-packages\sklearn\metrics\_classification.py:1561: UserWarning: Note that pos_label (set to 'Yes') is ignored when average != 'binary' (got 'weighted'). You may use labels=[pos_label] to specify a single positive class.
  warnings.warn(

2026-09-16 21:13:42,615:WARNING:c:\Users\laboratorio\AppData\Local\Programs\Python\Python311\Lib\site-packages\sklearn\metrics\_classification.py:1509: UndefinedMetricWarning: Precision is ill-defined and being set to 0.0 in labels with no predicted samples. Use `zero_division` parameter to control this behavior.
  _warn_prf(average, modifier, f"{metric.capitalize()} is", len(result))

2026-09-16 21:13:42,617:WARNING:c:\Users\laboratorio\AppData\Local\Programs\Python\Python311\Lib\site-packages\sklearn\metrics\_classification.py:1561: UserWarning: Note that pos_label (set to 'Yes') is ignored when average != 'binary' (got 'weighted'). You may use labels=[pos_label] to specify a single positive class.
  warnings.warn(

2026-09-16 21:13:42,619:WARNING:c:\Users\laboratorio\AppData\Local\Programs\Python\Python311\Lib\site-packages\sklearn\metrics\_classification.py:1561: UserWarning: Note that pos_label (set to 'Yes') is ignored when average != 'binary' (got 'weighted'). You may use labels=[pos_label] to specify a single positive class.
  warnings.warn(

2026-09-16 21:13:42,622:WARNING:c:\Users\laboratorio\AppData\Local\Programs\Python\Python311\Lib\site-packages\sklearn\metrics\_classification.py:1561: UserWarning: Note that pos_label (set to 'Yes') is ignored when average != 'binary' (got 'weighted'). You may use labels=[pos_label] to specify a single positive class.
  warnings.warn(

2026-09-16 21:13:42,623:WARNING:c:\Users\laboratorio\AppData\Local\Programs\Python\Python311\Lib\site-packages\sklearn\metrics\_classification.py:1561: UserWarning: Note that pos_label (set to 'Yes') is ignored when average != 'binary' (got 'weighted'). You may use labels=[pos_label] to specify a single positive class.
  warnings.warn(

2026-09-16 21:13:42,623:WARNING:c:\Users\laboratorio\AppData\Local\Programs\Python\Python311\Lib\site-packages\sklearn\metrics\_classification.py:1509: UndefinedMetricWarning: Precision is ill-defined and being set to 0.0 in labels with no predicted samples. Use `zero_division` parameter to control this behavior.
  _warn_prf(average, modifier, f"{metric.capitalize()} is", len(result))

2026-09-16 21:13:42,623:WARNING:c:\Users\laboratorio\AppData\Local\Programs\Python\Python311\Lib\site-packages\sklearn\metrics\_classification.py:1561: UserWarning: Note that pos_label (set to 'Yes') is ignored when average != 'binary' (got 'weighted'). You may use labels=[pos_label] to specify a single positive class.
  warnings.warn(

2026-09-16 21:13:42,625:WARNING:c:\Users\laboratorio\AppData\Local\Programs\Python\Python311\Lib\site-packages\sklearn\metrics\_classification.py:1561: UserWarning: Note that pos_label (set to 'Yes') is ignored when average != 'binary' (got 'weighted'). You may use labels=[pos_label] to specify a single positive class.
  warnings.warn(

2026-09-16 21:13:42,625:WARNING:c:\Users\laboratorio\AppData\Local\Programs\Python\Python311\Lib\site-packages\sklearn\metrics\_classification.py:1561: UserWarning: Note that pos_label (set to 'Yes') is ignored when average != 'binary' (got 'weighted'). You may use labels=[pos_label] to specify a single positive class.
  warnings.warn(

2026-09-16 21:13:42,627:WARNING:c:\Users\laboratorio\AppData\Local\Programs\Python\Python311\Lib\site-packages\sklearn\metrics\_classification.py:1561: UserWarning: Note that pos_label (set to 'Yes') is ignored when average != 'binary' (got 'weighted'). You may use labels=[pos_label] to specify a single positive class.
  warnings.warn(

2026-09-16 21:13:42,627:WARNING:c:\Users\laboratorio\AppData\Local\Programs\Python\Python311\Lib\site-packages\sklearn\metrics\_classification.py:1561: UserWarning: Note that pos_label (set to 'Yes') is ignored when average != 'binary' (got 'weighted'). You may use labels=[pos_label] to specify a single positive class.
  warnings.warn(

2026-09-16 21:13:42,627:WARNING:c:\Users\laboratorio\AppData\Local\Programs\Python\Python311\Lib\site-packages\sklearn\metrics\_classification.py:1509: UndefinedMetricWarning: Precision is ill-defined and being set to 0.0 in labels with no predicted samples. Use `zero_division` parameter to control this behavior.
  _warn_prf(average, modifier, f"{metric.capitalize()} is", len(result))

2026-09-16 21:13:42,627:WARNING:c:\Users\laboratorio\AppData\Local\Programs\Python\Python311\Lib\site-packages\sklearn\metrics\_classification.py:1509: UndefinedMetricWarning: Precision is ill-defined and being set to 0.0 in labels with no predicted samples. Use `zero_division` parameter to control this behavior.
  _warn_prf(average, modifier, f"{metric.capitalize()} is", len(result))

2026-09-16 21:13:42,629:WARNING:c:\Users\laboratorio\AppData\Local\Programs\Python\Python311\Lib\site-packages\sklearn\metrics\_classification.py:1561: UserWarning: Note that pos_label (set to 'Yes') is ignored when average != 'binary' (got 'weighted'). You may use labels=[pos_label] to specify a single positive class.
  warnings.warn(

2026-09-16 21:13:42,629:WARNING:c:\Users\laboratorio\AppData\Local\Programs\Python\Python311\Lib\site-packages\sklearn\metrics\_classification.py:1561: UserWarning: Note that pos_label (set to 'Yes') is ignored when average != 'binary' (got 'weighted'). You may use labels=[pos_label] to specify a single positive class.
  warnings.warn(

2026-09-16 21:13:42,629:WARNING:c:\Users\laboratorio\AppData\Local\Programs\Python\Python311\Lib\site-packages\sklearn\metrics\_classification.py:1561: UserWarning: Note that pos_label (set to 'Yes') is ignored when average != 'binary' (got 'weighted'). You may use labels=[pos_label] to specify a single positive class.
  warnings.warn(

2026-09-16 21:13:42,629:WARNING:c:\Users\laboratorio\AppData\Local\Programs\Python\Python311\Lib\site-packages\sklearn\metrics\_classification.py:1561: UserWarning: Note that pos_label (set to 'Yes') is ignored when average != 'binary' (got 'weighted'). You may use labels=[pos_label] to specify a single positive class.
  warnings.warn(

2026-09-16 21:13:42,631:WARNING:c:\Users\laboratorio\AppData\Local\Programs\Python\Python311\Lib\site-packages\sklearn\metrics\_classification.py:1561: UserWarning: Note that pos_label (set to 'Yes') is ignored when average != 'binary' (got 'weighted'). You may use labels=[pos_label] to specify a single positive class.
  warnings.warn(

2026-09-16 21:13:42,631:WARNING:c:\Users\laboratorio\AppData\Local\Programs\Python\Python311\Lib\site-packages\sklearn\metrics\_classification.py:1509: UndefinedMetricWarning: Precision is ill-defined and being set to 0.0 in labels with no predicted samples. Use `zero_division` parameter to control this behavior.
  _warn_prf(average, modifier, f"{metric.capitalize()} is", len(result))

2026-09-16 21:13:42,631:WARNING:c:\Users\laboratorio\AppData\Local\Programs\Python\Python311\Lib\site-packages\sklearn\metrics\_classification.py:1509: UndefinedMetricWarning: Precision is ill-defined and being set to 0.0 in labels with no predicted samples. Use `zero_division` parameter to control this behavior.
  _warn_prf(average, modifier, f"{metric.capitalize()} is", len(result))

2026-09-16 21:13:42,633:WARNING:c:\Users\laboratorio\AppData\Local\Programs\Python\Python311\Lib\site-packages\sklearn\metrics\_classification.py:1561: UserWarning: Note that pos_label (set to 'Yes') is ignored when average != 'binary' (got 'weighted'). You may use labels=[pos_label] to specify a single positive class.
  warnings.warn(

2026-09-16 21:13:42,633:WARNING:c:\Users\laboratorio\AppData\Local\Programs\Python\Python311\Lib\site-packages\sklearn\metrics\_classification.py:1561: UserWarning: Note that pos_label (set to 'Yes') is ignored when average != 'binary' (got 'weighted'). You may use labels=[pos_label] to specify a single positive class.
  warnings.warn(

2026-09-16 21:13:42,639:WARNING:c:\Users\laboratorio\AppData\Local\Programs\Python\Python311\Lib\site-packages\sklearn\metrics\_classification.py:1561: UserWarning: Note that pos_label (set to 'Yes') is ignored when average != 'binary' (got 'weighted'). You may use labels=[pos_label] to specify a single positive class.
  warnings.warn(

2026-09-16 21:13:42,642:WARNING:c:\Users\laboratorio\AppData\Local\Programs\Python\Python311\Lib\site-packages\sklearn\metrics\_classification.py:1561: UserWarning: Note that pos_label (set to 'Yes') is ignored when average != 'binary' (got 'weighted'). You may use labels=[pos_label] to specify a single positive class.
  warnings.warn(

2026-09-16 21:13:42,642:WARNING:c:\Users\laboratorio\AppData\Local\Programs\Python\Python311\Lib\site-packages\sklearn\metrics\_classification.py:1509: UndefinedMetricWarning: Precision is ill-defined and being set to 0.0 in labels with no predicted samples. Use `zero_division` parameter to control this behavior.
  _warn_prf(average, modifier, f"{metric.capitalize()} is", len(result))

2026-09-16 21:13:42,643:WARNING:c:\Users\laboratorio\AppData\Local\Programs\Python\Python311\Lib\site-packages\sklearn\metrics\_classification.py:1561: UserWarning: Note that pos_label (set to 'Yes') is ignored when average != 'binary' (got 'weighted'). You may use labels=[pos_label] to specify a single positive class.
  warnings.warn(

2026-09-16 21:13:42,643:WARNING:c:\Users\laboratorio\AppData\Local\Programs\Python\Python311\Lib\site-packages\sklearn\metrics\_classification.py:1561: UserWarning: Note that pos_label (set to 'Yes') is ignored when average != 'binary' (got 'weighted'). You may use labels=[pos_label] to specify a single positive class.
  warnings.warn(

2026-09-16 21:13:42,644:WARNING:c:\Users\laboratorio\AppData\Local\Programs\Python\Python311\Lib\site-packages\sklearn\metrics\_classification.py:1561: UserWarning: Note that pos_label (set to 'Yes') is ignored when average != 'binary' (got 'weighted'). You may use labels=[pos_label] to specify a single positive class.
  warnings.warn(

2026-09-16 21:13:42,644:WARNING:c:\Users\laboratorio\AppData\Local\Programs\Python\Python311\Lib\site-packages\sklearn\metrics\_classification.py:1561: UserWarning: Note that pos_label (set to 'Yes') is ignored when average != 'binary' (got 'weighted'). You may use labels=[pos_label] to specify a single positive class.
  warnings.warn(

2026-09-16 21:13:42,646:WARNING:c:\Users\laboratorio\AppData\Local\Programs\Python\Python311\Lib\site-packages\sklearn\metrics\_classification.py:1561: UserWarning: Note that pos_label (set to 'Yes') is ignored when average != 'binary' (got 'weighted'). You may use labels=[pos_label] to specify a single positive class.
  warnings.warn(

2026-09-16 21:13:42,646:WARNING:c:\Users\laboratorio\AppData\Local\Programs\Python\Python311\Lib\site-packages\sklearn\metrics\_classification.py:1561: UserWarning: Note that pos_label (set to 'Yes') is ignored when average != 'binary' (got 'weighted'). You may use labels=[pos_label] to specify a single positive class.
  warnings.warn(

2026-09-16 21:13:42,646:WARNING:c:\Users\laboratorio\AppData\Local\Programs\Python\Python311\Lib\site-packages\sklearn\metrics\_classification.py:1561: UserWarning: Note that pos_label (set to 'Yes') is ignored when average != 'binary' (got 'weighted'). You may use labels=[pos_label] to specify a single positive class.
  warnings.warn(

2026-09-16 21:13:42,647:WARNING:c:\Users\laboratorio\AppData\Local\Programs\Python\Python311\Lib\site-packages\sklearn\metrics\_classification.py:1509: UndefinedMetricWarning: Precision is ill-defined and being set to 0.0 in labels with no predicted samples. Use `zero_division` parameter to control this behavior.
  _warn_prf(average, modifier, f"{metric.capitalize()} is", len(result))

2026-09-16 21:13:42,647:WARNING:c:\Users\laboratorio\AppData\Local\Programs\Python\Python311\Lib\site-packages\sklearn\metrics\_classification.py:1509: UndefinedMetricWarning: Precision is ill-defined and being set to 0.0 in labels with no predicted samples. Use `zero_division` parameter to control this behavior.
  _warn_prf(average, modifier, f"{metric.capitalize()} is", len(result))

2026-09-16 21:13:42,648:WARNING:c:\Users\laboratorio\AppData\Local\Programs\Python\Python311\Lib\site-packages\sklearn\metrics\_classification.py:1509: UndefinedMetricWarning: Precision is ill-defined and being set to 0.0 in labels with no predicted samples. Use `zero_division` parameter to control this behavior.
  _warn_prf(average, modifier, f"{metric.capitalize()} is", len(result))

2026-09-16 21:13:42,648:WARNING:c:\Users\laboratorio\AppData\Local\Programs\Python\Python311\Lib\site-packages\sklearn\metrics\_classification.py:1561: UserWarning: Note that pos_label (set to 'Yes') is ignored when average != 'binary' (got 'weighted'). You may use labels=[pos_label] to specify a single positive class.
  warnings.warn(

2026-09-16 21:13:42,648:WARNING:c:\Users\laboratorio\AppData\Local\Programs\Python\Python311\Lib\site-packages\sklearn\metrics\_classification.py:1561: UserWarning: Note that pos_label (set to 'Yes') is ignored when average != 'binary' (got 'weighted'). You may use labels=[pos_label] to specify a single positive class.
  warnings.warn(

2026-09-16 21:13:42,649:WARNING:c:\Users\laboratorio\AppData\Local\Programs\Python\Python311\Lib\site-packages\sklearn\metrics\_classification.py:1561: UserWarning: Note that pos_label (set to 'Yes') is ignored when average != 'binary' (got 'weighted'). You may use labels=[pos_label] to specify a single positive class.
  warnings.warn(

2026-09-16 21:13:42,654:INFO:Calculating mean and std
2026-09-16 21:13:42,655:INFO:Creating metrics dataframe
2026-09-16 21:13:42,656:INFO:Uploading results into container
2026-09-16 21:13:42,656:INFO:Uploading model into container now
2026-09-16 21:13:42,656:INFO:_master_model_container: 4
2026-09-16 21:13:42,656:INFO:_display_container: 2
2026-09-16 21:13:42,656:INFO:DecisionTreeClassifier(ccp_alpha=0.0, class_weight=None, criterion='gini',
                       max_depth=None, max_features=None, max_leaf_nodes=None,
                       min_impurity_decrease=0.0, min_samples_leaf=1,
                       min_samples_split=2, min_weight_fraction_leaf=0.0,
                       monotonic_cst=None, random_state=123, splitter='best')
2026-09-16 21:13:42,656:INFO:create_model() successfully completed......................................
2026-09-16 21:13:42,714:INFO:SubProcess create_model() end ==================================
2026-09-16 21:13:42,714:INFO:Creating metrics dataframe
2026-09-16 21:13:42,718:INFO:Initializing SVM - Linear Kernel
2026-09-16 21:13:42,718:INFO:Total runtime is 0.11434730688730875 minutes
2026-09-16 21:13:42,719:INFO:SubProcess create_model() called ==================================
2026-09-16 21:13:42,719:INFO:Initializing create_model()
2026-09-16 21:13:42,719:INFO:create_model(self=<pycaret.classification.oop.ClassificationExperiment object at 0x0000015898901CD0>, estimator=svm, fold=StratifiedKFold(n_splits=10, random_state=None, shuffle=False), round=4, cross_validation=True, predict=True, fit_kwargs={}, groups=None, refit=False, probability_threshold=None, experiment_custom_tags=None, verbose=False, system=False, add_to_model_list=True, metrics=None, display=<pycaret.internal.display.display.CommonDisplay object at 0x000001589A662590>, model_only=True, return_train_score=False, error_score=0.0, kwargs={})
2026-09-16 21:13:42,719:INFO:Checking exceptions
2026-09-16 21:13:42,720:INFO:Importing libraries
2026-09-16 21:13:42,720:INFO:Copying training dataset
2026-09-16 21:13:42,722:INFO:Defining folds
2026-09-16 21:13:42,722:INFO:Declaring metric variables
2026-09-16 21:13:42,722:INFO:Importing untrained model
2026-09-16 21:13:42,722:INFO:SVM - Linear Kernel Imported successfully
2026-09-16 21:13:42,722:INFO:Starting cross validation
2026-09-16 21:13:42,731:INFO:Cross validating with StratifiedKFold(n_splits=10, random_state=None, shuffle=False), n_jobs=-1
2026-09-16 21:13:42,978:WARNING:c:\Users\laboratorio\AppData\Local\Programs\Python\Python311\Lib\site-packages\sklearn\metrics\_classification.py:1561: UserWarning: Note that pos_label (set to 'Yes') is ignored when average != 'binary' (got 'weighted'). You may use labels=[pos_label] to specify a single positive class.
  warnings.warn(

2026-09-16 21:13:42,978:WARNING:c:\Users\laboratorio\AppData\Local\Programs\Python\Python311\Lib\site-packages\sklearn\metrics\_classification.py:1561: UserWarning: Note that pos_label (set to 'Yes') is ignored when average != 'binary' (got 'weighted'). You may use labels=[pos_label] to specify a single positive class.
  warnings.warn(

2026-09-16 21:13:42,983:WARNING:c:\Users\laboratorio\AppData\Local\Programs\Python\Python311\Lib\site-packages\sklearn\metrics\_classification.py:1561: UserWarning: Note that pos_label (set to 'Yes') is ignored when average != 'binary' (got 'weighted'). You may use labels=[pos_label] to specify a single positive class.
  warnings.warn(

2026-09-16 21:13:43,004:WARNING:c:\Users\laboratorio\AppData\Local\Programs\Python\Python311\Lib\site-packages\sklearn\metrics\_classification.py:1561: UserWarning: Note that pos_label (set to 'Yes') is ignored when average != 'binary' (got 'weighted'). You may use labels=[pos_label] to specify a single positive class.
  warnings.warn(

2026-09-16 21:13:43,006:WARNING:c:\Users\laboratorio\AppData\Local\Programs\Python\Python311\Lib\site-packages\sklearn\metrics\_classification.py:1561: UserWarning: Note that pos_label (set to 'Yes') is ignored when average != 'binary' (got 'weighted'). You may use labels=[pos_label] to specify a single positive class.
  warnings.warn(

2026-09-16 21:13:43,008:WARNING:c:\Users\laboratorio\AppData\Local\Programs\Python\Python311\Lib\site-packages\sklearn\metrics\_classification.py:1561: UserWarning: Note that pos_label (set to 'Yes') is ignored when average != 'binary' (got 'weighted'). You may use labels=[pos_label] to specify a single positive class.
  warnings.warn(

2026-09-16 21:13:43,018:WARNING:c:\Users\laboratorio\AppData\Local\Programs\Python\Python311\Lib\site-packages\sklearn\metrics\_classification.py:1561: UserWarning: Note that pos_label (set to 'Yes') is ignored when average != 'binary' (got 'weighted'). You may use labels=[pos_label] to specify a single positive class.
  warnings.warn(

2026-09-16 21:13:43,021:WARNING:c:\Users\laboratorio\AppData\Local\Programs\Python\Python311\Lib\site-packages\sklearn\metrics\_classification.py:1561: UserWarning: Note that pos_label (set to 'Yes') is ignored when average != 'binary' (got 'weighted'). You may use labels=[pos_label] to specify a single positive class.
  warnings.warn(

2026-09-16 21:13:43,023:WARNING:c:\Users\laboratorio\AppData\Local\Programs\Python\Python311\Lib\site-packages\sklearn\metrics\_classification.py:1561: UserWarning: Note that pos_label (set to 'Yes') is ignored when average != 'binary' (got 'weighted'). You may use labels=[pos_label] to specify a single positive class.
  warnings.warn(

2026-09-16 21:13:43,023:WARNING:c:\Users\laboratorio\AppData\Local\Programs\Python\Python311\Lib\site-packages\sklearn\metrics\_classification.py:1561: UserWarning: Note that pos_label (set to 'Yes') is ignored when average != 'binary' (got 'weighted'). You may use labels=[pos_label] to specify a single positive class.
  warnings.warn(

2026-09-16 21:13:43,025:WARNING:c:\Users\laboratorio\AppData\Local\Programs\Python\Python311\Lib\site-packages\sklearn\metrics\_classification.py:1561: UserWarning: Note that pos_label (set to 'Yes') is ignored when average != 'binary' (got 'weighted'). You may use labels=[pos_label] to specify a single positive class.
  warnings.warn(

2026-09-16 21:13:43,027:WARNING:c:\Users\laboratorio\AppData\Local\Programs\Python\Python311\Lib\site-packages\sklearn\metrics\_classification.py:1561: UserWarning: Note that pos_label (set to 'Yes') is ignored when average != 'binary' (got 'weighted'). You may use labels=[pos_label] to specify a single positive class.
  warnings.warn(

2026-09-16 21:13:43,027:WARNING:c:\Users\laboratorio\AppData\Local\Programs\Python\Python311\Lib\site-packages\sklearn\metrics\_classification.py:1561: UserWarning: Note that pos_label (set to 'Yes') is ignored when average != 'binary' (got 'weighted'). You may use labels=[pos_label] to specify a single positive class.
  warnings.warn(

2026-09-16 21:13:43,029:WARNING:c:\Users\laboratorio\AppData\Local\Programs\Python\Python311\Lib\site-packages\sklearn\metrics\_classification.py:1561: UserWarning: Note that pos_label (set to 'Yes') is ignored when average != 'binary' (got 'weighted'). You may use labels=[pos_label] to specify a single positive class.
  warnings.warn(

2026-09-16 21:13:43,031:WARNING:c:\Users\laboratorio\AppData\Local\Programs\Python\Python311\Lib\site-packages\sklearn\metrics\_classification.py:1561: UserWarning: Note that pos_label (set to 'Yes') is ignored when average != 'binary' (got 'weighted'). You may use labels=[pos_label] to specify a single positive class.
  warnings.warn(

2026-09-16 21:13:43,043:WARNING:c:\Users\laboratorio\AppData\Local\Programs\Python\Python311\Lib\site-packages\sklearn\metrics\_classification.py:1561: UserWarning: Note that pos_label (set to 'Yes') is ignored when average != 'binary' (got 'weighted'). You may use labels=[pos_label] to specify a single positive class.
  warnings.warn(

2026-09-16 21:13:43,045:WARNING:c:\Users\laboratorio\AppData\Local\Programs\Python\Python311\Lib\site-packages\sklearn\metrics\_classification.py:1561: UserWarning: Note that pos_label (set to 'Yes') is ignored when average != 'binary' (got 'weighted'). You may use labels=[pos_label] to specify a single positive class.
  warnings.warn(

2026-09-16 21:13:43,045:WARNING:c:\Users\laboratorio\AppData\Local\Programs\Python\Python311\Lib\site-packages\sklearn\metrics\_classification.py:1561: UserWarning: Note that pos_label (set to 'Yes') is ignored when average != 'binary' (got 'weighted'). You may use labels=[pos_label] to specify a single positive class.
  warnings.warn(

2026-09-16 21:13:43,047:WARNING:c:\Users\laboratorio\AppData\Local\Programs\Python\Python311\Lib\site-packages\sklearn\metrics\_classification.py:1561: UserWarning: Note that pos_label (set to 'Yes') is ignored when average != 'binary' (got 'weighted'). You may use labels=[pos_label] to specify a single positive class.
  warnings.warn(

2026-09-16 21:13:43,047:WARNING:c:\Users\laboratorio\AppData\Local\Programs\Python\Python311\Lib\site-packages\sklearn\metrics\_classification.py:1561: UserWarning: Note that pos_label (set to 'Yes') is ignored when average != 'binary' (got 'weighted'). You may use labels=[pos_label] to specify a single positive class.
  warnings.warn(

2026-09-16 21:13:43,049:WARNING:c:\Users\laboratorio\AppData\Local\Programs\Python\Python311\Lib\site-packages\sklearn\metrics\_classification.py:1561: UserWarning: Note that pos_label (set to 'Yes') is ignored when average != 'binary' (got 'weighted'). You may use labels=[pos_label] to specify a single positive class.
  warnings.warn(

2026-09-16 21:13:43,050:WARNING:c:\Users\laboratorio\AppData\Local\Programs\Python\Python311\Lib\site-packages\sklearn\metrics\_classification.py:1561: UserWarning: Note that pos_label (set to 'Yes') is ignored when average != 'binary' (got 'weighted'). You may use labels=[pos_label] to specify a single positive class.
  warnings.warn(

2026-09-16 21:13:43,051:WARNING:c:\Users\laboratorio\AppData\Local\Programs\Python\Python311\Lib\site-packages\sklearn\metrics\_classification.py:1561: UserWarning: Note that pos_label (set to 'Yes') is ignored when average != 'binary' (got 'weighted'). You may use labels=[pos_label] to specify a single positive class.
  warnings.warn(

2026-09-16 21:13:43,054:WARNING:c:\Users\laboratorio\AppData\Local\Programs\Python\Python311\Lib\site-packages\sklearn\metrics\_classification.py:1561: UserWarning: Note that pos_label (set to 'Yes') is ignored when average != 'binary' (got 'weighted'). You may use labels=[pos_label] to specify a single positive class.
  warnings.warn(

2026-09-16 21:13:43,054:WARNING:c:\Users\laboratorio\AppData\Local\Programs\Python\Python311\Lib\site-packages\sklearn\metrics\_classification.py:1561: UserWarning: Note that pos_label (set to 'Yes') is ignored when average != 'binary' (got 'weighted'). You may use labels=[pos_label] to specify a single positive class.
  warnings.warn(

2026-09-16 21:13:43,056:WARNING:c:\Users\laboratorio\AppData\Local\Programs\Python\Python311\Lib\site-packages\sklearn\metrics\_classification.py:1561: UserWarning: Note that pos_label (set to 'Yes') is ignored when average != 'binary' (got 'weighted'). You may use labels=[pos_label] to specify a single positive class.
  warnings.warn(

2026-09-16 21:13:43,056:WARNING:c:\Users\laboratorio\AppData\Local\Programs\Python\Python311\Lib\site-packages\sklearn\metrics\_classification.py:1509: UndefinedMetricWarning: Precision is ill-defined and being set to 0.0 in labels with no predicted samples. Use `zero_division` parameter to control this behavior.
  _warn_prf(average, modifier, f"{metric.capitalize()} is", len(result))

2026-09-16 21:13:43,056:WARNING:c:\Users\laboratorio\AppData\Local\Programs\Python\Python311\Lib\site-packages\sklearn\metrics\_classification.py:1561: UserWarning: Note that pos_label (set to 'Yes') is ignored when average != 'binary' (got 'weighted'). You may use labels=[pos_label] to specify a single positive class.
  warnings.warn(

2026-09-16 21:13:43,078:WARNING:c:\Users\laboratorio\AppData\Local\Programs\Python\Python311\Lib\site-packages\sklearn\metrics\_classification.py:1561: UserWarning: Note that pos_label (set to 'Yes') is ignored when average != 'binary' (got 'weighted'). You may use labels=[pos_label] to specify a single positive class.
  warnings.warn(

2026-09-16 21:13:43,078:WARNING:c:\Users\laboratorio\AppData\Local\Programs\Python\Python311\Lib\site-packages\sklearn\metrics\_classification.py:1561: UserWarning: Note that pos_label (set to 'Yes') is ignored when average != 'binary' (got 'weighted'). You may use labels=[pos_label] to specify a single positive class.
  warnings.warn(

2026-09-16 21:13:43,078:WARNING:c:\Users\laboratorio\AppData\Local\Programs\Python\Python311\Lib\site-packages\sklearn\metrics\_classification.py:1561: UserWarning: Note that pos_label (set to 'Yes') is ignored when average != 'binary' (got 'weighted'). You may use labels=[pos_label] to specify a single positive class.
  warnings.warn(

2026-09-16 21:13:43,094:INFO:Calculating mean and std
2026-09-16 21:13:43,096:INFO:Creating metrics dataframe
2026-09-16 21:13:43,097:INFO:Uploading results into container
2026-09-16 21:13:43,097:INFO:Uploading model into container now
2026-09-16 21:13:43,097:INFO:_master_model_container: 5
2026-09-16 21:13:43,098:INFO:_display_container: 2
2026-09-16 21:13:43,098:INFO:SGDClassifier(alpha=0.0001, average=False, class_weight=None,
              early_stopping=False, epsilon=0.1, eta0=0.001, fit_intercept=True,
              l1_ratio=0.15, learning_rate='optimal', loss='hinge',
              max_iter=1000, n_iter_no_change=5, n_jobs=-1, penalty='l2',
              power_t=0.5, random_state=123, shuffle=True, tol=0.001,
              validation_fraction=0.1, verbose=0, warm_start=False)
2026-09-16 21:13:43,098:INFO:create_model() successfully completed......................................
2026-09-16 21:13:43,155:INFO:SubProcess create_model() end ==================================
2026-09-16 21:13:43,155:INFO:Creating metrics dataframe
2026-09-16 21:13:43,156:INFO:Initializing Ridge Classifier
2026-09-16 21:13:43,156:INFO:Total runtime is 0.12164045572280884 minutes
2026-09-16 21:13:43,156:INFO:SubProcess create_model() called ==================================
2026-09-16 21:13:43,156:INFO:Initializing create_model()
2026-09-16 21:13:43,156:INFO:create_model(self=<pycaret.classification.oop.ClassificationExperiment object at 0x0000015898901CD0>, estimator=ridge, fold=StratifiedKFold(n_splits=10, random_state=None, shuffle=False), round=4, cross_validation=True, predict=True, fit_kwargs={}, groups=None, refit=False, probability_threshold=None, experiment_custom_tags=None, verbose=False, system=False, add_to_model_list=True, metrics=None, display=<pycaret.internal.display.display.CommonDisplay object at 0x000001589A662590>, model_only=True, return_train_score=False, error_score=0.0, kwargs={})
2026-09-16 21:13:43,156:INFO:Checking exceptions
2026-09-16 21:13:43,156:INFO:Importing libraries
2026-09-16 21:13:43,156:INFO:Copying training dataset
2026-09-16 21:13:43,156:INFO:Defining folds
2026-09-16 21:13:43,156:INFO:Declaring metric variables
2026-09-16 21:13:43,156:INFO:Importing untrained model
2026-09-16 21:13:43,156:INFO:Ridge Classifier Imported successfully
2026-09-16 21:13:43,156:INFO:Starting cross validation
2026-09-16 21:13:43,171:INFO:Cross validating with StratifiedKFold(n_splits=10, random_state=None, shuffle=False), n_jobs=-1
2026-09-16 21:13:43,397:WARNING:c:\Users\laboratorio\AppData\Local\Programs\Python\Python311\Lib\site-packages\sklearn\metrics\_classification.py:1561: UserWarning: Note that pos_label (set to 'Yes') is ignored when average != 'binary' (got 'weighted'). You may use labels=[pos_label] to specify a single positive class.
  warnings.warn(

2026-09-16 21:13:43,400:WARNING:c:\Users\laboratorio\AppData\Local\Programs\Python\Python311\Lib\site-packages\sklearn\metrics\_classification.py:1561: UserWarning: Note that pos_label (set to 'Yes') is ignored when average != 'binary' (got 'weighted'). You may use labels=[pos_label] to specify a single positive class.
  warnings.warn(

2026-09-16 21:13:43,402:WARNING:c:\Users\laboratorio\AppData\Local\Programs\Python\Python311\Lib\site-packages\sklearn\metrics\_classification.py:1561: UserWarning: Note that pos_label (set to 'Yes') is ignored when average != 'binary' (got 'weighted'). You may use labels=[pos_label] to specify a single positive class.
  warnings.warn(

2026-09-16 21:13:43,403:WARNING:c:\Users\laboratorio\AppData\Local\Programs\Python\Python311\Lib\site-packages\sklearn\metrics\_classification.py:1561: UserWarning: Note that pos_label (set to 'Yes') is ignored when average != 'binary' (got 'weighted'). You may use labels=[pos_label] to specify a single positive class.
  warnings.warn(

2026-09-16 21:13:43,406:WARNING:c:\Users\laboratorio\AppData\Local\Programs\Python\Python311\Lib\site-packages\sklearn\metrics\_classification.py:1561: UserWarning: Note that pos_label (set to 'Yes') is ignored when average != 'binary' (got 'weighted'). You may use labels=[pos_label] to specify a single positive class.
  warnings.warn(

2026-09-16 21:13:43,425:WARNING:c:\Users\laboratorio\AppData\Local\Programs\Python\Python311\Lib\site-packages\sklearn\metrics\_classification.py:1561: UserWarning: Note that pos_label (set to 'Yes') is ignored when average != 'binary' (got 'weighted'). You may use labels=[pos_label] to specify a single positive class.
  warnings.warn(

2026-09-16 21:13:43,426:WARNING:c:\Users\laboratorio\AppData\Local\Programs\Python\Python311\Lib\site-packages\sklearn\metrics\_classification.py:1561: UserWarning: Note that pos_label (set to 'Yes') is ignored when average != 'binary' (got 'weighted'). You may use labels=[pos_label] to specify a single positive class.
  warnings.warn(

2026-09-16 21:13:43,426:WARNING:c:\Users\laboratorio\AppData\Local\Programs\Python\Python311\Lib\site-packages\sklearn\metrics\_classification.py:1561: UserWarning: Note that pos_label (set to 'Yes') is ignored when average != 'binary' (got 'weighted'). You may use labels=[pos_label] to specify a single positive class.
  warnings.warn(

2026-09-16 21:13:43,426:WARNING:c:\Users\laboratorio\AppData\Local\Programs\Python\Python311\Lib\site-packages\sklearn\metrics\_classification.py:1561: UserWarning: Note that pos_label (set to 'Yes') is ignored when average != 'binary' (got 'weighted'). You may use labels=[pos_label] to specify a single positive class.
  warnings.warn(

2026-09-16 21:13:43,434:WARNING:c:\Users\laboratorio\AppData\Local\Programs\Python\Python311\Lib\site-packages\sklearn\metrics\_classification.py:1561: UserWarning: Note that pos_label (set to 'Yes') is ignored when average != 'binary' (got 'weighted'). You may use labels=[pos_label] to specify a single positive class.
  warnings.warn(

2026-09-16 21:13:43,434:WARNING:c:\Users\laboratorio\AppData\Local\Programs\Python\Python311\Lib\site-packages\sklearn\metrics\_classification.py:1561: UserWarning: Note that pos_label (set to 'Yes') is ignored when average != 'binary' (got 'weighted'). You may use labels=[pos_label] to specify a single positive class.
  warnings.warn(

2026-09-16 21:13:43,450:WARNING:c:\Users\laboratorio\AppData\Local\Programs\Python\Python311\Lib\site-packages\sklearn\metrics\_classification.py:1561: UserWarning: Note that pos_label (set to 'Yes') is ignored when average != 'binary' (got 'weighted'). You may use labels=[pos_label] to specify a single positive class.
  warnings.warn(

2026-09-16 21:13:43,452:WARNING:c:\Users\laboratorio\AppData\Local\Programs\Python\Python311\Lib\site-packages\sklearn\metrics\_classification.py:1561: UserWarning: Note that pos_label (set to 'Yes') is ignored when average != 'binary' (got 'weighted'). You may use labels=[pos_label] to specify a single positive class.
  warnings.warn(

2026-09-16 21:13:43,454:WARNING:c:\Users\laboratorio\AppData\Local\Programs\Python\Python311\Lib\site-packages\sklearn\metrics\_classification.py:1561: UserWarning: Note that pos_label (set to 'Yes') is ignored when average != 'binary' (got 'weighted'). You may use labels=[pos_label] to specify a single positive class.
  warnings.warn(

2026-09-16 21:13:43,455:WARNING:c:\Users\laboratorio\AppData\Local\Programs\Python\Python311\Lib\site-packages\sklearn\metrics\_classification.py:1561: UserWarning: Note that pos_label (set to 'Yes') is ignored when average != 'binary' (got 'weighted'). You may use labels=[pos_label] to specify a single positive class.
  warnings.warn(

2026-09-16 21:13:43,456:WARNING:c:\Users\laboratorio\AppData\Local\Programs\Python\Python311\Lib\site-packages\sklearn\metrics\_classification.py:1561: UserWarning: Note that pos_label (set to 'Yes') is ignored when average != 'binary' (got 'weighted'). You may use labels=[pos_label] to specify a single positive class.
  warnings.warn(

2026-09-16 21:13:43,460:WARNING:c:\Users\laboratorio\AppData\Local\Programs\Python\Python311\Lib\site-packages\sklearn\metrics\_classification.py:1561: UserWarning: Note that pos_label (set to 'Yes') is ignored when average != 'binary' (got 'weighted'). You may use labels=[pos_label] to specify a single positive class.
  warnings.warn(

2026-09-16 21:13:43,464:WARNING:c:\Users\laboratorio\AppData\Local\Programs\Python\Python311\Lib\site-packages\sklearn\metrics\_classification.py:1561: UserWarning: Note that pos_label (set to 'Yes') is ignored when average != 'binary' (got 'weighted'). You may use labels=[pos_label] to specify a single positive class.
  warnings.warn(

2026-09-16 21:13:43,465:WARNING:c:\Users\laboratorio\AppData\Local\Programs\Python\Python311\Lib\site-packages\sklearn\metrics\_classification.py:1561: UserWarning: Note that pos_label (set to 'Yes') is ignored when average != 'binary' (got 'weighted'). You may use labels=[pos_label] to specify a single positive class.
  warnings.warn(

2026-09-16 21:13:43,465:WARNING:c:\Users\laboratorio\AppData\Local\Programs\Python\Python311\Lib\site-packages\sklearn\metrics\_classification.py:1561: UserWarning: Note that pos_label (set to 'Yes') is ignored when average != 'binary' (got 'weighted'). You may use labels=[pos_label] to specify a single positive class.
  warnings.warn(

2026-09-16 21:13:43,465:WARNING:c:\Users\laboratorio\AppData\Local\Programs\Python\Python311\Lib\site-packages\sklearn\metrics\_classification.py:1561: UserWarning: Note that pos_label (set to 'Yes') is ignored when average != 'binary' (got 'weighted'). You may use labels=[pos_label] to specify a single positive class.
  warnings.warn(

2026-09-16 21:13:43,465:WARNING:c:\Users\laboratorio\AppData\Local\Programs\Python\Python311\Lib\site-packages\sklearn\metrics\_classification.py:1561: UserWarning: Note that pos_label (set to 'Yes') is ignored when average != 'binary' (got 'weighted'). You may use labels=[pos_label] to specify a single positive class.
  warnings.warn(

2026-09-16 21:13:43,472:WARNING:c:\Users\laboratorio\AppData\Local\Programs\Python\Python311\Lib\site-packages\sklearn\metrics\_classification.py:1561: UserWarning: Note that pos_label (set to 'Yes') is ignored when average != 'binary' (got 'weighted'). You may use labels=[pos_label] to specify a single positive class.
  warnings.warn(

2026-09-16 21:13:43,473:WARNING:c:\Users\laboratorio\AppData\Local\Programs\Python\Python311\Lib\site-packages\sklearn\metrics\_classification.py:1561: UserWarning: Note that pos_label (set to 'Yes') is ignored when average != 'binary' (got 'weighted'). You may use labels=[pos_label] to specify a single positive class.
  warnings.warn(

2026-09-16 21:13:43,474:WARNING:c:\Users\laboratorio\AppData\Local\Programs\Python\Python311\Lib\site-packages\sklearn\metrics\_classification.py:1561: UserWarning: Note that pos_label (set to 'Yes') is ignored when average != 'binary' (got 'weighted'). You may use labels=[pos_label] to specify a single positive class.
  warnings.warn(

2026-09-16 21:13:43,475:WARNING:c:\Users\laboratorio\AppData\Local\Programs\Python\Python311\Lib\site-packages\sklearn\metrics\_classification.py:1561: UserWarning: Note that pos_label (set to 'Yes') is ignored when average != 'binary' (got 'weighted'). You may use labels=[pos_label] to specify a single positive class.
  warnings.warn(

2026-09-16 21:13:43,479:WARNING:c:\Users\laboratorio\AppData\Local\Programs\Python\Python311\Lib\site-packages\sklearn\metrics\_classification.py:1561: UserWarning: Note that pos_label (set to 'Yes') is ignored when average != 'binary' (got 'weighted'). You may use labels=[pos_label] to specify a single positive class.
  warnings.warn(

2026-09-16 21:13:43,481:WARNING:c:\Users\laboratorio\AppData\Local\Programs\Python\Python311\Lib\site-packages\sklearn\metrics\_classification.py:1561: UserWarning: Note that pos_label (set to 'Yes') is ignored when average != 'binary' (got 'weighted'). You may use labels=[pos_label] to specify a single positive class.
  warnings.warn(

2026-09-16 21:13:43,483:WARNING:c:\Users\laboratorio\AppData\Local\Programs\Python\Python311\Lib\site-packages\sklearn\metrics\_classification.py:1561: UserWarning: Note that pos_label (set to 'Yes') is ignored when average != 'binary' (got 'weighted'). You may use labels=[pos_label] to specify a single positive class.
  warnings.warn(

2026-09-16 21:13:43,496:INFO:Calculating mean and std
2026-09-16 21:13:43,496:INFO:Creating metrics dataframe
2026-09-16 21:13:43,498:INFO:Uploading results into container
2026-09-16 21:13:43,498:INFO:Uploading model into container now
2026-09-16 21:13:43,498:INFO:_master_model_container: 6
2026-09-16 21:13:43,498:INFO:_display_container: 2
2026-09-16 21:13:43,498:INFO:RidgeClassifier(alpha=1.0, class_weight=None, copy_X=True, fit_intercept=True,
                max_iter=None, positive=False, random_state=123, solver='auto',
                tol=0.0001)
2026-09-16 21:13:43,499:INFO:create_model() successfully completed......................................
2026-09-16 21:13:43,555:INFO:SubProcess create_model() end ==================================
2026-09-16 21:13:43,555:INFO:Creating metrics dataframe
2026-09-16 21:13:43,556:INFO:Initializing Random Forest Classifier
2026-09-16 21:13:43,556:INFO:Total runtime is 0.12830844322840373 minutes
2026-09-16 21:13:43,556:INFO:SubProcess create_model() called ==================================
2026-09-16 21:13:43,556:INFO:Initializing create_model()
2026-09-16 21:13:43,556:INFO:create_model(self=<pycaret.classification.oop.ClassificationExperiment object at 0x0000015898901CD0>, estimator=rf, fold=StratifiedKFold(n_splits=10, random_state=None, shuffle=False), round=4, cross_validation=True, predict=True, fit_kwargs={}, groups=None, refit=False, probability_threshold=None, experiment_custom_tags=None, verbose=False, system=False, add_to_model_list=True, metrics=None, display=<pycaret.internal.display.display.CommonDisplay object at 0x000001589A662590>, model_only=True, return_train_score=False, error_score=0.0, kwargs={})
2026-09-16 21:13:43,556:INFO:Checking exceptions
2026-09-16 21:13:43,556:INFO:Importing libraries
2026-09-16 21:13:43,556:INFO:Copying training dataset
2026-09-16 21:13:43,556:INFO:Defining folds
2026-09-16 21:13:43,556:INFO:Declaring metric variables
2026-09-16 21:13:43,556:INFO:Importing untrained model
2026-09-16 21:13:43,556:INFO:Random Forest Classifier Imported successfully
2026-09-16 21:13:43,556:INFO:Starting cross validation
2026-09-16 21:13:43,556:INFO:Cross validating with StratifiedKFold(n_splits=10, random_state=None, shuffle=False), n_jobs=-1
2026-09-16 21:13:44,073:WARNING:c:\Users\laboratorio\AppData\Local\Programs\Python\Python311\Lib\site-packages\sklearn\metrics\_classification.py:1561: UserWarning: Note that pos_label (set to 'Yes') is ignored when average != 'binary' (got 'weighted'). You may use labels=[pos_label] to specify a single positive class.
  warnings.warn(

2026-09-16 21:13:44,074:WARNING:c:\Users\laboratorio\AppData\Local\Programs\Python\Python311\Lib\site-packages\sklearn\metrics\_classification.py:1561: UserWarning: Note that pos_label (set to 'Yes') is ignored when average != 'binary' (got 'weighted'). You may use labels=[pos_label] to specify a single positive class.
  warnings.warn(

2026-09-16 21:13:44,075:WARNING:c:\Users\laboratorio\AppData\Local\Programs\Python\Python311\Lib\site-packages\sklearn\metrics\_classification.py:1561: UserWarning: Note that pos_label (set to 'Yes') is ignored when average != 'binary' (got 'weighted'). You may use labels=[pos_label] to specify a single positive class.
  warnings.warn(

2026-09-16 21:13:44,077:WARNING:c:\Users\laboratorio\AppData\Local\Programs\Python\Python311\Lib\site-packages\sklearn\metrics\_classification.py:1561: UserWarning: Note that pos_label (set to 'Yes') is ignored when average != 'binary' (got 'weighted'). You may use labels=[pos_label] to specify a single positive class.
  warnings.warn(

2026-09-16 21:13:44,077:WARNING:c:\Users\laboratorio\AppData\Local\Programs\Python\Python311\Lib\site-packages\sklearn\metrics\_classification.py:1561: UserWarning: Note that pos_label (set to 'Yes') is ignored when average != 'binary' (got 'weighted'). You may use labels=[pos_label] to specify a single positive class.
  warnings.warn(

2026-09-16 21:13:44,079:WARNING:c:\Users\laboratorio\AppData\Local\Programs\Python\Python311\Lib\site-packages\sklearn\metrics\_classification.py:1561: UserWarning: Note that pos_label (set to 'Yes') is ignored when average != 'binary' (got 'weighted'). You may use labels=[pos_label] to specify a single positive class.
  warnings.warn(

2026-09-16 21:13:44,079:WARNING:c:\Users\laboratorio\AppData\Local\Programs\Python\Python311\Lib\site-packages\sklearn\metrics\_classification.py:1509: UndefinedMetricWarning: Precision is ill-defined and being set to 0.0 in labels with no predicted samples. Use `zero_division` parameter to control this behavior.
  _warn_prf(average, modifier, f"{metric.capitalize()} is", len(result))

2026-09-16 21:13:44,079:WARNING:c:\Users\laboratorio\AppData\Local\Programs\Python\Python311\Lib\site-packages\sklearn\metrics\_classification.py:1509: UndefinedMetricWarning: Precision is ill-defined and being set to 0.0 in labels with no predicted samples. Use `zero_division` parameter to control this behavior.
  _warn_prf(average, modifier, f"{metric.capitalize()} is", len(result))

2026-09-16 21:13:44,079:WARNING:c:\Users\laboratorio\AppData\Local\Programs\Python\Python311\Lib\site-packages\sklearn\metrics\_classification.py:1561: UserWarning: Note that pos_label (set to 'Yes') is ignored when average != 'binary' (got 'weighted'). You may use labels=[pos_label] to specify a single positive class.
  warnings.warn(

2026-09-16 21:13:44,079:WARNING:c:\Users\laboratorio\AppData\Local\Programs\Python\Python311\Lib\site-packages\sklearn\metrics\_classification.py:1561: UserWarning: Note that pos_label (set to 'Yes') is ignored when average != 'binary' (got 'weighted'). You may use labels=[pos_label] to specify a single positive class.
  warnings.warn(

2026-09-16 21:13:44,081:WARNING:c:\Users\laboratorio\AppData\Local\Programs\Python\Python311\Lib\site-packages\sklearn\metrics\_classification.py:1561: UserWarning: Note that pos_label (set to 'Yes') is ignored when average != 'binary' (got 'weighted'). You may use labels=[pos_label] to specify a single positive class.
  warnings.warn(

2026-09-16 21:13:44,081:WARNING:c:\Users\laboratorio\AppData\Local\Programs\Python\Python311\Lib\site-packages\sklearn\metrics\_classification.py:1509: UndefinedMetricWarning: Precision is ill-defined and being set to 0.0 in labels with no predicted samples. Use `zero_division` parameter to control this behavior.
  _warn_prf(average, modifier, f"{metric.capitalize()} is", len(result))

2026-09-16 21:13:44,081:WARNING:c:\Users\laboratorio\AppData\Local\Programs\Python\Python311\Lib\site-packages\sklearn\metrics\_classification.py:1561: UserWarning: Note that pos_label (set to 'Yes') is ignored when average != 'binary' (got 'weighted'). You may use labels=[pos_label] to specify a single positive class.
  warnings.warn(

2026-09-16 21:13:44,081:WARNING:c:\Users\laboratorio\AppData\Local\Programs\Python\Python311\Lib\site-packages\sklearn\metrics\_classification.py:1561: UserWarning: Note that pos_label (set to 'Yes') is ignored when average != 'binary' (got 'weighted'). You may use labels=[pos_label] to specify a single positive class.
  warnings.warn(

2026-09-16 21:13:44,083:WARNING:c:\Users\laboratorio\AppData\Local\Programs\Python\Python311\Lib\site-packages\sklearn\metrics\_classification.py:1561: UserWarning: Note that pos_label (set to 'Yes') is ignored when average != 'binary' (got 'weighted'). You may use labels=[pos_label] to specify a single positive class.
  warnings.warn(

2026-09-16 21:13:44,083:WARNING:c:\Users\laboratorio\AppData\Local\Programs\Python\Python311\Lib\site-packages\sklearn\metrics\_classification.py:1509: UndefinedMetricWarning: Precision is ill-defined and being set to 0.0 in labels with no predicted samples. Use `zero_division` parameter to control this behavior.
  _warn_prf(average, modifier, f"{metric.capitalize()} is", len(result))

2026-09-16 21:13:44,085:WARNING:c:\Users\laboratorio\AppData\Local\Programs\Python\Python311\Lib\site-packages\sklearn\metrics\_classification.py:1561: UserWarning: Note that pos_label (set to 'Yes') is ignored when average != 'binary' (got 'weighted'). You may use labels=[pos_label] to specify a single positive class.
  warnings.warn(

2026-09-16 21:13:44,085:WARNING:c:\Users\laboratorio\AppData\Local\Programs\Python\Python311\Lib\site-packages\sklearn\metrics\_classification.py:1561: UserWarning: Note that pos_label (set to 'Yes') is ignored when average != 'binary' (got 'weighted'). You may use labels=[pos_label] to specify a single positive class.
  warnings.warn(

2026-09-16 21:13:44,088:WARNING:c:\Users\laboratorio\AppData\Local\Programs\Python\Python311\Lib\site-packages\sklearn\metrics\_classification.py:1509: UndefinedMetricWarning: Precision is ill-defined and being set to 0.0 in labels with no predicted samples. Use `zero_division` parameter to control this behavior.
  _warn_prf(average, modifier, f"{metric.capitalize()} is", len(result))

2026-09-16 21:13:44,089:WARNING:c:\Users\laboratorio\AppData\Local\Programs\Python\Python311\Lib\site-packages\sklearn\metrics\_classification.py:1561: UserWarning: Note that pos_label (set to 'Yes') is ignored when average != 'binary' (got 'weighted'). You may use labels=[pos_label] to specify a single positive class.
  warnings.warn(

2026-09-16 21:13:44,090:WARNING:c:\Users\laboratorio\AppData\Local\Programs\Python\Python311\Lib\site-packages\sklearn\metrics\_classification.py:1561: UserWarning: Note that pos_label (set to 'Yes') is ignored when average != 'binary' (got 'weighted'). You may use labels=[pos_label] to specify a single positive class.
  warnings.warn(

2026-09-16 21:13:44,093:WARNING:c:\Users\laboratorio\AppData\Local\Programs\Python\Python311\Lib\site-packages\sklearn\metrics\_classification.py:1561: UserWarning: Note that pos_label (set to 'Yes') is ignored when average != 'binary' (got 'weighted'). You may use labels=[pos_label] to specify a single positive class.
  warnings.warn(

2026-09-16 21:13:44,094:WARNING:c:\Users\laboratorio\AppData\Local\Programs\Python\Python311\Lib\site-packages\sklearn\metrics\_classification.py:1509: UndefinedMetricWarning: Precision is ill-defined and being set to 0.0 in labels with no predicted samples. Use `zero_division` parameter to control this behavior.
  _warn_prf(average, modifier, f"{metric.capitalize()} is", len(result))

2026-09-16 21:13:44,095:WARNING:c:\Users\laboratorio\AppData\Local\Programs\Python\Python311\Lib\site-packages\sklearn\metrics\_classification.py:1561: UserWarning: Note that pos_label (set to 'Yes') is ignored when average != 'binary' (got 'weighted'). You may use labels=[pos_label] to specify a single positive class.
  warnings.warn(

2026-09-16 21:13:44,110:WARNING:c:\Users\laboratorio\AppData\Local\Programs\Python\Python311\Lib\site-packages\sklearn\metrics\_classification.py:1561: UserWarning: Note that pos_label (set to 'Yes') is ignored when average != 'binary' (got 'weighted'). You may use labels=[pos_label] to specify a single positive class.
  warnings.warn(

2026-09-16 21:13:44,113:WARNING:c:\Users\laboratorio\AppData\Local\Programs\Python\Python311\Lib\site-packages\sklearn\metrics\_classification.py:1561: UserWarning: Note that pos_label (set to 'Yes') is ignored when average != 'binary' (got 'weighted'). You may use labels=[pos_label] to specify a single positive class.
  warnings.warn(

2026-09-16 21:13:44,113:WARNING:c:\Users\laboratorio\AppData\Local\Programs\Python\Python311\Lib\site-packages\sklearn\metrics\_classification.py:1561: UserWarning: Note that pos_label (set to 'Yes') is ignored when average != 'binary' (got 'weighted'). You may use labels=[pos_label] to specify a single positive class.
  warnings.warn(

2026-09-16 21:13:44,113:WARNING:c:\Users\laboratorio\AppData\Local\Programs\Python\Python311\Lib\site-packages\sklearn\metrics\_classification.py:1561: UserWarning: Note that pos_label (set to 'Yes') is ignored when average != 'binary' (got 'weighted'). You may use labels=[pos_label] to specify a single positive class.
  warnings.warn(

2026-09-16 21:13:44,114:WARNING:c:\Users\laboratorio\AppData\Local\Programs\Python\Python311\Lib\site-packages\sklearn\metrics\_classification.py:1509: UndefinedMetricWarning: Precision is ill-defined and being set to 0.0 in labels with no predicted samples. Use `zero_division` parameter to control this behavior.
  _warn_prf(average, modifier, f"{metric.capitalize()} is", len(result))

2026-09-16 21:13:44,116:WARNING:c:\Users\laboratorio\AppData\Local\Programs\Python\Python311\Lib\site-packages\sklearn\metrics\_classification.py:1561: UserWarning: Note that pos_label (set to 'Yes') is ignored when average != 'binary' (got 'weighted'). You may use labels=[pos_label] to specify a single positive class.
  warnings.warn(

2026-09-16 21:13:44,117:WARNING:c:\Users\laboratorio\AppData\Local\Programs\Python\Python311\Lib\site-packages\sklearn\metrics\_classification.py:1561: UserWarning: Note that pos_label (set to 'Yes') is ignored when average != 'binary' (got 'weighted'). You may use labels=[pos_label] to specify a single positive class.
  warnings.warn(

2026-09-16 21:13:44,117:WARNING:c:\Users\laboratorio\AppData\Local\Programs\Python\Python311\Lib\site-packages\sklearn\metrics\_classification.py:1561: UserWarning: Note that pos_label (set to 'Yes') is ignored when average != 'binary' (got 'weighted'). You may use labels=[pos_label] to specify a single positive class.
  warnings.warn(

2026-09-16 21:13:44,118:WARNING:c:\Users\laboratorio\AppData\Local\Programs\Python\Python311\Lib\site-packages\sklearn\metrics\_classification.py:1509: UndefinedMetricWarning: Precision is ill-defined and being set to 0.0 in labels with no predicted samples. Use `zero_division` parameter to control this behavior.
  _warn_prf(average, modifier, f"{metric.capitalize()} is", len(result))

2026-09-16 21:13:44,118:WARNING:c:\Users\laboratorio\AppData\Local\Programs\Python\Python311\Lib\site-packages\sklearn\metrics\_classification.py:1509: UndefinedMetricWarning: Precision is ill-defined and being set to 0.0 in labels with no predicted samples. Use `zero_division` parameter to control this behavior.
  _warn_prf(average, modifier, f"{metric.capitalize()} is", len(result))

2026-09-16 21:13:44,119:WARNING:c:\Users\laboratorio\AppData\Local\Programs\Python\Python311\Lib\site-packages\sklearn\metrics\_classification.py:1561: UserWarning: Note that pos_label (set to 'Yes') is ignored when average != 'binary' (got 'weighted'). You may use labels=[pos_label] to specify a single positive class.
  warnings.warn(

2026-09-16 21:13:44,120:WARNING:c:\Users\laboratorio\AppData\Local\Programs\Python\Python311\Lib\site-packages\sklearn\metrics\_classification.py:1561: UserWarning: Note that pos_label (set to 'Yes') is ignored when average != 'binary' (got 'weighted'). You may use labels=[pos_label] to specify a single positive class.
  warnings.warn(

2026-09-16 21:13:44,126:WARNING:c:\Users\laboratorio\AppData\Local\Programs\Python\Python311\Lib\site-packages\sklearn\metrics\_classification.py:1561: UserWarning: Note that pos_label (set to 'Yes') is ignored when average != 'binary' (got 'weighted'). You may use labels=[pos_label] to specify a single positive class.
  warnings.warn(

2026-09-16 21:13:44,130:WARNING:c:\Users\laboratorio\AppData\Local\Programs\Python\Python311\Lib\site-packages\sklearn\metrics\_classification.py:1561: UserWarning: Note that pos_label (set to 'Yes') is ignored when average != 'binary' (got 'weighted'). You may use labels=[pos_label] to specify a single positive class.
  warnings.warn(

2026-09-16 21:13:44,130:WARNING:c:\Users\laboratorio\AppData\Local\Programs\Python\Python311\Lib\site-packages\sklearn\metrics\_classification.py:1509: UndefinedMetricWarning: Precision is ill-defined and being set to 0.0 in labels with no predicted samples. Use `zero_division` parameter to control this behavior.
  _warn_prf(average, modifier, f"{metric.capitalize()} is", len(result))

2026-09-16 21:13:44,130:WARNING:c:\Users\laboratorio\AppData\Local\Programs\Python\Python311\Lib\site-packages\sklearn\metrics\_classification.py:1561: UserWarning: Note that pos_label (set to 'Yes') is ignored when average != 'binary' (got 'weighted'). You may use labels=[pos_label] to specify a single positive class.
  warnings.warn(

2026-09-16 21:13:44,147:INFO:Calculating mean and std
2026-09-16 21:13:44,147:INFO:Creating metrics dataframe
2026-09-16 21:13:44,148:INFO:Uploading results into container
2026-09-16 21:13:44,149:INFO:Uploading model into container now
2026-09-16 21:13:44,149:INFO:_master_model_container: 7
2026-09-16 21:13:44,149:INFO:_display_container: 2
2026-09-16 21:13:44,149:INFO:RandomForestClassifier(bootstrap=True, ccp_alpha=0.0, class_weight=None,
                       criterion='gini', max_depth=None, max_features='sqrt',
                       max_leaf_nodes=None, max_samples=None,
                       min_impurity_decrease=0.0, min_samples_leaf=1,
                       min_samples_split=2, min_weight_fraction_leaf=0.0,
                       monotonic_cst=None, n_estimators=100, n_jobs=-1,
                       oob_score=False, random_state=123, verbose=0,
                       warm_start=False)
2026-09-16 21:13:44,150:INFO:create_model() successfully completed......................................
2026-09-16 21:13:44,206:INFO:SubProcess create_model() end ==================================
2026-09-16 21:13:44,206:INFO:Creating metrics dataframe
2026-09-16 21:13:44,206:INFO:Initializing Quadratic Discriminant Analysis
2026-09-16 21:13:44,206:INFO:Total runtime is 0.13913638989130656 minutes
2026-09-16 21:13:44,206:INFO:SubProcess create_model() called ==================================
2026-09-16 21:13:44,206:INFO:Initializing create_model()
2026-09-16 21:13:44,206:INFO:create_model(self=<pycaret.classification.oop.ClassificationExperiment object at 0x0000015898901CD0>, estimator=qda, fold=StratifiedKFold(n_splits=10, random_state=None, shuffle=False), round=4, cross_validation=True, predict=True, fit_kwargs={}, groups=None, refit=False, probability_threshold=None, experiment_custom_tags=None, verbose=False, system=False, add_to_model_list=True, metrics=None, display=<pycaret.internal.display.display.CommonDisplay object at 0x000001589A662590>, model_only=True, return_train_score=False, error_score=0.0, kwargs={})
2026-09-16 21:13:44,206:INFO:Checking exceptions
2026-09-16 21:13:44,206:INFO:Importing libraries
2026-09-16 21:13:44,206:INFO:Copying training dataset
2026-09-16 21:13:44,206:INFO:Defining folds
2026-09-16 21:13:44,206:INFO:Declaring metric variables
2026-09-16 21:13:44,206:INFO:Importing untrained model
2026-09-16 21:13:44,221:INFO:Quadratic Discriminant Analysis Imported successfully
2026-09-16 21:13:44,222:INFO:Starting cross validation
2026-09-16 21:13:44,222:INFO:Cross validating with StratifiedKFold(n_splits=10, random_state=None, shuffle=False), n_jobs=-1
2026-09-16 21:13:44,429:WARNING:c:\Users\laboratorio\AppData\Local\Programs\Python\Python311\Lib\site-packages\sklearn\discriminant_analysis.py:935: UserWarning: Variables are collinear
  warnings.warn("Variables are collinear")

2026-09-16 21:13:44,440:WARNING:c:\Users\laboratorio\AppData\Local\Programs\Python\Python311\Lib\site-packages\sklearn\discriminant_analysis.py:935: UserWarning: Variables are collinear
  warnings.warn("Variables are collinear")

2026-09-16 21:13:44,447:WARNING:c:\Users\laboratorio\AppData\Local\Programs\Python\Python311\Lib\site-packages\sklearn\discriminant_analysis.py:935: UserWarning: Variables are collinear
  warnings.warn("Variables are collinear")

2026-09-16 21:13:44,447:WARNING:c:\Users\laboratorio\AppData\Local\Programs\Python\Python311\Lib\site-packages\sklearn\discriminant_analysis.py:935: UserWarning: Variables are collinear
  warnings.warn("Variables are collinear")

2026-09-16 21:13:44,461:WARNING:c:\Users\laboratorio\AppData\Local\Programs\Python\Python311\Lib\site-packages\sklearn\discriminant_analysis.py:935: UserWarning: Variables are collinear
  warnings.warn("Variables are collinear")

2026-09-16 21:13:44,473:WARNING:c:\Users\laboratorio\AppData\Local\Programs\Python\Python311\Lib\site-packages\sklearn\discriminant_analysis.py:935: UserWarning: Variables are collinear
  warnings.warn("Variables are collinear")

2026-09-16 21:13:44,480:WARNING:c:\Users\laboratorio\AppData\Local\Programs\Python\Python311\Lib\site-packages\sklearn\discriminant_analysis.py:935: UserWarning: Variables are collinear
  warnings.warn("Variables are collinear")

2026-09-16 21:13:44,481:WARNING:c:\Users\laboratorio\AppData\Local\Programs\Python\Python311\Lib\site-packages\sklearn\discriminant_analysis.py:935: UserWarning: Variables are collinear
  warnings.warn("Variables are collinear")

2026-09-16 21:13:44,486:WARNING:c:\Users\laboratorio\AppData\Local\Programs\Python\Python311\Lib\site-packages\sklearn\metrics\_classification.py:1561: UserWarning: Note that pos_label (set to 'Yes') is ignored when average != 'binary' (got 'weighted'). You may use labels=[pos_label] to specify a single positive class.
  warnings.warn(

2026-09-16 21:13:44,490:WARNING:c:\Users\laboratorio\AppData\Local\Programs\Python\Python311\Lib\site-packages\sklearn\metrics\_classification.py:1561: UserWarning: Note that pos_label (set to 'Yes') is ignored when average != 'binary' (got 'weighted'). You may use labels=[pos_label] to specify a single positive class.
  warnings.warn(

2026-09-16 21:13:44,491:WARNING:c:\Users\laboratorio\AppData\Local\Programs\Python\Python311\Lib\site-packages\sklearn\metrics\_classification.py:1509: UndefinedMetricWarning: Precision is ill-defined and being set to 0.0 in labels with no predicted samples. Use `zero_division` parameter to control this behavior.
  _warn_prf(average, modifier, f"{metric.capitalize()} is", len(result))

2026-09-16 21:13:44,492:WARNING:c:\Users\laboratorio\AppData\Local\Programs\Python\Python311\Lib\site-packages\sklearn\metrics\_classification.py:1561: UserWarning: Note that pos_label (set to 'Yes') is ignored when average != 'binary' (got 'weighted'). You may use labels=[pos_label] to specify a single positive class.
  warnings.warn(

2026-09-16 21:13:44,492:WARNING:c:\Users\laboratorio\AppData\Local\Programs\Python\Python311\Lib\site-packages\sklearn\discriminant_analysis.py:935: UserWarning: Variables are collinear
  warnings.warn("Variables are collinear")

2026-09-16 21:13:44,492:WARNING:c:\Users\laboratorio\AppData\Local\Programs\Python\Python311\Lib\site-packages\sklearn\discriminant_analysis.py:935: UserWarning: Variables are collinear
  warnings.warn("Variables are collinear")

2026-09-16 21:13:44,492:WARNING:c:\Users\laboratorio\AppData\Local\Programs\Python\Python311\Lib\site-packages\sklearn\metrics\_classification.py:1561: UserWarning: Note that pos_label (set to 'Yes') is ignored when average != 'binary' (got 'weighted'). You may use labels=[pos_label] to specify a single positive class.
  warnings.warn(

2026-09-16 21:13:44,492:WARNING:c:\Users\laboratorio\AppData\Local\Programs\Python\Python311\Lib\site-packages\sklearn\metrics\_classification.py:1561: UserWarning: Note that pos_label (set to 'Yes') is ignored when average != 'binary' (got 'weighted'). You may use labels=[pos_label] to specify a single positive class.
  warnings.warn(

2026-09-16 21:13:44,492:WARNING:c:\Users\laboratorio\AppData\Local\Programs\Python\Python311\Lib\site-packages\sklearn\metrics\_classification.py:1509: UndefinedMetricWarning: Precision is ill-defined and being set to 0.0 in labels with no predicted samples. Use `zero_division` parameter to control this behavior.
  _warn_prf(average, modifier, f"{metric.capitalize()} is", len(result))

2026-09-16 21:13:44,503:WARNING:c:\Users\laboratorio\AppData\Local\Programs\Python\Python311\Lib\site-packages\sklearn\metrics\_classification.py:1561: UserWarning: Note that pos_label (set to 'Yes') is ignored when average != 'binary' (got 'weighted'). You may use labels=[pos_label] to specify a single positive class.
  warnings.warn(

2026-09-16 21:13:44,503:WARNING:c:\Users\laboratorio\AppData\Local\Programs\Python\Python311\Lib\site-packages\sklearn\metrics\_classification.py:1561: UserWarning: Note that pos_label (set to 'Yes') is ignored when average != 'binary' (got 'weighted'). You may use labels=[pos_label] to specify a single positive class.
  warnings.warn(

2026-09-16 21:13:44,506:WARNING:c:\Users\laboratorio\AppData\Local\Programs\Python\Python311\Lib\site-packages\sklearn\metrics\_classification.py:1561: UserWarning: Note that pos_label (set to 'Yes') is ignored when average != 'binary' (got 'weighted'). You may use labels=[pos_label] to specify a single positive class.
  warnings.warn(

2026-09-16 21:13:44,506:WARNING:c:\Users\laboratorio\AppData\Local\Programs\Python\Python311\Lib\site-packages\sklearn\metrics\_classification.py:1509: UndefinedMetricWarning: Precision is ill-defined and being set to 0.0 in labels with no predicted samples. Use `zero_division` parameter to control this behavior.
  _warn_prf(average, modifier, f"{metric.capitalize()} is", len(result))

2026-09-16 21:13:44,513:WARNING:c:\Users\laboratorio\AppData\Local\Programs\Python\Python311\Lib\site-packages\sklearn\metrics\_classification.py:1561: UserWarning: Note that pos_label (set to 'Yes') is ignored when average != 'binary' (got 'weighted'). You may use labels=[pos_label] to specify a single positive class.
  warnings.warn(

2026-09-16 21:13:44,513:WARNING:c:\Users\laboratorio\AppData\Local\Programs\Python\Python311\Lib\site-packages\sklearn\metrics\_classification.py:1561: UserWarning: Note that pos_label (set to 'Yes') is ignored when average != 'binary' (got 'weighted'). You may use labels=[pos_label] to specify a single positive class.
  warnings.warn(

2026-09-16 21:13:44,513:WARNING:c:\Users\laboratorio\AppData\Local\Programs\Python\Python311\Lib\site-packages\sklearn\metrics\_classification.py:1561: UserWarning: Note that pos_label (set to 'Yes') is ignored when average != 'binary' (got 'weighted'). You may use labels=[pos_label] to specify a single positive class.
  warnings.warn(

2026-09-16 21:13:44,513:WARNING:c:\Users\laboratorio\AppData\Local\Programs\Python\Python311\Lib\site-packages\sklearn\metrics\_classification.py:1509: UndefinedMetricWarning: Precision is ill-defined and being set to 0.0 in labels with no predicted samples. Use `zero_division` parameter to control this behavior.
  _warn_prf(average, modifier, f"{metric.capitalize()} is", len(result))

2026-09-16 21:13:44,513:WARNING:c:\Users\laboratorio\AppData\Local\Programs\Python\Python311\Lib\site-packages\sklearn\metrics\_classification.py:1561: UserWarning: Note that pos_label (set to 'Yes') is ignored when average != 'binary' (got 'weighted'). You may use labels=[pos_label] to specify a single positive class.
  warnings.warn(

2026-09-16 21:13:44,513:WARNING:c:\Users\laboratorio\AppData\Local\Programs\Python\Python311\Lib\site-packages\sklearn\metrics\_classification.py:1561: UserWarning: Note that pos_label (set to 'Yes') is ignored when average != 'binary' (got 'weighted'). You may use labels=[pos_label] to specify a single positive class.
  warnings.warn(

2026-09-16 21:13:44,522:WARNING:c:\Users\laboratorio\AppData\Local\Programs\Python\Python311\Lib\site-packages\sklearn\metrics\_classification.py:1561: UserWarning: Note that pos_label (set to 'Yes') is ignored when average != 'binary' (got 'weighted'). You may use labels=[pos_label] to specify a single positive class.
  warnings.warn(

2026-09-16 21:13:44,523:WARNING:c:\Users\laboratorio\AppData\Local\Programs\Python\Python311\Lib\site-packages\sklearn\metrics\_classification.py:1509: UndefinedMetricWarning: Precision is ill-defined and being set to 0.0 in labels with no predicted samples. Use `zero_division` parameter to control this behavior.
  _warn_prf(average, modifier, f"{metric.capitalize()} is", len(result))

2026-09-16 21:13:44,523:WARNING:c:\Users\laboratorio\AppData\Local\Programs\Python\Python311\Lib\site-packages\sklearn\metrics\_classification.py:1561: UserWarning: Note that pos_label (set to 'Yes') is ignored when average != 'binary' (got 'weighted'). You may use labels=[pos_label] to specify a single positive class.
  warnings.warn(

2026-09-16 21:13:44,523:WARNING:c:\Users\laboratorio\AppData\Local\Programs\Python\Python311\Lib\site-packages\sklearn\metrics\_classification.py:1561: UserWarning: Note that pos_label (set to 'Yes') is ignored when average != 'binary' (got 'weighted'). You may use labels=[pos_label] to specify a single positive class.
  warnings.warn(

2026-09-16 21:13:44,523:WARNING:c:\Users\laboratorio\AppData\Local\Programs\Python\Python311\Lib\site-packages\sklearn\metrics\_classification.py:1561: UserWarning: Note that pos_label (set to 'Yes') is ignored when average != 'binary' (got 'weighted'). You may use labels=[pos_label] to specify a single positive class.
  warnings.warn(

2026-09-16 21:13:44,523:WARNING:c:\Users\laboratorio\AppData\Local\Programs\Python\Python311\Lib\site-packages\sklearn\metrics\_classification.py:1561: UserWarning: Note that pos_label (set to 'Yes') is ignored when average != 'binary' (got 'weighted'). You may use labels=[pos_label] to specify a single positive class.
  warnings.warn(

2026-09-16 21:13:44,523:WARNING:c:\Users\laboratorio\AppData\Local\Programs\Python\Python311\Lib\site-packages\sklearn\metrics\_classification.py:1561: UserWarning: Note that pos_label (set to 'Yes') is ignored when average != 'binary' (got 'weighted'). You may use labels=[pos_label] to specify a single positive class.
  warnings.warn(

2026-09-16 21:13:44,523:WARNING:c:\Users\laboratorio\AppData\Local\Programs\Python\Python311\Lib\site-packages\sklearn\metrics\_classification.py:1509: UndefinedMetricWarning: Precision is ill-defined and being set to 0.0 in labels with no predicted samples. Use `zero_division` parameter to control this behavior.
  _warn_prf(average, modifier, f"{metric.capitalize()} is", len(result))

2026-09-16 21:13:44,523:WARNING:c:\Users\laboratorio\AppData\Local\Programs\Python\Python311\Lib\site-packages\sklearn\metrics\_classification.py:1509: UndefinedMetricWarning: Precision is ill-defined and being set to 0.0 in labels with no predicted samples. Use `zero_division` parameter to control this behavior.
  _warn_prf(average, modifier, f"{metric.capitalize()} is", len(result))

2026-09-16 21:13:44,523:WARNING:c:\Users\laboratorio\AppData\Local\Programs\Python\Python311\Lib\site-packages\sklearn\metrics\_classification.py:1561: UserWarning: Note that pos_label (set to 'Yes') is ignored when average != 'binary' (got 'weighted'). You may use labels=[pos_label] to specify a single positive class.
  warnings.warn(

2026-09-16 21:13:44,523:WARNING:c:\Users\laboratorio\AppData\Local\Programs\Python\Python311\Lib\site-packages\sklearn\metrics\_classification.py:1561: UserWarning: Note that pos_label (set to 'Yes') is ignored when average != 'binary' (got 'weighted'). You may use labels=[pos_label] to specify a single positive class.
  warnings.warn(

2026-09-16 21:13:44,533:WARNING:c:\Users\laboratorio\AppData\Local\Programs\Python\Python311\Lib\site-packages\sklearn\metrics\_classification.py:1561: UserWarning: Note that pos_label (set to 'Yes') is ignored when average != 'binary' (got 'weighted'). You may use labels=[pos_label] to specify a single positive class.
  warnings.warn(

2026-09-16 21:13:44,533:WARNING:c:\Users\laboratorio\AppData\Local\Programs\Python\Python311\Lib\site-packages\sklearn\metrics\_classification.py:1561: UserWarning: Note that pos_label (set to 'Yes') is ignored when average != 'binary' (got 'weighted'). You may use labels=[pos_label] to specify a single positive class.
  warnings.warn(

2026-09-16 21:13:44,533:WARNING:c:\Users\laboratorio\AppData\Local\Programs\Python\Python311\Lib\site-packages\sklearn\metrics\_classification.py:1561: UserWarning: Note that pos_label (set to 'Yes') is ignored when average != 'binary' (got 'weighted'). You may use labels=[pos_label] to specify a single positive class.
  warnings.warn(

2026-09-16 21:13:44,533:WARNING:c:\Users\laboratorio\AppData\Local\Programs\Python\Python311\Lib\site-packages\sklearn\metrics\_classification.py:1561: UserWarning: Note that pos_label (set to 'Yes') is ignored when average != 'binary' (got 'weighted'). You may use labels=[pos_label] to specify a single positive class.
  warnings.warn(

2026-09-16 21:13:44,537:WARNING:c:\Users\laboratorio\AppData\Local\Programs\Python\Python311\Lib\site-packages\sklearn\metrics\_classification.py:1509: UndefinedMetricWarning: Precision is ill-defined and being set to 0.0 in labels with no predicted samples. Use `zero_division` parameter to control this behavior.
  _warn_prf(average, modifier, f"{metric.capitalize()} is", len(result))

2026-09-16 21:13:44,539:WARNING:c:\Users\laboratorio\AppData\Local\Programs\Python\Python311\Lib\site-packages\sklearn\metrics\_classification.py:1561: UserWarning: Note that pos_label (set to 'Yes') is ignored when average != 'binary' (got 'weighted'). You may use labels=[pos_label] to specify a single positive class.
  warnings.warn(

2026-09-16 21:13:44,539:WARNING:c:\Users\laboratorio\AppData\Local\Programs\Python\Python311\Lib\site-packages\sklearn\metrics\_classification.py:1561: UserWarning: Note that pos_label (set to 'Yes') is ignored when average != 'binary' (got 'weighted'). You may use labels=[pos_label] to specify a single positive class.
  warnings.warn(

2026-09-16 21:13:44,539:WARNING:c:\Users\laboratorio\AppData\Local\Programs\Python\Python311\Lib\site-packages\sklearn\metrics\_classification.py:1561: UserWarning: Note that pos_label (set to 'Yes') is ignored when average != 'binary' (got 'weighted'). You may use labels=[pos_label] to specify a single positive class.
  warnings.warn(

2026-09-16 21:13:44,540:WARNING:c:\Users\laboratorio\AppData\Local\Programs\Python\Python311\Lib\site-packages\sklearn\metrics\_classification.py:1509: UndefinedMetricWarning: Precision is ill-defined and being set to 0.0 in labels with no predicted samples. Use `zero_division` parameter to control this behavior.
  _warn_prf(average, modifier, f"{metric.capitalize()} is", len(result))

2026-09-16 21:13:44,540:WARNING:c:\Users\laboratorio\AppData\Local\Programs\Python\Python311\Lib\site-packages\sklearn\metrics\_classification.py:1509: UndefinedMetricWarning: Precision is ill-defined and being set to 0.0 in labels with no predicted samples. Use `zero_division` parameter to control this behavior.
  _warn_prf(average, modifier, f"{metric.capitalize()} is", len(result))

2026-09-16 21:13:44,541:WARNING:c:\Users\laboratorio\AppData\Local\Programs\Python\Python311\Lib\site-packages\sklearn\metrics\_classification.py:1561: UserWarning: Note that pos_label (set to 'Yes') is ignored when average != 'binary' (got 'weighted'). You may use labels=[pos_label] to specify a single positive class.
  warnings.warn(

2026-09-16 21:13:44,541:WARNING:c:\Users\laboratorio\AppData\Local\Programs\Python\Python311\Lib\site-packages\sklearn\metrics\_classification.py:1561: UserWarning: Note that pos_label (set to 'Yes') is ignored when average != 'binary' (got 'weighted'). You may use labels=[pos_label] to specify a single positive class.
  warnings.warn(

2026-09-16 21:13:44,554:INFO:Calculating mean and std
2026-09-16 21:13:44,555:INFO:Creating metrics dataframe
2026-09-16 21:13:44,556:INFO:Uploading results into container
2026-09-16 21:13:44,556:INFO:Uploading model into container now
2026-09-16 21:13:44,556:INFO:_master_model_container: 8
2026-09-16 21:13:44,556:INFO:_display_container: 2
2026-09-16 21:13:44,556:INFO:QuadraticDiscriminantAnalysis(priors=None, reg_param=0.0,
                              store_covariance=False, tol=0.0001)
2026-09-16 21:13:44,556:INFO:create_model() successfully completed......................................
2026-09-16 21:13:44,606:INFO:SubProcess create_model() end ==================================
2026-09-16 21:13:44,606:INFO:Creating metrics dataframe
2026-09-16 21:13:44,623:INFO:Initializing Ada Boost Classifier
2026-09-16 21:13:44,623:INFO:Total runtime is 0.14608227014541625 minutes
2026-09-16 21:13:44,623:INFO:SubProcess create_model() called ==================================
2026-09-16 21:13:44,623:INFO:Initializing create_model()
2026-09-16 21:13:44,623:INFO:create_model(self=<pycaret.classification.oop.ClassificationExperiment object at 0x0000015898901CD0>, estimator=ada, fold=StratifiedKFold(n_splits=10, random_state=None, shuffle=False), round=4, cross_validation=True, predict=True, fit_kwargs={}, groups=None, refit=False, probability_threshold=None, experiment_custom_tags=None, verbose=False, system=False, add_to_model_list=True, metrics=None, display=<pycaret.internal.display.display.CommonDisplay object at 0x000001589A662590>, model_only=True, return_train_score=False, error_score=0.0, kwargs={})
2026-09-16 21:13:44,623:INFO:Checking exceptions
2026-09-16 21:13:44,623:INFO:Importing libraries
2026-09-16 21:13:44,623:INFO:Copying training dataset
2026-09-16 21:13:44,623:INFO:Defining folds
2026-09-16 21:13:44,623:INFO:Declaring metric variables
2026-09-16 21:13:44,623:INFO:Importing untrained model
2026-09-16 21:13:44,623:INFO:Ada Boost Classifier Imported successfully
2026-09-16 21:13:44,623:INFO:Starting cross validation
2026-09-16 21:13:44,635:INFO:Cross validating with StratifiedKFold(n_splits=10, random_state=None, shuffle=False), n_jobs=-1
2026-09-16 21:13:44,811:WARNING:c:\Users\laboratorio\AppData\Local\Programs\Python\Python311\Lib\site-packages\sklearn\ensemble\_weight_boosting.py:519: FutureWarning: The SAMME.R algorithm (the default) is deprecated and will be removed in 1.6. Use the SAMME algorithm to circumvent this warning.
  warnings.warn(

2026-09-16 21:13:44,833:WARNING:c:\Users\laboratorio\AppData\Local\Programs\Python\Python311\Lib\site-packages\sklearn\ensemble\_weight_boosting.py:519: FutureWarning: The SAMME.R algorithm (the default) is deprecated and will be removed in 1.6. Use the SAMME algorithm to circumvent this warning.
  warnings.warn(

2026-09-16 21:13:44,839:WARNING:c:\Users\laboratorio\AppData\Local\Programs\Python\Python311\Lib\site-packages\sklearn\ensemble\_weight_boosting.py:519: FutureWarning: The SAMME.R algorithm (the default) is deprecated and will be removed in 1.6. Use the SAMME algorithm to circumvent this warning.
  warnings.warn(

2026-09-16 21:13:44,855:WARNING:c:\Users\laboratorio\AppData\Local\Programs\Python\Python311\Lib\site-packages\sklearn\ensemble\_weight_boosting.py:519: FutureWarning: The SAMME.R algorithm (the default) is deprecated and will be removed in 1.6. Use the SAMME algorithm to circumvent this warning.
  warnings.warn(

2026-09-16 21:13:44,857:WARNING:c:\Users\laboratorio\AppData\Local\Programs\Python\Python311\Lib\site-packages\sklearn\ensemble\_weight_boosting.py:519: FutureWarning: The SAMME.R algorithm (the default) is deprecated and will be removed in 1.6. Use the SAMME algorithm to circumvent this warning.
  warnings.warn(

2026-09-16 21:13:44,857:WARNING:c:\Users\laboratorio\AppData\Local\Programs\Python\Python311\Lib\site-packages\sklearn\ensemble\_weight_boosting.py:519: FutureWarning: The SAMME.R algorithm (the default) is deprecated and will be removed in 1.6. Use the SAMME algorithm to circumvent this warning.
  warnings.warn(

2026-09-16 21:13:44,857:WARNING:c:\Users\laboratorio\AppData\Local\Programs\Python\Python311\Lib\site-packages\sklearn\metrics\_classification.py:1561: UserWarning: Note that pos_label (set to 'Yes') is ignored when average != 'binary' (got 'weighted'). You may use labels=[pos_label] to specify a single positive class.
  warnings.warn(

2026-09-16 21:13:44,857:WARNING:c:\Users\laboratorio\AppData\Local\Programs\Python\Python311\Lib\site-packages\sklearn\ensemble\_weight_boosting.py:519: FutureWarning: The SAMME.R algorithm (the default) is deprecated and will be removed in 1.6. Use the SAMME algorithm to circumvent this warning.
  warnings.warn(

2026-09-16 21:13:44,857:WARNING:c:\Users\laboratorio\AppData\Local\Programs\Python\Python311\Lib\site-packages\sklearn\metrics\_classification.py:1561: UserWarning: Note that pos_label (set to 'Yes') is ignored when average != 'binary' (got 'weighted'). You may use labels=[pos_label] to specify a single positive class.
  warnings.warn(

2026-09-16 21:13:44,867:WARNING:c:\Users\laboratorio\AppData\Local\Programs\Python\Python311\Lib\site-packages\sklearn\metrics\_classification.py:1509: UndefinedMetricWarning: Precision is ill-defined and being set to 0.0 in labels with no predicted samples. Use `zero_division` parameter to control this behavior.
  _warn_prf(average, modifier, f"{metric.capitalize()} is", len(result))

2026-09-16 21:13:44,867:WARNING:c:\Users\laboratorio\AppData\Local\Programs\Python\Python311\Lib\site-packages\sklearn\metrics\_classification.py:1561: UserWarning: Note that pos_label (set to 'Yes') is ignored when average != 'binary' (got 'weighted'). You may use labels=[pos_label] to specify a single positive class.
  warnings.warn(

2026-09-16 21:13:44,880:WARNING:c:\Users\laboratorio\AppData\Local\Programs\Python\Python311\Lib\site-packages\sklearn\ensemble\_weight_boosting.py:519: FutureWarning: The SAMME.R algorithm (the default) is deprecated and will be removed in 1.6. Use the SAMME algorithm to circumvent this warning.
  warnings.warn(

2026-09-16 21:13:44,883:WARNING:c:\Users\laboratorio\AppData\Local\Programs\Python\Python311\Lib\site-packages\sklearn\metrics\_classification.py:1561: UserWarning: Note that pos_label (set to 'Yes') is ignored when average != 'binary' (got 'weighted'). You may use labels=[pos_label] to specify a single positive class.
  warnings.warn(

2026-09-16 21:13:44,886:WARNING:c:\Users\laboratorio\AppData\Local\Programs\Python\Python311\Lib\site-packages\sklearn\metrics\_classification.py:1561: UserWarning: Note that pos_label (set to 'Yes') is ignored when average != 'binary' (got 'weighted'). You may use labels=[pos_label] to specify a single positive class.
  warnings.warn(

2026-09-16 21:13:44,888:WARNING:c:\Users\laboratorio\AppData\Local\Programs\Python\Python311\Lib\site-packages\sklearn\metrics\_classification.py:1509: UndefinedMetricWarning: Precision is ill-defined and being set to 0.0 in labels with no predicted samples. Use `zero_division` parameter to control this behavior.
  _warn_prf(average, modifier, f"{metric.capitalize()} is", len(result))

2026-09-16 21:13:44,889:WARNING:c:\Users\laboratorio\AppData\Local\Programs\Python\Python311\Lib\site-packages\sklearn\metrics\_classification.py:1561: UserWarning: Note that pos_label (set to 'Yes') is ignored when average != 'binary' (got 'weighted'). You may use labels=[pos_label] to specify a single positive class.
  warnings.warn(

2026-09-16 21:13:44,890:WARNING:c:\Users\laboratorio\AppData\Local\Programs\Python\Python311\Lib\site-packages\sklearn\metrics\_classification.py:1561: UserWarning: Note that pos_label (set to 'Yes') is ignored when average != 'binary' (got 'weighted'). You may use labels=[pos_label] to specify a single positive class.
  warnings.warn(

2026-09-16 21:13:44,893:WARNING:c:\Users\laboratorio\AppData\Local\Programs\Python\Python311\Lib\site-packages\sklearn\metrics\_classification.py:1561: UserWarning: Note that pos_label (set to 'Yes') is ignored when average != 'binary' (got 'weighted'). You may use labels=[pos_label] to specify a single positive class.
  warnings.warn(

2026-09-16 21:13:44,894:WARNING:c:\Users\laboratorio\AppData\Local\Programs\Python\Python311\Lib\site-packages\sklearn\metrics\_classification.py:1509: UndefinedMetricWarning: Precision is ill-defined and being set to 0.0 in labels with no predicted samples. Use `zero_division` parameter to control this behavior.
  _warn_prf(average, modifier, f"{metric.capitalize()} is", len(result))

2026-09-16 21:13:44,896:WARNING:c:\Users\laboratorio\AppData\Local\Programs\Python\Python311\Lib\site-packages\sklearn\metrics\_classification.py:1561: UserWarning: Note that pos_label (set to 'Yes') is ignored when average != 'binary' (got 'weighted'). You may use labels=[pos_label] to specify a single positive class.
  warnings.warn(

2026-09-16 21:13:44,897:WARNING:c:\Users\laboratorio\AppData\Local\Programs\Python\Python311\Lib\site-packages\sklearn\ensemble\_weight_boosting.py:519: FutureWarning: The SAMME.R algorithm (the default) is deprecated and will be removed in 1.6. Use the SAMME algorithm to circumvent this warning.
  warnings.warn(

2026-09-16 21:13:44,900:WARNING:c:\Users\laboratorio\AppData\Local\Programs\Python\Python311\Lib\site-packages\sklearn\metrics\_classification.py:1561: UserWarning: Note that pos_label (set to 'Yes') is ignored when average != 'binary' (got 'weighted'). You may use labels=[pos_label] to specify a single positive class.
  warnings.warn(

2026-09-16 21:13:44,902:WARNING:c:\Users\laboratorio\AppData\Local\Programs\Python\Python311\Lib\site-packages\sklearn\metrics\_classification.py:1561: UserWarning: Note that pos_label (set to 'Yes') is ignored when average != 'binary' (got 'weighted'). You may use labels=[pos_label] to specify a single positive class.
  warnings.warn(

2026-09-16 21:13:44,903:WARNING:c:\Users\laboratorio\AppData\Local\Programs\Python\Python311\Lib\site-packages\sklearn\metrics\_classification.py:1509: UndefinedMetricWarning: Precision is ill-defined and being set to 0.0 in labels with no predicted samples. Use `zero_division` parameter to control this behavior.
  _warn_prf(average, modifier, f"{metric.capitalize()} is", len(result))

2026-09-16 21:13:44,905:WARNING:c:\Users\laboratorio\AppData\Local\Programs\Python\Python311\Lib\site-packages\sklearn\metrics\_classification.py:1561: UserWarning: Note that pos_label (set to 'Yes') is ignored when average != 'binary' (got 'weighted'). You may use labels=[pos_label] to specify a single positive class.
  warnings.warn(

2026-09-16 21:13:44,905:WARNING:c:\Users\laboratorio\AppData\Local\Programs\Python\Python311\Lib\site-packages\sklearn\metrics\_classification.py:1561: UserWarning: Note that pos_label (set to 'Yes') is ignored when average != 'binary' (got 'weighted'). You may use labels=[pos_label] to specify a single positive class.
  warnings.warn(

2026-09-16 21:13:44,905:WARNING:c:\Users\laboratorio\AppData\Local\Programs\Python\Python311\Lib\site-packages\sklearn\metrics\_classification.py:1561: UserWarning: Note that pos_label (set to 'Yes') is ignored when average != 'binary' (got 'weighted'). You may use labels=[pos_label] to specify a single positive class.
  warnings.warn(

2026-09-16 21:13:44,905:WARNING:c:\Users\laboratorio\AppData\Local\Programs\Python\Python311\Lib\site-packages\sklearn\metrics\_classification.py:1561: UserWarning: Note that pos_label (set to 'Yes') is ignored when average != 'binary' (got 'weighted'). You may use labels=[pos_label] to specify a single positive class.
  warnings.warn(

2026-09-16 21:13:44,909:WARNING:c:\Users\laboratorio\AppData\Local\Programs\Python\Python311\Lib\site-packages\sklearn\metrics\_classification.py:1509: UndefinedMetricWarning: Precision is ill-defined and being set to 0.0 in labels with no predicted samples. Use `zero_division` parameter to control this behavior.
  _warn_prf(average, modifier, f"{metric.capitalize()} is", len(result))

2026-09-16 21:13:44,909:WARNING:c:\Users\laboratorio\AppData\Local\Programs\Python\Python311\Lib\site-packages\sklearn\metrics\_classification.py:1509: UndefinedMetricWarning: Precision is ill-defined and being set to 0.0 in labels with no predicted samples. Use `zero_division` parameter to control this behavior.
  _warn_prf(average, modifier, f"{metric.capitalize()} is", len(result))

2026-09-16 21:13:44,909:WARNING:c:\Users\laboratorio\AppData\Local\Programs\Python\Python311\Lib\site-packages\sklearn\metrics\_classification.py:1561: UserWarning: Note that pos_label (set to 'Yes') is ignored when average != 'binary' (got 'weighted'). You may use labels=[pos_label] to specify a single positive class.
  warnings.warn(

2026-09-16 21:13:44,909:WARNING:c:\Users\laboratorio\AppData\Local\Programs\Python\Python311\Lib\site-packages\sklearn\metrics\_classification.py:1561: UserWarning: Note that pos_label (set to 'Yes') is ignored when average != 'binary' (got 'weighted'). You may use labels=[pos_label] to specify a single positive class.
  warnings.warn(

2026-09-16 21:13:44,909:WARNING:c:\Users\laboratorio\AppData\Local\Programs\Python\Python311\Lib\site-packages\sklearn\metrics\_classification.py:1561: UserWarning: Note that pos_label (set to 'Yes') is ignored when average != 'binary' (got 'weighted'). You may use labels=[pos_label] to specify a single positive class.
  warnings.warn(

2026-09-16 21:13:44,909:WARNING:c:\Users\laboratorio\AppData\Local\Programs\Python\Python311\Lib\site-packages\sklearn\metrics\_classification.py:1561: UserWarning: Note that pos_label (set to 'Yes') is ignored when average != 'binary' (got 'weighted'). You may use labels=[pos_label] to specify a single positive class.
  warnings.warn(

2026-09-16 21:13:44,909:WARNING:c:\Users\laboratorio\AppData\Local\Programs\Python\Python311\Lib\site-packages\sklearn\metrics\_classification.py:1509: UndefinedMetricWarning: Precision is ill-defined and being set to 0.0 in labels with no predicted samples. Use `zero_division` parameter to control this behavior.
  _warn_prf(average, modifier, f"{metric.capitalize()} is", len(result))

2026-09-16 21:13:44,920:WARNING:c:\Users\laboratorio\AppData\Local\Programs\Python\Python311\Lib\site-packages\sklearn\metrics\_classification.py:1561: UserWarning: Note that pos_label (set to 'Yes') is ignored when average != 'binary' (got 'weighted'). You may use labels=[pos_label] to specify a single positive class.
  warnings.warn(

2026-09-16 21:13:44,921:WARNING:c:\Users\laboratorio\AppData\Local\Programs\Python\Python311\Lib\site-packages\sklearn\metrics\_classification.py:1561: UserWarning: Note that pos_label (set to 'Yes') is ignored when average != 'binary' (got 'weighted'). You may use labels=[pos_label] to specify a single positive class.
  warnings.warn(

2026-09-16 21:13:44,923:WARNING:c:\Users\laboratorio\AppData\Local\Programs\Python\Python311\Lib\site-packages\sklearn\metrics\_classification.py:1561: UserWarning: Note that pos_label (set to 'Yes') is ignored when average != 'binary' (got 'weighted'). You may use labels=[pos_label] to specify a single positive class.
  warnings.warn(

2026-09-16 21:13:44,924:WARNING:c:\Users\laboratorio\AppData\Local\Programs\Python\Python311\Lib\site-packages\sklearn\metrics\_classification.py:1509: UndefinedMetricWarning: Precision is ill-defined and being set to 0.0 in labels with no predicted samples. Use `zero_division` parameter to control this behavior.
  _warn_prf(average, modifier, f"{metric.capitalize()} is", len(result))

2026-09-16 21:13:44,924:WARNING:c:\Users\laboratorio\AppData\Local\Programs\Python\Python311\Lib\site-packages\sklearn\ensemble\_weight_boosting.py:519: FutureWarning: The SAMME.R algorithm (the default) is deprecated and will be removed in 1.6. Use the SAMME algorithm to circumvent this warning.
  warnings.warn(

2026-09-16 21:13:44,924:WARNING:c:\Users\laboratorio\AppData\Local\Programs\Python\Python311\Lib\site-packages\sklearn\metrics\_classification.py:1561: UserWarning: Note that pos_label (set to 'Yes') is ignored when average != 'binary' (got 'weighted'). You may use labels=[pos_label] to specify a single positive class.
  warnings.warn(

2026-09-16 21:13:44,930:WARNING:c:\Users\laboratorio\AppData\Local\Programs\Python\Python311\Lib\site-packages\sklearn\metrics\_classification.py:1561: UserWarning: Note that pos_label (set to 'Yes') is ignored when average != 'binary' (got 'weighted'). You may use labels=[pos_label] to specify a single positive class.
  warnings.warn(

2026-09-16 21:13:44,939:WARNING:c:\Users\laboratorio\AppData\Local\Programs\Python\Python311\Lib\site-packages\sklearn\metrics\_classification.py:1561: UserWarning: Note that pos_label (set to 'Yes') is ignored when average != 'binary' (got 'weighted'). You may use labels=[pos_label] to specify a single positive class.
  warnings.warn(

2026-09-16 21:13:44,941:WARNING:c:\Users\laboratorio\AppData\Local\Programs\Python\Python311\Lib\site-packages\sklearn\metrics\_classification.py:1509: UndefinedMetricWarning: Precision is ill-defined and being set to 0.0 in labels with no predicted samples. Use `zero_division` parameter to control this behavior.
  _warn_prf(average, modifier, f"{metric.capitalize()} is", len(result))

2026-09-16 21:13:44,942:WARNING:c:\Users\laboratorio\AppData\Local\Programs\Python\Python311\Lib\site-packages\sklearn\metrics\_classification.py:1561: UserWarning: Note that pos_label (set to 'Yes') is ignored when average != 'binary' (got 'weighted'). You may use labels=[pos_label] to specify a single positive class.
  warnings.warn(

2026-09-16 21:13:44,956:WARNING:c:\Users\laboratorio\AppData\Local\Programs\Python\Python311\Lib\site-packages\sklearn\metrics\_classification.py:1561: UserWarning: Note that pos_label (set to 'Yes') is ignored when average != 'binary' (got 'weighted'). You may use labels=[pos_label] to specify a single positive class.
  warnings.warn(

2026-09-16 21:13:44,961:WARNING:c:\Users\laboratorio\AppData\Local\Programs\Python\Python311\Lib\site-packages\sklearn\metrics\_classification.py:1561: UserWarning: Note that pos_label (set to 'Yes') is ignored when average != 'binary' (got 'weighted'). You may use labels=[pos_label] to specify a single positive class.
  warnings.warn(

2026-09-16 21:13:44,961:WARNING:c:\Users\laboratorio\AppData\Local\Programs\Python\Python311\Lib\site-packages\sklearn\metrics\_classification.py:1509: UndefinedMetricWarning: Precision is ill-defined and being set to 0.0 in labels with no predicted samples. Use `zero_division` parameter to control this behavior.
  _warn_prf(average, modifier, f"{metric.capitalize()} is", len(result))

2026-09-16 21:13:44,961:WARNING:c:\Users\laboratorio\AppData\Local\Programs\Python\Python311\Lib\site-packages\sklearn\metrics\_classification.py:1561: UserWarning: Note that pos_label (set to 'Yes') is ignored when average != 'binary' (got 'weighted'). You may use labels=[pos_label] to specify a single positive class.
  warnings.warn(

2026-09-16 21:13:44,972:INFO:Calculating mean and std
2026-09-16 21:13:44,973:INFO:Creating metrics dataframe
2026-09-16 21:13:44,973:INFO:Uploading results into container
2026-09-16 21:13:44,973:INFO:Uploading model into container now
2026-09-16 21:13:44,973:INFO:_master_model_container: 9
2026-09-16 21:13:44,973:INFO:_display_container: 2
2026-09-16 21:13:44,973:INFO:AdaBoostClassifier(algorithm='SAMME.R', estimator=None, learning_rate=1.0,
                   n_estimators=50, random_state=123)
2026-09-16 21:13:44,973:INFO:create_model() successfully completed......................................
2026-09-16 21:13:45,023:INFO:SubProcess create_model() end ==================================
2026-09-16 21:13:45,023:INFO:Creating metrics dataframe
2026-09-16 21:13:45,023:INFO:Initializing Gradient Boosting Classifier
2026-09-16 21:13:45,023:INFO:Total runtime is 0.1527631680170695 minutes
2026-09-16 21:13:45,039:INFO:SubProcess create_model() called ==================================
2026-09-16 21:13:45,039:INFO:Initializing create_model()
2026-09-16 21:13:45,039:INFO:create_model(self=<pycaret.classification.oop.ClassificationExperiment object at 0x0000015898901CD0>, estimator=gbc, fold=StratifiedKFold(n_splits=10, random_state=None, shuffle=False), round=4, cross_validation=True, predict=True, fit_kwargs={}, groups=None, refit=False, probability_threshold=None, experiment_custom_tags=None, verbose=False, system=False, add_to_model_list=True, metrics=None, display=<pycaret.internal.display.display.CommonDisplay object at 0x000001589A662590>, model_only=True, return_train_score=False, error_score=0.0, kwargs={})
2026-09-16 21:13:45,040:INFO:Checking exceptions
2026-09-16 21:13:45,040:INFO:Importing libraries
2026-09-16 21:13:45,040:INFO:Copying training dataset
2026-09-16 21:13:45,042:INFO:Defining folds
2026-09-16 21:13:45,042:INFO:Declaring metric variables
2026-09-16 21:13:45,044:INFO:Importing untrained model
2026-09-16 21:13:45,046:INFO:Gradient Boosting Classifier Imported successfully
2026-09-16 21:13:45,048:INFO:Starting cross validation
2026-09-16 21:13:45,050:INFO:Cross validating with StratifiedKFold(n_splits=10, random_state=None, shuffle=False), n_jobs=-1
2026-09-16 21:13:45,509:WARNING:c:\Users\laboratorio\AppData\Local\Programs\Python\Python311\Lib\site-packages\sklearn\metrics\_classification.py:1561: UserWarning: Note that pos_label (set to 'Yes') is ignored when average != 'binary' (got 'weighted'). You may use labels=[pos_label] to specify a single positive class.
  warnings.warn(

2026-09-16 21:13:45,511:WARNING:c:\Users\laboratorio\AppData\Local\Programs\Python\Python311\Lib\site-packages\sklearn\metrics\_classification.py:1561: UserWarning: Note that pos_label (set to 'Yes') is ignored when average != 'binary' (got 'weighted'). You may use labels=[pos_label] to specify a single positive class.
  warnings.warn(

2026-09-16 21:13:45,513:WARNING:c:\Users\laboratorio\AppData\Local\Programs\Python\Python311\Lib\site-packages\sklearn\metrics\_classification.py:1509: UndefinedMetricWarning: Precision is ill-defined and being set to 0.0 in labels with no predicted samples. Use `zero_division` parameter to control this behavior.
  _warn_prf(average, modifier, f"{metric.capitalize()} is", len(result))

2026-09-16 21:13:45,515:WARNING:c:\Users\laboratorio\AppData\Local\Programs\Python\Python311\Lib\site-packages\sklearn\metrics\_classification.py:1561: UserWarning: Note that pos_label (set to 'Yes') is ignored when average != 'binary' (got 'weighted'). You may use labels=[pos_label] to specify a single positive class.
  warnings.warn(

2026-09-16 21:13:45,536:WARNING:c:\Users\laboratorio\AppData\Local\Programs\Python\Python311\Lib\site-packages\sklearn\metrics\_classification.py:1561: UserWarning: Note that pos_label (set to 'Yes') is ignored when average != 'binary' (got 'weighted'). You may use labels=[pos_label] to specify a single positive class.
  warnings.warn(

2026-09-16 21:13:45,540:WARNING:c:\Users\laboratorio\AppData\Local\Programs\Python\Python311\Lib\site-packages\sklearn\metrics\_classification.py:1561: UserWarning: Note that pos_label (set to 'Yes') is ignored when average != 'binary' (got 'weighted'). You may use labels=[pos_label] to specify a single positive class.
  warnings.warn(

2026-09-16 21:13:45,542:WARNING:c:\Users\laboratorio\AppData\Local\Programs\Python\Python311\Lib\site-packages\sklearn\metrics\_classification.py:1509: UndefinedMetricWarning: Precision is ill-defined and being set to 0.0 in labels with no predicted samples. Use `zero_division` parameter to control this behavior.
  _warn_prf(average, modifier, f"{metric.capitalize()} is", len(result))

2026-09-16 21:13:45,545:WARNING:c:\Users\laboratorio\AppData\Local\Programs\Python\Python311\Lib\site-packages\sklearn\metrics\_classification.py:1561: UserWarning: Note that pos_label (set to 'Yes') is ignored when average != 'binary' (got 'weighted'). You may use labels=[pos_label] to specify a single positive class.
  warnings.warn(

2026-09-16 21:13:45,567:WARNING:c:\Users\laboratorio\AppData\Local\Programs\Python\Python311\Lib\site-packages\sklearn\metrics\_classification.py:1561: UserWarning: Note that pos_label (set to 'Yes') is ignored when average != 'binary' (got 'weighted'). You may use labels=[pos_label] to specify a single positive class.
  warnings.warn(

2026-09-16 21:13:45,567:WARNING:c:\Users\laboratorio\AppData\Local\Programs\Python\Python311\Lib\site-packages\sklearn\metrics\_classification.py:1561: UserWarning: Note that pos_label (set to 'Yes') is ignored when average != 'binary' (got 'weighted'). You may use labels=[pos_label] to specify a single positive class.
  warnings.warn(

2026-09-16 21:13:45,569:WARNING:c:\Users\laboratorio\AppData\Local\Programs\Python\Python311\Lib\site-packages\sklearn\metrics\_classification.py:1561: UserWarning: Note that pos_label (set to 'Yes') is ignored when average != 'binary' (got 'weighted'). You may use labels=[pos_label] to specify a single positive class.
  warnings.warn(

2026-09-16 21:13:45,569:WARNING:c:\Users\laboratorio\AppData\Local\Programs\Python\Python311\Lib\site-packages\sklearn\metrics\_classification.py:1561: UserWarning: Note that pos_label (set to 'Yes') is ignored when average != 'binary' (got 'weighted'). You may use labels=[pos_label] to specify a single positive class.
  warnings.warn(

2026-09-16 21:13:45,571:WARNING:c:\Users\laboratorio\AppData\Local\Programs\Python\Python311\Lib\site-packages\sklearn\metrics\_classification.py:1509: UndefinedMetricWarning: Precision is ill-defined and being set to 0.0 in labels with no predicted samples. Use `zero_division` parameter to control this behavior.
  _warn_prf(average, modifier, f"{metric.capitalize()} is", len(result))

2026-09-16 21:13:45,571:WARNING:c:\Users\laboratorio\AppData\Local\Programs\Python\Python311\Lib\site-packages\sklearn\metrics\_classification.py:1509: UndefinedMetricWarning: Precision is ill-defined and being set to 0.0 in labels with no predicted samples. Use `zero_division` parameter to control this behavior.
  _warn_prf(average, modifier, f"{metric.capitalize()} is", len(result))

2026-09-16 21:13:45,571:WARNING:c:\Users\laboratorio\AppData\Local\Programs\Python\Python311\Lib\site-packages\sklearn\metrics\_classification.py:1561: UserWarning: Note that pos_label (set to 'Yes') is ignored when average != 'binary' (got 'weighted'). You may use labels=[pos_label] to specify a single positive class.
  warnings.warn(

2026-09-16 21:13:45,572:WARNING:c:\Users\laboratorio\AppData\Local\Programs\Python\Python311\Lib\site-packages\sklearn\metrics\_classification.py:1561: UserWarning: Note that pos_label (set to 'Yes') is ignored when average != 'binary' (got 'weighted'). You may use labels=[pos_label] to specify a single positive class.
  warnings.warn(

2026-09-16 21:13:45,587:WARNING:c:\Users\laboratorio\AppData\Local\Programs\Python\Python311\Lib\site-packages\sklearn\metrics\_classification.py:1561: UserWarning: Note that pos_label (set to 'Yes') is ignored when average != 'binary' (got 'weighted'). You may use labels=[pos_label] to specify a single positive class.
  warnings.warn(

2026-09-16 21:13:45,589:WARNING:c:\Users\laboratorio\AppData\Local\Programs\Python\Python311\Lib\site-packages\sklearn\metrics\_classification.py:1561: UserWarning: Note that pos_label (set to 'Yes') is ignored when average != 'binary' (got 'weighted'). You may use labels=[pos_label] to specify a single positive class.
  warnings.warn(

2026-09-16 21:13:45,591:WARNING:c:\Users\laboratorio\AppData\Local\Programs\Python\Python311\Lib\site-packages\sklearn\metrics\_classification.py:1509: UndefinedMetricWarning: Precision is ill-defined and being set to 0.0 in labels with no predicted samples. Use `zero_division` parameter to control this behavior.
  _warn_prf(average, modifier, f"{metric.capitalize()} is", len(result))

2026-09-16 21:13:45,592:WARNING:c:\Users\laboratorio\AppData\Local\Programs\Python\Python311\Lib\site-packages\sklearn\metrics\_classification.py:1561: UserWarning: Note that pos_label (set to 'Yes') is ignored when average != 'binary' (got 'weighted'). You may use labels=[pos_label] to specify a single positive class.
  warnings.warn(

2026-09-16 21:13:45,594:WARNING:c:\Users\laboratorio\AppData\Local\Programs\Python\Python311\Lib\site-packages\sklearn\metrics\_classification.py:1561: UserWarning: Note that pos_label (set to 'Yes') is ignored when average != 'binary' (got 'weighted'). You may use labels=[pos_label] to specify a single positive class.
  warnings.warn(

2026-09-16 21:13:45,596:WARNING:c:\Users\laboratorio\AppData\Local\Programs\Python\Python311\Lib\site-packages\sklearn\metrics\_classification.py:1561: UserWarning: Note that pos_label (set to 'Yes') is ignored when average != 'binary' (got 'weighted'). You may use labels=[pos_label] to specify a single positive class.
  warnings.warn(

2026-09-16 21:13:45,597:WARNING:c:\Users\laboratorio\AppData\Local\Programs\Python\Python311\Lib\site-packages\sklearn\metrics\_classification.py:1509: UndefinedMetricWarning: Precision is ill-defined and being set to 0.0 in labels with no predicted samples. Use `zero_division` parameter to control this behavior.
  _warn_prf(average, modifier, f"{metric.capitalize()} is", len(result))

2026-09-16 21:13:45,598:WARNING:c:\Users\laboratorio\AppData\Local\Programs\Python\Python311\Lib\site-packages\sklearn\metrics\_classification.py:1561: UserWarning: Note that pos_label (set to 'Yes') is ignored when average != 'binary' (got 'weighted'). You may use labels=[pos_label] to specify a single positive class.
  warnings.warn(

2026-09-16 21:13:45,599:WARNING:c:\Users\laboratorio\AppData\Local\Programs\Python\Python311\Lib\site-packages\sklearn\metrics\_classification.py:1561: UserWarning: Note that pos_label (set to 'Yes') is ignored when average != 'binary' (got 'weighted'). You may use labels=[pos_label] to specify a single positive class.
  warnings.warn(

2026-09-16 21:13:45,601:WARNING:c:\Users\laboratorio\AppData\Local\Programs\Python\Python311\Lib\site-packages\sklearn\metrics\_classification.py:1561: UserWarning: Note that pos_label (set to 'Yes') is ignored when average != 'binary' (got 'weighted'). You may use labels=[pos_label] to specify a single positive class.
  warnings.warn(

2026-09-16 21:13:45,601:WARNING:c:\Users\laboratorio\AppData\Local\Programs\Python\Python311\Lib\site-packages\sklearn\metrics\_classification.py:1561: UserWarning: Note that pos_label (set to 'Yes') is ignored when average != 'binary' (got 'weighted'). You may use labels=[pos_label] to specify a single positive class.
  warnings.warn(

2026-09-16 21:13:45,602:WARNING:c:\Users\laboratorio\AppData\Local\Programs\Python\Python311\Lib\site-packages\sklearn\metrics\_classification.py:1509: UndefinedMetricWarning: Precision is ill-defined and being set to 0.0 in labels with no predicted samples. Use `zero_division` parameter to control this behavior.
  _warn_prf(average, modifier, f"{metric.capitalize()} is", len(result))

2026-09-16 21:13:45,603:WARNING:c:\Users\laboratorio\AppData\Local\Programs\Python\Python311\Lib\site-packages\sklearn\metrics\_classification.py:1561: UserWarning: Note that pos_label (set to 'Yes') is ignored when average != 'binary' (got 'weighted'). You may use labels=[pos_label] to specify a single positive class.
  warnings.warn(

2026-09-16 21:13:45,603:WARNING:c:\Users\laboratorio\AppData\Local\Programs\Python\Python311\Lib\site-packages\sklearn\metrics\_classification.py:1561: UserWarning: Note that pos_label (set to 'Yes') is ignored when average != 'binary' (got 'weighted'). You may use labels=[pos_label] to specify a single positive class.
  warnings.warn(

2026-09-16 21:13:45,604:WARNING:c:\Users\laboratorio\AppData\Local\Programs\Python\Python311\Lib\site-packages\sklearn\metrics\_classification.py:1509: UndefinedMetricWarning: Precision is ill-defined and being set to 0.0 in labels with no predicted samples. Use `zero_division` parameter to control this behavior.
  _warn_prf(average, modifier, f"{metric.capitalize()} is", len(result))

2026-09-16 21:13:45,605:WARNING:c:\Users\laboratorio\AppData\Local\Programs\Python\Python311\Lib\site-packages\sklearn\metrics\_classification.py:1561: UserWarning: Note that pos_label (set to 'Yes') is ignored when average != 'binary' (got 'weighted'). You may use labels=[pos_label] to specify a single positive class.
  warnings.warn(

2026-09-16 21:13:45,612:WARNING:c:\Users\laboratorio\AppData\Local\Programs\Python\Python311\Lib\site-packages\sklearn\metrics\_classification.py:1561: UserWarning: Note that pos_label (set to 'Yes') is ignored when average != 'binary' (got 'weighted'). You may use labels=[pos_label] to specify a single positive class.
  warnings.warn(

2026-09-16 21:13:45,612:WARNING:c:\Users\laboratorio\AppData\Local\Programs\Python\Python311\Lib\site-packages\sklearn\metrics\_classification.py:1561: UserWarning: Note that pos_label (set to 'Yes') is ignored when average != 'binary' (got 'weighted'). You may use labels=[pos_label] to specify a single positive class.
  warnings.warn(

2026-09-16 21:13:45,612:WARNING:c:\Users\laboratorio\AppData\Local\Programs\Python\Python311\Lib\site-packages\sklearn\metrics\_classification.py:1561: UserWarning: Note that pos_label (set to 'Yes') is ignored when average != 'binary' (got 'weighted'). You may use labels=[pos_label] to specify a single positive class.
  warnings.warn(

2026-09-16 21:13:45,612:WARNING:c:\Users\laboratorio\AppData\Local\Programs\Python\Python311\Lib\site-packages\sklearn\metrics\_classification.py:1509: UndefinedMetricWarning: Precision is ill-defined and being set to 0.0 in labels with no predicted samples. Use `zero_division` parameter to control this behavior.
  _warn_prf(average, modifier, f"{metric.capitalize()} is", len(result))

2026-09-16 21:13:45,612:WARNING:c:\Users\laboratorio\AppData\Local\Programs\Python\Python311\Lib\site-packages\sklearn\metrics\_classification.py:1561: UserWarning: Note that pos_label (set to 'Yes') is ignored when average != 'binary' (got 'weighted'). You may use labels=[pos_label] to specify a single positive class.
  warnings.warn(

2026-09-16 21:13:45,621:WARNING:c:\Users\laboratorio\AppData\Local\Programs\Python\Python311\Lib\site-packages\sklearn\metrics\_classification.py:1561: UserWarning: Note that pos_label (set to 'Yes') is ignored when average != 'binary' (got 'weighted'). You may use labels=[pos_label] to specify a single positive class.
  warnings.warn(

2026-09-16 21:13:45,621:WARNING:c:\Users\laboratorio\AppData\Local\Programs\Python\Python311\Lib\site-packages\sklearn\metrics\_classification.py:1509: UndefinedMetricWarning: Precision is ill-defined and being set to 0.0 in labels with no predicted samples. Use `zero_division` parameter to control this behavior.
  _warn_prf(average, modifier, f"{metric.capitalize()} is", len(result))

2026-09-16 21:13:45,622:WARNING:c:\Users\laboratorio\AppData\Local\Programs\Python\Python311\Lib\site-packages\sklearn\metrics\_classification.py:1561: UserWarning: Note that pos_label (set to 'Yes') is ignored when average != 'binary' (got 'weighted'). You may use labels=[pos_label] to specify a single positive class.
  warnings.warn(

2026-09-16 21:13:45,632:INFO:Calculating mean and std
2026-09-16 21:13:45,632:INFO:Creating metrics dataframe
2026-09-16 21:13:45,632:INFO:Uploading results into container
2026-09-16 21:13:45,632:INFO:Uploading model into container now
2026-09-16 21:13:45,632:INFO:_master_model_container: 10
2026-09-16 21:13:45,632:INFO:_display_container: 2
2026-09-16 21:13:45,632:INFO:GradientBoostingClassifier(ccp_alpha=0.0, criterion='friedman_mse', init=None,
                           learning_rate=0.1, loss='log_loss', max_depth=3,
                           max_features=None, max_leaf_nodes=None,
                           min_impurity_decrease=0.0, min_samples_leaf=1,
                           min_samples_split=2, min_weight_fraction_leaf=0.0,
                           n_estimators=100, n_iter_no_change=None,
                           random_state=123, subsample=1.0, tol=0.0001,
                           validation_fraction=0.1, verbose=0,
                           warm_start=False)
2026-09-16 21:13:45,632:INFO:create_model() successfully completed......................................
2026-09-16 21:13:45,694:INFO:SubProcess create_model() end ==================================
2026-09-16 21:13:45,694:INFO:Creating metrics dataframe
2026-09-16 21:13:45,698:INFO:Initializing Linear Discriminant Analysis
2026-09-16 21:13:45,699:INFO:Total runtime is 0.16402780612309772 minutes
2026-09-16 21:13:45,700:INFO:SubProcess create_model() called ==================================
2026-09-16 21:13:45,700:INFO:Initializing create_model()
2026-09-16 21:13:45,700:INFO:create_model(self=<pycaret.classification.oop.ClassificationExperiment object at 0x0000015898901CD0>, estimator=lda, fold=StratifiedKFold(n_splits=10, random_state=None, shuffle=False), round=4, cross_validation=True, predict=True, fit_kwargs={}, groups=None, refit=False, probability_threshold=None, experiment_custom_tags=None, verbose=False, system=False, add_to_model_list=True, metrics=None, display=<pycaret.internal.display.display.CommonDisplay object at 0x000001589A662590>, model_only=True, return_train_score=False, error_score=0.0, kwargs={})
2026-09-16 21:13:45,700:INFO:Checking exceptions
2026-09-16 21:13:45,700:INFO:Importing libraries
2026-09-16 21:13:45,700:INFO:Copying training dataset
2026-09-16 21:13:45,703:INFO:Defining folds
2026-09-16 21:13:45,703:INFO:Declaring metric variables
2026-09-16 21:13:45,704:INFO:Importing untrained model
2026-09-16 21:13:45,705:INFO:Linear Discriminant Analysis Imported successfully
2026-09-16 21:13:45,709:INFO:Starting cross validation
2026-09-16 21:13:45,710:INFO:Cross validating with StratifiedKFold(n_splits=10, random_state=None, shuffle=False), n_jobs=-1
2026-09-16 21:13:45,946:WARNING:c:\Users\laboratorio\AppData\Local\Programs\Python\Python311\Lib\site-packages\sklearn\metrics\_classification.py:1561: UserWarning: Note that pos_label (set to 'Yes') is ignored when average != 'binary' (got 'weighted'). You may use labels=[pos_label] to specify a single positive class.
  warnings.warn(

2026-09-16 21:13:45,949:WARNING:c:\Users\laboratorio\AppData\Local\Programs\Python\Python311\Lib\site-packages\sklearn\metrics\_classification.py:1561: UserWarning: Note that pos_label (set to 'Yes') is ignored when average != 'binary' (got 'weighted'). You may use labels=[pos_label] to specify a single positive class.
  warnings.warn(

2026-09-16 21:13:45,950:WARNING:c:\Users\laboratorio\AppData\Local\Programs\Python\Python311\Lib\site-packages\sklearn\metrics\_classification.py:1509: UndefinedMetricWarning: Precision is ill-defined and being set to 0.0 in labels with no predicted samples. Use `zero_division` parameter to control this behavior.
  _warn_prf(average, modifier, f"{metric.capitalize()} is", len(result))

2026-09-16 21:13:45,952:WARNING:c:\Users\laboratorio\AppData\Local\Programs\Python\Python311\Lib\site-packages\sklearn\metrics\_classification.py:1561: UserWarning: Note that pos_label (set to 'Yes') is ignored when average != 'binary' (got 'weighted'). You may use labels=[pos_label] to specify a single positive class.
  warnings.warn(

2026-09-16 21:13:45,973:WARNING:c:\Users\laboratorio\AppData\Local\Programs\Python\Python311\Lib\site-packages\sklearn\metrics\_classification.py:1561: UserWarning: Note that pos_label (set to 'Yes') is ignored when average != 'binary' (got 'weighted'). You may use labels=[pos_label] to specify a single positive class.
  warnings.warn(

2026-09-16 21:13:45,973:WARNING:c:\Users\laboratorio\AppData\Local\Programs\Python\Python311\Lib\site-packages\sklearn\metrics\_classification.py:1561: UserWarning: Note that pos_label (set to 'Yes') is ignored when average != 'binary' (got 'weighted'). You may use labels=[pos_label] to specify a single positive class.
  warnings.warn(

2026-09-16 21:13:45,973:WARNING:c:\Users\laboratorio\AppData\Local\Programs\Python\Python311\Lib\site-packages\sklearn\metrics\_classification.py:1509: UndefinedMetricWarning: Precision is ill-defined and being set to 0.0 in labels with no predicted samples. Use `zero_division` parameter to control this behavior.
  _warn_prf(average, modifier, f"{metric.capitalize()} is", len(result))

2026-09-16 21:13:45,973:WARNING:c:\Users\laboratorio\AppData\Local\Programs\Python\Python311\Lib\site-packages\sklearn\metrics\_classification.py:1561: UserWarning: Note that pos_label (set to 'Yes') is ignored when average != 'binary' (got 'weighted'). You may use labels=[pos_label] to specify a single positive class.
  warnings.warn(

2026-09-16 21:13:45,973:WARNING:c:\Users\laboratorio\AppData\Local\Programs\Python\Python311\Lib\site-packages\sklearn\metrics\_classification.py:1561: UserWarning: Note that pos_label (set to 'Yes') is ignored when average != 'binary' (got 'weighted'). You may use labels=[pos_label] to specify a single positive class.
  warnings.warn(

2026-09-16 21:13:45,982:WARNING:c:\Users\laboratorio\AppData\Local\Programs\Python\Python311\Lib\site-packages\sklearn\metrics\_classification.py:1561: UserWarning: Note that pos_label (set to 'Yes') is ignored when average != 'binary' (got 'weighted'). You may use labels=[pos_label] to specify a single positive class.
  warnings.warn(

2026-09-16 21:13:45,982:WARNING:c:\Users\laboratorio\AppData\Local\Programs\Python\Python311\Lib\site-packages\sklearn\metrics\_classification.py:1509: UndefinedMetricWarning: Precision is ill-defined and being set to 0.0 in labels with no predicted samples. Use `zero_division` parameter to control this behavior.
  _warn_prf(average, modifier, f"{metric.capitalize()} is", len(result))

2026-09-16 21:13:45,982:WARNING:c:\Users\laboratorio\AppData\Local\Programs\Python\Python311\Lib\site-packages\sklearn\metrics\_classification.py:1561: UserWarning: Note that pos_label (set to 'Yes') is ignored when average != 'binary' (got 'weighted'). You may use labels=[pos_label] to specify a single positive class.
  warnings.warn(

2026-09-16 21:13:45,988:WARNING:c:\Users\laboratorio\AppData\Local\Programs\Python\Python311\Lib\site-packages\sklearn\metrics\_classification.py:1561: UserWarning: Note that pos_label (set to 'Yes') is ignored when average != 'binary' (got 'weighted'). You may use labels=[pos_label] to specify a single positive class.
  warnings.warn(

2026-09-16 21:13:45,991:WARNING:c:\Users\laboratorio\AppData\Local\Programs\Python\Python311\Lib\site-packages\sklearn\metrics\_classification.py:1561: UserWarning: Note that pos_label (set to 'Yes') is ignored when average != 'binary' (got 'weighted'). You may use labels=[pos_label] to specify a single positive class.
  warnings.warn(

2026-09-16 21:13:45,991:WARNING:c:\Users\laboratorio\AppData\Local\Programs\Python\Python311\Lib\site-packages\sklearn\metrics\_classification.py:1509: UndefinedMetricWarning: Precision is ill-defined and being set to 0.0 in labels with no predicted samples. Use `zero_division` parameter to control this behavior.
  _warn_prf(average, modifier, f"{metric.capitalize()} is", len(result))

2026-09-16 21:13:45,993:WARNING:c:\Users\laboratorio\AppData\Local\Programs\Python\Python311\Lib\site-packages\sklearn\metrics\_classification.py:1561: UserWarning: Note that pos_label (set to 'Yes') is ignored when average != 'binary' (got 'weighted'). You may use labels=[pos_label] to specify a single positive class.
  warnings.warn(

2026-09-16 21:13:45,994:WARNING:c:\Users\laboratorio\AppData\Local\Programs\Python\Python311\Lib\site-packages\sklearn\metrics\_classification.py:1561: UserWarning: Note that pos_label (set to 'Yes') is ignored when average != 'binary' (got 'weighted'). You may use labels=[pos_label] to specify a single positive class.
  warnings.warn(

2026-09-16 21:13:45,996:WARNING:c:\Users\laboratorio\AppData\Local\Programs\Python\Python311\Lib\site-packages\sklearn\metrics\_classification.py:1561: UserWarning: Note that pos_label (set to 'Yes') is ignored when average != 'binary' (got 'weighted'). You may use labels=[pos_label] to specify a single positive class.
  warnings.warn(

2026-09-16 21:13:45,998:WARNING:c:\Users\laboratorio\AppData\Local\Programs\Python\Python311\Lib\site-packages\sklearn\metrics\_classification.py:1509: UndefinedMetricWarning: Precision is ill-defined and being set to 0.0 in labels with no predicted samples. Use `zero_division` parameter to control this behavior.
  _warn_prf(average, modifier, f"{metric.capitalize()} is", len(result))

2026-09-16 21:13:45,999:WARNING:c:\Users\laboratorio\AppData\Local\Programs\Python\Python311\Lib\site-packages\sklearn\metrics\_classification.py:1561: UserWarning: Note that pos_label (set to 'Yes') is ignored when average != 'binary' (got 'weighted'). You may use labels=[pos_label] to specify a single positive class.
  warnings.warn(

2026-09-16 21:13:46,000:WARNING:c:\Users\laboratorio\AppData\Local\Programs\Python\Python311\Lib\site-packages\sklearn\metrics\_classification.py:1561: UserWarning: Note that pos_label (set to 'Yes') is ignored when average != 'binary' (got 'weighted'). You may use labels=[pos_label] to specify a single positive class.
  warnings.warn(

2026-09-16 21:13:46,003:WARNING:c:\Users\laboratorio\AppData\Local\Programs\Python\Python311\Lib\site-packages\sklearn\metrics\_classification.py:1561: UserWarning: Note that pos_label (set to 'Yes') is ignored when average != 'binary' (got 'weighted'). You may use labels=[pos_label] to specify a single positive class.
  warnings.warn(

2026-09-16 21:13:46,004:WARNING:c:\Users\laboratorio\AppData\Local\Programs\Python\Python311\Lib\site-packages\sklearn\metrics\_classification.py:1509: UndefinedMetricWarning: Precision is ill-defined and being set to 0.0 in labels with no predicted samples. Use `zero_division` parameter to control this behavior.
  _warn_prf(average, modifier, f"{metric.capitalize()} is", len(result))

2026-09-16 21:13:46,005:WARNING:c:\Users\laboratorio\AppData\Local\Programs\Python\Python311\Lib\site-packages\sklearn\metrics\_classification.py:1561: UserWarning: Note that pos_label (set to 'Yes') is ignored when average != 'binary' (got 'weighted'). You may use labels=[pos_label] to specify a single positive class.
  warnings.warn(

2026-09-16 21:13:46,008:WARNING:c:\Users\laboratorio\AppData\Local\Programs\Python\Python311\Lib\site-packages\sklearn\metrics\_classification.py:1561: UserWarning: Note that pos_label (set to 'Yes') is ignored when average != 'binary' (got 'weighted'). You may use labels=[pos_label] to specify a single positive class.
  warnings.warn(

2026-09-16 21:13:46,008:WARNING:c:\Users\laboratorio\AppData\Local\Programs\Python\Python311\Lib\site-packages\sklearn\metrics\_classification.py:1561: UserWarning: Note that pos_label (set to 'Yes') is ignored when average != 'binary' (got 'weighted'). You may use labels=[pos_label] to specify a single positive class.
  warnings.warn(

2026-09-16 21:13:46,008:WARNING:c:\Users\laboratorio\AppData\Local\Programs\Python\Python311\Lib\site-packages\sklearn\metrics\_classification.py:1561: UserWarning: Note that pos_label (set to 'Yes') is ignored when average != 'binary' (got 'weighted'). You may use labels=[pos_label] to specify a single positive class.
  warnings.warn(

2026-09-16 21:13:46,008:WARNING:c:\Users\laboratorio\AppData\Local\Programs\Python\Python311\Lib\site-packages\sklearn\metrics\_classification.py:1561: UserWarning: Note that pos_label (set to 'Yes') is ignored when average != 'binary' (got 'weighted'). You may use labels=[pos_label] to specify a single positive class.
  warnings.warn(

2026-09-16 21:13:46,008:WARNING:c:\Users\laboratorio\AppData\Local\Programs\Python\Python311\Lib\site-packages\sklearn\metrics\_classification.py:1509: UndefinedMetricWarning: Precision is ill-defined and being set to 0.0 in labels with no predicted samples. Use `zero_division` parameter to control this behavior.
  _warn_prf(average, modifier, f"{metric.capitalize()} is", len(result))

2026-09-16 21:13:46,008:WARNING:c:\Users\laboratorio\AppData\Local\Programs\Python\Python311\Lib\site-packages\sklearn\metrics\_classification.py:1509: UndefinedMetricWarning: Precision is ill-defined and being set to 0.0 in labels with no predicted samples. Use `zero_division` parameter to control this behavior.
  _warn_prf(average, modifier, f"{metric.capitalize()} is", len(result))

2026-09-16 21:13:46,013:WARNING:c:\Users\laboratorio\AppData\Local\Programs\Python\Python311\Lib\site-packages\sklearn\metrics\_classification.py:1561: UserWarning: Note that pos_label (set to 'Yes') is ignored when average != 'binary' (got 'weighted'). You may use labels=[pos_label] to specify a single positive class.
  warnings.warn(

2026-09-16 21:13:46,013:WARNING:c:\Users\laboratorio\AppData\Local\Programs\Python\Python311\Lib\site-packages\sklearn\metrics\_classification.py:1561: UserWarning: Note that pos_label (set to 'Yes') is ignored when average != 'binary' (got 'weighted'). You may use labels=[pos_label] to specify a single positive class.
  warnings.warn(

2026-09-16 21:13:46,040:WARNING:c:\Users\laboratorio\AppData\Local\Programs\Python\Python311\Lib\site-packages\sklearn\metrics\_classification.py:1561: UserWarning: Note that pos_label (set to 'Yes') is ignored when average != 'binary' (got 'weighted'). You may use labels=[pos_label] to specify a single positive class.
  warnings.warn(

2026-09-16 21:13:46,042:WARNING:c:\Users\laboratorio\AppData\Local\Programs\Python\Python311\Lib\site-packages\sklearn\metrics\_classification.py:1561: UserWarning: Note that pos_label (set to 'Yes') is ignored when average != 'binary' (got 'weighted'). You may use labels=[pos_label] to specify a single positive class.
  warnings.warn(

2026-09-16 21:13:46,043:WARNING:c:\Users\laboratorio\AppData\Local\Programs\Python\Python311\Lib\site-packages\sklearn\metrics\_classification.py:1561: UserWarning: Note that pos_label (set to 'Yes') is ignored when average != 'binary' (got 'weighted'). You may use labels=[pos_label] to specify a single positive class.
  warnings.warn(

2026-09-16 21:13:46,043:WARNING:c:\Users\laboratorio\AppData\Local\Programs\Python\Python311\Lib\site-packages\sklearn\metrics\_classification.py:1509: UndefinedMetricWarning: Precision is ill-defined and being set to 0.0 in labels with no predicted samples. Use `zero_division` parameter to control this behavior.
  _warn_prf(average, modifier, f"{metric.capitalize()} is", len(result))

2026-09-16 21:13:46,044:WARNING:c:\Users\laboratorio\AppData\Local\Programs\Python\Python311\Lib\site-packages\sklearn\metrics\_classification.py:1561: UserWarning: Note that pos_label (set to 'Yes') is ignored when average != 'binary' (got 'weighted'). You may use labels=[pos_label] to specify a single positive class.
  warnings.warn(

2026-09-16 21:13:46,044:WARNING:c:\Users\laboratorio\AppData\Local\Programs\Python\Python311\Lib\site-packages\sklearn\metrics\_classification.py:1561: UserWarning: Note that pos_label (set to 'Yes') is ignored when average != 'binary' (got 'weighted'). You may use labels=[pos_label] to specify a single positive class.
  warnings.warn(

2026-09-16 21:13:46,046:WARNING:c:\Users\laboratorio\AppData\Local\Programs\Python\Python311\Lib\site-packages\sklearn\metrics\_classification.py:1509: UndefinedMetricWarning: Precision is ill-defined and being set to 0.0 in labels with no predicted samples. Use `zero_division` parameter to control this behavior.
  _warn_prf(average, modifier, f"{metric.capitalize()} is", len(result))

2026-09-16 21:13:46,046:WARNING:c:\Users\laboratorio\AppData\Local\Programs\Python\Python311\Lib\site-packages\sklearn\metrics\_classification.py:1561: UserWarning: Note that pos_label (set to 'Yes') is ignored when average != 'binary' (got 'weighted'). You may use labels=[pos_label] to specify a single positive class.
  warnings.warn(

2026-09-16 21:13:46,055:INFO:Calculating mean and std
2026-09-16 21:13:46,055:INFO:Creating metrics dataframe
2026-09-16 21:13:46,056:INFO:Uploading results into container
2026-09-16 21:13:46,057:INFO:Uploading model into container now
2026-09-16 21:13:46,057:INFO:_master_model_container: 11
2026-09-16 21:13:46,057:INFO:_display_container: 2
2026-09-16 21:13:46,057:INFO:LinearDiscriminantAnalysis(covariance_estimator=None, n_components=None,
                           priors=None, shrinkage=None, solver='svd',
                           store_covariance=False, tol=0.0001)
2026-09-16 21:13:46,057:INFO:create_model() successfully completed......................................
2026-09-16 21:13:46,118:INFO:SubProcess create_model() end ==================================
2026-09-16 21:13:46,118:INFO:Creating metrics dataframe
2026-09-16 21:13:46,122:INFO:Initializing Extra Trees Classifier
2026-09-16 21:13:46,122:INFO:Total runtime is 0.17107869386672972 minutes
2026-09-16 21:13:46,122:INFO:SubProcess create_model() called ==================================
2026-09-16 21:13:46,122:INFO:Initializing create_model()
2026-09-16 21:13:46,122:INFO:create_model(self=<pycaret.classification.oop.ClassificationExperiment object at 0x0000015898901CD0>, estimator=et, fold=StratifiedKFold(n_splits=10, random_state=None, shuffle=False), round=4, cross_validation=True, predict=True, fit_kwargs={}, groups=None, refit=False, probability_threshold=None, experiment_custom_tags=None, verbose=False, system=False, add_to_model_list=True, metrics=None, display=<pycaret.internal.display.display.CommonDisplay object at 0x000001589A662590>, model_only=True, return_train_score=False, error_score=0.0, kwargs={})
2026-09-16 21:13:46,122:INFO:Checking exceptions
2026-09-16 21:13:46,122:INFO:Importing libraries
2026-09-16 21:13:46,122:INFO:Copying training dataset
2026-09-16 21:13:46,122:INFO:Defining folds
2026-09-16 21:13:46,122:INFO:Declaring metric variables
2026-09-16 21:13:46,122:INFO:Importing untrained model
2026-09-16 21:13:46,122:INFO:Extra Trees Classifier Imported successfully
2026-09-16 21:13:46,122:INFO:Starting cross validation
2026-09-16 21:13:46,122:INFO:Cross validating with StratifiedKFold(n_splits=10, random_state=None, shuffle=False), n_jobs=-1
2026-09-16 21:13:46,581:WARNING:c:\Users\laboratorio\AppData\Local\Programs\Python\Python311\Lib\site-packages\sklearn\metrics\_classification.py:1561: UserWarning: Note that pos_label (set to 'Yes') is ignored when average != 'binary' (got 'weighted'). You may use labels=[pos_label] to specify a single positive class.
  warnings.warn(

2026-09-16 21:13:46,584:WARNING:c:\Users\laboratorio\AppData\Local\Programs\Python\Python311\Lib\site-packages\sklearn\metrics\_classification.py:1561: UserWarning: Note that pos_label (set to 'Yes') is ignored when average != 'binary' (got 'weighted'). You may use labels=[pos_label] to specify a single positive class.
  warnings.warn(

2026-09-16 21:13:46,589:WARNING:c:\Users\laboratorio\AppData\Local\Programs\Python\Python311\Lib\site-packages\sklearn\metrics\_classification.py:1561: UserWarning: Note that pos_label (set to 'Yes') is ignored when average != 'binary' (got 'weighted'). You may use labels=[pos_label] to specify a single positive class.
  warnings.warn(

2026-09-16 21:13:46,592:WARNING:c:\Users\laboratorio\AppData\Local\Programs\Python\Python311\Lib\site-packages\sklearn\metrics\_classification.py:1561: UserWarning: Note that pos_label (set to 'Yes') is ignored when average != 'binary' (got 'weighted'). You may use labels=[pos_label] to specify a single positive class.
  warnings.warn(

2026-09-16 21:13:46,595:WARNING:c:\Users\laboratorio\AppData\Local\Programs\Python\Python311\Lib\site-packages\sklearn\metrics\_classification.py:1561: UserWarning: Note that pos_label (set to 'Yes') is ignored when average != 'binary' (got 'weighted'). You may use labels=[pos_label] to specify a single positive class.
  warnings.warn(

2026-09-16 21:13:46,596:WARNING:c:\Users\laboratorio\AppData\Local\Programs\Python\Python311\Lib\site-packages\sklearn\metrics\_classification.py:1561: UserWarning: Note that pos_label (set to 'Yes') is ignored when average != 'binary' (got 'weighted'). You may use labels=[pos_label] to specify a single positive class.
  warnings.warn(

2026-09-16 21:13:46,598:WARNING:c:\Users\laboratorio\AppData\Local\Programs\Python\Python311\Lib\site-packages\sklearn\metrics\_classification.py:1561: UserWarning: Note that pos_label (set to 'Yes') is ignored when average != 'binary' (got 'weighted'). You may use labels=[pos_label] to specify a single positive class.
  warnings.warn(

2026-09-16 21:13:46,599:WARNING:c:\Users\laboratorio\AppData\Local\Programs\Python\Python311\Lib\site-packages\sklearn\metrics\_classification.py:1561: UserWarning: Note that pos_label (set to 'Yes') is ignored when average != 'binary' (got 'weighted'). You may use labels=[pos_label] to specify a single positive class.
  warnings.warn(

2026-09-16 21:13:46,600:WARNING:c:\Users\laboratorio\AppData\Local\Programs\Python\Python311\Lib\site-packages\sklearn\metrics\_classification.py:1561: UserWarning: Note that pos_label (set to 'Yes') is ignored when average != 'binary' (got 'weighted'). You may use labels=[pos_label] to specify a single positive class.
  warnings.warn(

2026-09-16 21:13:46,602:WARNING:c:\Users\laboratorio\AppData\Local\Programs\Python\Python311\Lib\site-packages\sklearn\metrics\_classification.py:1561: UserWarning: Note that pos_label (set to 'Yes') is ignored when average != 'binary' (got 'weighted'). You may use labels=[pos_label] to specify a single positive class.
  warnings.warn(

2026-09-16 21:13:46,603:WARNING:c:\Users\laboratorio\AppData\Local\Programs\Python\Python311\Lib\site-packages\sklearn\metrics\_classification.py:1561: UserWarning: Note that pos_label (set to 'Yes') is ignored when average != 'binary' (got 'weighted'). You may use labels=[pos_label] to specify a single positive class.
  warnings.warn(

2026-09-16 21:13:46,603:WARNING:c:\Users\laboratorio\AppData\Local\Programs\Python\Python311\Lib\site-packages\sklearn\metrics\_classification.py:1509: UndefinedMetricWarning: Precision is ill-defined and being set to 0.0 in labels with no predicted samples. Use `zero_division` parameter to control this behavior.
  _warn_prf(average, modifier, f"{metric.capitalize()} is", len(result))

2026-09-16 21:13:46,603:WARNING:c:\Users\laboratorio\AppData\Local\Programs\Python\Python311\Lib\site-packages\sklearn\metrics\_classification.py:1561: UserWarning: Note that pos_label (set to 'Yes') is ignored when average != 'binary' (got 'weighted'). You may use labels=[pos_label] to specify a single positive class.
  warnings.warn(

2026-09-16 21:13:46,605:WARNING:c:\Users\laboratorio\AppData\Local\Programs\Python\Python311\Lib\site-packages\sklearn\metrics\_classification.py:1561: UserWarning: Note that pos_label (set to 'Yes') is ignored when average != 'binary' (got 'weighted'). You may use labels=[pos_label] to specify a single positive class.
  warnings.warn(

2026-09-16 21:13:46,606:WARNING:c:\Users\laboratorio\AppData\Local\Programs\Python\Python311\Lib\site-packages\sklearn\metrics\_classification.py:1561: UserWarning: Note that pos_label (set to 'Yes') is ignored when average != 'binary' (got 'weighted'). You may use labels=[pos_label] to specify a single positive class.
  warnings.warn(

2026-09-16 21:13:46,610:WARNING:c:\Users\laboratorio\AppData\Local\Programs\Python\Python311\Lib\site-packages\sklearn\metrics\_classification.py:1561: UserWarning: Note that pos_label (set to 'Yes') is ignored when average != 'binary' (got 'weighted'). You may use labels=[pos_label] to specify a single positive class.
  warnings.warn(

2026-09-16 21:13:46,619:WARNING:c:\Users\laboratorio\AppData\Local\Programs\Python\Python311\Lib\site-packages\sklearn\metrics\_classification.py:1561: UserWarning: Note that pos_label (set to 'Yes') is ignored when average != 'binary' (got 'weighted'). You may use labels=[pos_label] to specify a single positive class.
  warnings.warn(

2026-09-16 21:13:46,622:WARNING:c:\Users\laboratorio\AppData\Local\Programs\Python\Python311\Lib\site-packages\sklearn\metrics\_classification.py:1561: UserWarning: Note that pos_label (set to 'Yes') is ignored when average != 'binary' (got 'weighted'). You may use labels=[pos_label] to specify a single positive class.
  warnings.warn(

2026-09-16 21:13:46,622:WARNING:c:\Users\laboratorio\AppData\Local\Programs\Python\Python311\Lib\site-packages\sklearn\metrics\_classification.py:1561: UserWarning: Note that pos_label (set to 'Yes') is ignored when average != 'binary' (got 'weighted'). You may use labels=[pos_label] to specify a single positive class.
  warnings.warn(

2026-09-16 21:13:46,622:WARNING:c:\Users\laboratorio\AppData\Local\Programs\Python\Python311\Lib\site-packages\sklearn\metrics\_classification.py:1561: UserWarning: Note that pos_label (set to 'Yes') is ignored when average != 'binary' (got 'weighted'). You may use labels=[pos_label] to specify a single positive class.
  warnings.warn(

2026-09-16 21:13:46,629:WARNING:c:\Users\laboratorio\AppData\Local\Programs\Python\Python311\Lib\site-packages\sklearn\metrics\_classification.py:1561: UserWarning: Note that pos_label (set to 'Yes') is ignored when average != 'binary' (got 'weighted'). You may use labels=[pos_label] to specify a single positive class.
  warnings.warn(

2026-09-16 21:13:46,629:WARNING:c:\Users\laboratorio\AppData\Local\Programs\Python\Python311\Lib\site-packages\sklearn\metrics\_classification.py:1561: UserWarning: Note that pos_label (set to 'Yes') is ignored when average != 'binary' (got 'weighted'). You may use labels=[pos_label] to specify a single positive class.
  warnings.warn(

2026-09-16 21:13:46,641:WARNING:c:\Users\laboratorio\AppData\Local\Programs\Python\Python311\Lib\site-packages\sklearn\metrics\_classification.py:1561: UserWarning: Note that pos_label (set to 'Yes') is ignored when average != 'binary' (got 'weighted'). You may use labels=[pos_label] to specify a single positive class.
  warnings.warn(

2026-09-16 21:13:46,641:WARNING:c:\Users\laboratorio\AppData\Local\Programs\Python\Python311\Lib\site-packages\sklearn\metrics\_classification.py:1561: UserWarning: Note that pos_label (set to 'Yes') is ignored when average != 'binary' (got 'weighted'). You may use labels=[pos_label] to specify a single positive class.
  warnings.warn(

2026-09-16 21:13:46,641:WARNING:c:\Users\laboratorio\AppData\Local\Programs\Python\Python311\Lib\site-packages\sklearn\metrics\_classification.py:1561: UserWarning: Note that pos_label (set to 'Yes') is ignored when average != 'binary' (got 'weighted'). You may use labels=[pos_label] to specify a single positive class.
  warnings.warn(

2026-09-16 21:13:46,662:WARNING:c:\Users\laboratorio\AppData\Local\Programs\Python\Python311\Lib\site-packages\sklearn\metrics\_classification.py:1561: UserWarning: Note that pos_label (set to 'Yes') is ignored when average != 'binary' (got 'weighted'). You may use labels=[pos_label] to specify a single positive class.
  warnings.warn(

2026-09-16 21:13:46,662:WARNING:c:\Users\laboratorio\AppData\Local\Programs\Python\Python311\Lib\site-packages\sklearn\metrics\_classification.py:1561: UserWarning: Note that pos_label (set to 'Yes') is ignored when average != 'binary' (got 'weighted'). You may use labels=[pos_label] to specify a single positive class.
  warnings.warn(

2026-09-16 21:13:46,664:WARNING:c:\Users\laboratorio\AppData\Local\Programs\Python\Python311\Lib\site-packages\sklearn\metrics\_classification.py:1561: UserWarning: Note that pos_label (set to 'Yes') is ignored when average != 'binary' (got 'weighted'). You may use labels=[pos_label] to specify a single positive class.
  warnings.warn(

2026-09-16 21:13:46,665:WARNING:c:\Users\laboratorio\AppData\Local\Programs\Python\Python311\Lib\site-packages\sklearn\metrics\_classification.py:1561: UserWarning: Note that pos_label (set to 'Yes') is ignored when average != 'binary' (got 'weighted'). You may use labels=[pos_label] to specify a single positive class.
  warnings.warn(

2026-09-16 21:13:46,666:WARNING:c:\Users\laboratorio\AppData\Local\Programs\Python\Python311\Lib\site-packages\sklearn\metrics\_classification.py:1561: UserWarning: Note that pos_label (set to 'Yes') is ignored when average != 'binary' (got 'weighted'). You may use labels=[pos_label] to specify a single positive class.
  warnings.warn(

2026-09-16 21:13:46,667:WARNING:c:\Users\laboratorio\AppData\Local\Programs\Python\Python311\Lib\site-packages\sklearn\metrics\_classification.py:1561: UserWarning: Note that pos_label (set to 'Yes') is ignored when average != 'binary' (got 'weighted'). You may use labels=[pos_label] to specify a single positive class.
  warnings.warn(

2026-09-16 21:13:46,680:INFO:Calculating mean and std
2026-09-16 21:13:46,680:INFO:Creating metrics dataframe
2026-09-16 21:13:46,680:INFO:Uploading results into container
2026-09-16 21:13:46,680:INFO:Uploading model into container now
2026-09-16 21:13:46,680:INFO:_master_model_container: 12
2026-09-16 21:13:46,680:INFO:_display_container: 2
2026-09-16 21:13:46,680:INFO:ExtraTreesClassifier(bootstrap=False, ccp_alpha=0.0, class_weight=None,
                     criterion='gini', max_depth=None, max_features='sqrt',
                     max_leaf_nodes=None, max_samples=None,
                     min_impurity_decrease=0.0, min_samples_leaf=1,
                     min_samples_split=2, min_weight_fraction_leaf=0.0,
                     monotonic_cst=None, n_estimators=100, n_jobs=-1,
                     oob_score=False, random_state=123, verbose=0,
                     warm_start=False)
2026-09-16 21:13:46,680:INFO:create_model() successfully completed......................................
2026-09-16 21:13:46,741:INFO:SubProcess create_model() end ==================================
2026-09-16 21:13:46,741:INFO:Creating metrics dataframe
2026-09-16 21:13:46,741:INFO:Initializing Light Gradient Boosting Machine
2026-09-16 21:13:46,741:INFO:Total runtime is 0.1813963770866394 minutes
2026-09-16 21:13:46,741:INFO:SubProcess create_model() called ==================================
2026-09-16 21:13:46,741:INFO:Initializing create_model()
2026-09-16 21:13:46,741:INFO:create_model(self=<pycaret.classification.oop.ClassificationExperiment object at 0x0000015898901CD0>, estimator=lightgbm, fold=StratifiedKFold(n_splits=10, random_state=None, shuffle=False), round=4, cross_validation=True, predict=True, fit_kwargs={}, groups=None, refit=False, probability_threshold=None, experiment_custom_tags=None, verbose=False, system=False, add_to_model_list=True, metrics=None, display=<pycaret.internal.display.display.CommonDisplay object at 0x000001589A662590>, model_only=True, return_train_score=False, error_score=0.0, kwargs={})
2026-09-16 21:13:46,741:INFO:Checking exceptions
2026-09-16 21:13:46,741:INFO:Importing libraries
2026-09-16 21:13:46,741:INFO:Copying training dataset
2026-09-16 21:13:46,741:INFO:Defining folds
2026-09-16 21:13:46,741:INFO:Declaring metric variables
2026-09-16 21:13:46,741:INFO:Importing untrained model
2026-09-16 21:13:46,741:INFO:Light Gradient Boosting Machine Imported successfully
2026-09-16 21:13:46,756:INFO:Starting cross validation
2026-09-16 21:13:46,756:INFO:Cross validating with StratifiedKFold(n_splits=10, random_state=None, shuffle=False), n_jobs=-1
2026-09-16 21:13:47,241:WARNING:create_model() for lightgbm raised an exception or returned all 0.0, trying without fit_kwargs:
2026-09-16 21:13:47,242:WARNING:Traceback (most recent call last):
  File "c:\Users\laboratorio\AppData\Local\Programs\Python\Python311\Lib\site-packages\pycaret\internal\pycaret_experiment\supervised_experiment.py", line 794, in compare_models
    model, model_fit_time = self._create_model(**create_model_args)
                            ^^^^^^^^^^^^^^^^^^^^^^^^^^^^^^^^^^^^^^^
  File "c:\Users\laboratorio\AppData\Local\Programs\Python\Python311\Lib\site-packages\pycaret\internal\pycaret_experiment\supervised_experiment.py", line 1533, in _create_model
    model, model_fit_time, model_results, _ = self._create_model_with_cv(
                                              ^^^^^^^^^^^^^^^^^^^^^^^^^^^
  File "c:\Users\laboratorio\AppData\Local\Programs\Python\Python311\Lib\site-packages\pycaret\internal\pycaret_experiment\supervised_experiment.py", line 1126, in _create_model_with_cv
    scores = cross_validate(
             ^^^^^^^^^^^^^^^
  File "c:\Users\laboratorio\AppData\Local\Programs\Python\Python311\Lib\site-packages\sklearn\utils\_param_validation.py", line 213, in wrapper
    return func(*args, **kwargs)
           ^^^^^^^^^^^^^^^^^^^^^
  File "c:\Users\laboratorio\AppData\Local\Programs\Python\Python311\Lib\site-packages\sklearn\model_selection\_validation.py", line 450, in cross_validate
    _warn_or_raise_about_fit_failures(results, error_score)
  File "c:\Users\laboratorio\AppData\Local\Programs\Python\Python311\Lib\site-packages\sklearn\model_selection\_validation.py", line 536, in _warn_or_raise_about_fit_failures
    raise ValueError(all_fits_failed_message)
ValueError: 
All the 10 fits failed.
It is very likely that your model is misconfigured.
You can try to debug the error by setting error_score='raise'.

Below are more details about the failures:
--------------------------------------------------------------------------------
10 fits failed with the following error:
Traceback (most recent call last):
  File "c:\Users\laboratorio\AppData\Local\Programs\Python\Python311\Lib\site-packages\sklearn\model_selection\_validation.py", line 895, in _fit_and_score
    estimator.fit(X_train, y_train, **fit_params)
  File "c:\Users\laboratorio\AppData\Local\Programs\Python\Python311\Lib\site-packages\pycaret\internal\pipeline.py", line 278, in fit
    fitted_estimator = self._memory_fit(
                       ^^^^^^^^^^^^^^^^^
  File "c:\Users\laboratorio\AppData\Local\Programs\Python\Python311\Lib\site-packages\joblib\memory.py", line 353, in __call__
    return self.func(*args, **kwargs)
           ^^^^^^^^^^^^^^^^^^^^^^^^^^
  File "c:\Users\laboratorio\AppData\Local\Programs\Python\Python311\Lib\site-packages\pycaret\internal\pipeline.py", line 69, in _fit_one
    transformer.fit(*args)
  File "c:\Users\laboratorio\AppData\Local\Programs\Python\Python311\Lib\site-packages\lightgbm\sklearn.py", line 1704, in fit
    super().fit(
  File "c:\Users\laboratorio\AppData\Local\Programs\Python\Python311\Lib\site-packages\lightgbm\sklearn.py", line 1171, in fit
    self._Booster = train(
                    ^^^^^^
  File "c:\Users\laboratorio\AppData\Local\Programs\Python\Python311\Lib\site-packages\lightgbm\engine.py", line 296, in train
    booster = Booster(params=params, train_set=train_set)
              ^^^^^^^^^^^^^^^^^^^^^^^^^^^^^^^^^^^^^^^^^^^
  File "c:\Users\laboratorio\AppData\Local\Programs\Python\Python311\Lib\site-packages\lightgbm\basic.py", line 3758, in __init__
    train_set.construct()
  File "c:\Users\laboratorio\AppData\Local\Programs\Python\Python311\Lib\site-packages\lightgbm\basic.py", line 2574, in construct
    self._lazy_init(
  File "c:\Users\laboratorio\AppData\Local\Programs\Python\Python311\Lib\site-packages\lightgbm\basic.py", line 2189, in _lazy_init
    self.set_label(label)
  File "c:\Users\laboratorio\AppData\Local\Programs\Python\Python311\Lib\site-packages\lightgbm\basic.py", line 3097, in set_label
    self.set_field("label", label_array)
  File "c:\Users\laboratorio\AppData\Local\Programs\Python\Python311\Lib\site-packages\lightgbm\basic.py", line 2860, in set_field
    _LIB.LGBM_DatasetSetField(
OSError: exception: access violation reading 0x0000000000000000


2026-09-16 21:13:47,243:INFO:Initializing create_model()
2026-09-16 21:13:47,243:INFO:create_model(self=<pycaret.classification.oop.ClassificationExperiment object at 0x0000015898901CD0>, estimator=lightgbm, fold=StratifiedKFold(n_splits=10, random_state=None, shuffle=False), round=4, cross_validation=True, predict=True, fit_kwargs={}, groups=None, refit=False, probability_threshold=None, experiment_custom_tags=None, verbose=False, system=False, add_to_model_list=True, metrics=None, display=<pycaret.internal.display.display.CommonDisplay object at 0x000001589A662590>, model_only=True, return_train_score=False, error_score=0.0, kwargs={})
2026-09-16 21:13:47,243:INFO:Checking exceptions
2026-09-16 21:13:47,243:INFO:Importing libraries
2026-09-16 21:13:47,243:INFO:Copying training dataset
2026-09-16 21:13:47,247:INFO:Defining folds
2026-09-16 21:13:47,247:INFO:Declaring metric variables
2026-09-16 21:13:47,249:INFO:Importing untrained model
2026-09-16 21:13:47,252:INFO:Light Gradient Boosting Machine Imported successfully
2026-09-16 21:13:47,255:INFO:Starting cross validation
2026-09-16 21:13:47,258:INFO:Cross validating with StratifiedKFold(n_splits=10, random_state=None, shuffle=False), n_jobs=-1
2026-09-16 21:13:47,608:ERROR:create_model() for lightgbm raised an exception or returned all 0.0:
2026-09-16 21:13:47,610:ERROR:Traceback (most recent call last):
  File "c:\Users\laboratorio\AppData\Local\Programs\Python\Python311\Lib\site-packages\pycaret\internal\pycaret_experiment\supervised_experiment.py", line 794, in compare_models
    model, model_fit_time = self._create_model(**create_model_args)
                            ^^^^^^^^^^^^^^^^^^^^^^^^^^^^^^^^^^^^^^^
  File "c:\Users\laboratorio\AppData\Local\Programs\Python\Python311\Lib\site-packages\pycaret\internal\pycaret_experiment\supervised_experiment.py", line 1533, in _create_model
    model, model_fit_time, model_results, _ = self._create_model_with_cv(
                                              ^^^^^^^^^^^^^^^^^^^^^^^^^^^
  File "c:\Users\laboratorio\AppData\Local\Programs\Python\Python311\Lib\site-packages\pycaret\internal\pycaret_experiment\supervised_experiment.py", line 1126, in _create_model_with_cv
    scores = cross_validate(
             ^^^^^^^^^^^^^^^
  File "c:\Users\laboratorio\AppData\Local\Programs\Python\Python311\Lib\site-packages\sklearn\utils\_param_validation.py", line 213, in wrapper
    return func(*args, **kwargs)
           ^^^^^^^^^^^^^^^^^^^^^
  File "c:\Users\laboratorio\AppData\Local\Programs\Python\Python311\Lib\site-packages\sklearn\model_selection\_validation.py", line 450, in cross_validate
    _warn_or_raise_about_fit_failures(results, error_score)
  File "c:\Users\laboratorio\AppData\Local\Programs\Python\Python311\Lib\site-packages\sklearn\model_selection\_validation.py", line 536, in _warn_or_raise_about_fit_failures
    raise ValueError(all_fits_failed_message)
ValueError: 
All the 10 fits failed.
It is very likely that your model is misconfigured.
You can try to debug the error by setting error_score='raise'.

Below are more details about the failures:
--------------------------------------------------------------------------------
10 fits failed with the following error:
Traceback (most recent call last):
  File "c:\Users\laboratorio\AppData\Local\Programs\Python\Python311\Lib\site-packages\sklearn\model_selection\_validation.py", line 895, in _fit_and_score
    estimator.fit(X_train, y_train, **fit_params)
  File "c:\Users\laboratorio\AppData\Local\Programs\Python\Python311\Lib\site-packages\pycaret\internal\pipeline.py", line 278, in fit
    fitted_estimator = self._memory_fit(
                       ^^^^^^^^^^^^^^^^^
  File "c:\Users\laboratorio\AppData\Local\Programs\Python\Python311\Lib\site-packages\joblib\memory.py", line 353, in __call__
    return self.func(*args, **kwargs)
           ^^^^^^^^^^^^^^^^^^^^^^^^^^
  File "c:\Users\laboratorio\AppData\Local\Programs\Python\Python311\Lib\site-packages\pycaret\internal\pipeline.py", line 69, in _fit_one
    transformer.fit(*args)
  File "c:\Users\laboratorio\AppData\Local\Programs\Python\Python311\Lib\site-packages\lightgbm\sklearn.py", line 1704, in fit
    super().fit(
  File "c:\Users\laboratorio\AppData\Local\Programs\Python\Python311\Lib\site-packages\lightgbm\sklearn.py", line 1171, in fit
    self._Booster = train(
                    ^^^^^^
  File "c:\Users\laboratorio\AppData\Local\Programs\Python\Python311\Lib\site-packages\lightgbm\engine.py", line 296, in train
    booster = Booster(params=params, train_set=train_set)
              ^^^^^^^^^^^^^^^^^^^^^^^^^^^^^^^^^^^^^^^^^^^
  File "c:\Users\laboratorio\AppData\Local\Programs\Python\Python311\Lib\site-packages\lightgbm\basic.py", line 3758, in __init__
    train_set.construct()
  File "c:\Users\laboratorio\AppData\Local\Programs\Python\Python311\Lib\site-packages\lightgbm\basic.py", line 2574, in construct
    self._lazy_init(
  File "c:\Users\laboratorio\AppData\Local\Programs\Python\Python311\Lib\site-packages\lightgbm\basic.py", line 2189, in _lazy_init
    self.set_label(label)
  File "c:\Users\laboratorio\AppData\Local\Programs\Python\Python311\Lib\site-packages\lightgbm\basic.py", line 3097, in set_label
    self.set_field("label", label_array)
  File "c:\Users\laboratorio\AppData\Local\Programs\Python\Python311\Lib\site-packages\lightgbm\basic.py", line 2860, in set_field
    _LIB.LGBM_DatasetSetField(
OSError: exception: access violation reading 0x0000000000000000


During handling of the above exception, another exception occurred:

Traceback (most recent call last):
  File "c:\Users\laboratorio\AppData\Local\Programs\Python\Python311\Lib\site-packages\pycaret\internal\pycaret_experiment\supervised_experiment.py", line 815, in compare_models
    model, model_fit_time = self._create_model(**create_model_args)
                            ^^^^^^^^^^^^^^^^^^^^^^^^^^^^^^^^^^^^^^^
  File "c:\Users\laboratorio\AppData\Local\Programs\Python\Python311\Lib\site-packages\pycaret\internal\pycaret_experiment\supervised_experiment.py", line 1533, in _create_model
    model, model_fit_time, model_results, _ = self._create_model_with_cv(
                                              ^^^^^^^^^^^^^^^^^^^^^^^^^^^
  File "c:\Users\laboratorio\AppData\Local\Programs\Python\Python311\Lib\site-packages\pycaret\internal\pycaret_experiment\supervised_experiment.py", line 1126, in _create_model_with_cv
    scores = cross_validate(
             ^^^^^^^^^^^^^^^
  File "c:\Users\laboratorio\AppData\Local\Programs\Python\Python311\Lib\site-packages\sklearn\utils\_param_validation.py", line 213, in wrapper
    return func(*args, **kwargs)
           ^^^^^^^^^^^^^^^^^^^^^
  File "c:\Users\laboratorio\AppData\Local\Programs\Python\Python311\Lib\site-packages\sklearn\model_selection\_validation.py", line 450, in cross_validate
    _warn_or_raise_about_fit_failures(results, error_score)
  File "c:\Users\laboratorio\AppData\Local\Programs\Python\Python311\Lib\site-packages\sklearn\model_selection\_validation.py", line 536, in _warn_or_raise_about_fit_failures
    raise ValueError(all_fits_failed_message)
ValueError: 
All the 10 fits failed.
It is very likely that your model is misconfigured.
You can try to debug the error by setting error_score='raise'.

Below are more details about the failures:
--------------------------------------------------------------------------------
10 fits failed with the following error:
Traceback (most recent call last):
  File "c:\Users\laboratorio\AppData\Local\Programs\Python\Python311\Lib\site-packages\sklearn\model_selection\_validation.py", line 895, in _fit_and_score
    estimator.fit(X_train, y_train, **fit_params)
  File "c:\Users\laboratorio\AppData\Local\Programs\Python\Python311\Lib\site-packages\pycaret\internal\pipeline.py", line 278, in fit
    fitted_estimator = self._memory_fit(
                       ^^^^^^^^^^^^^^^^^
  File "c:\Users\laboratorio\AppData\Local\Programs\Python\Python311\Lib\site-packages\joblib\memory.py", line 353, in __call__
    return self.func(*args, **kwargs)
           ^^^^^^^^^^^^^^^^^^^^^^^^^^
  File "c:\Users\laboratorio\AppData\Local\Programs\Python\Python311\Lib\site-packages\pycaret\internal\pipeline.py", line 69, in _fit_one
    transformer.fit(*args)
  File "c:\Users\laboratorio\AppData\Local\Programs\Python\Python311\Lib\site-packages\lightgbm\sklearn.py", line 1704, in fit
    super().fit(
  File "c:\Users\laboratorio\AppData\Local\Programs\Python\Python311\Lib\site-packages\lightgbm\sklearn.py", line 1171, in fit
    self._Booster = train(
                    ^^^^^^
  File "c:\Users\laboratorio\AppData\Local\Programs\Python\Python311\Lib\site-packages\lightgbm\engine.py", line 296, in train
    booster = Booster(params=params, train_set=train_set)
              ^^^^^^^^^^^^^^^^^^^^^^^^^^^^^^^^^^^^^^^^^^^
  File "c:\Users\laboratorio\AppData\Local\Programs\Python\Python311\Lib\site-packages\lightgbm\basic.py", line 3758, in __init__
    train_set.construct()
  File "c:\Users\laboratorio\AppData\Local\Programs\Python\Python311\Lib\site-packages\lightgbm\basic.py", line 2574, in construct
    self._lazy_init(
  File "c:\Users\laboratorio\AppData\Local\Programs\Python\Python311\Lib\site-packages\lightgbm\basic.py", line 2189, in _lazy_init
    self.set_label(label)
  File "c:\Users\laboratorio\AppData\Local\Programs\Python\Python311\Lib\site-packages\lightgbm\basic.py", line 3097, in set_label
    self.set_field("label", label_array)
  File "c:\Users\laboratorio\AppData\Local\Programs\Python\Python311\Lib\site-packages\lightgbm\basic.py", line 2860, in set_field
    _LIB.LGBM_DatasetSetField(
OSError: exception: access violation reading 0x0000000000000000


2026-09-16 21:13:47,610:INFO:Initializing Dummy Classifier
2026-09-16 21:13:47,610:INFO:Total runtime is 0.19587215582529702 minutes
2026-09-16 21:13:47,612:INFO:SubProcess create_model() called ==================================
2026-09-16 21:13:47,612:INFO:Initializing create_model()
2026-09-16 21:13:47,612:INFO:create_model(self=<pycaret.classification.oop.ClassificationExperiment object at 0x0000015898901CD0>, estimator=dummy, fold=StratifiedKFold(n_splits=10, random_state=None, shuffle=False), round=4, cross_validation=True, predict=True, fit_kwargs={}, groups=None, refit=False, probability_threshold=None, experiment_custom_tags=None, verbose=False, system=False, add_to_model_list=True, metrics=None, display=<pycaret.internal.display.display.CommonDisplay object at 0x000001589A662590>, model_only=True, return_train_score=False, error_score=0.0, kwargs={})
2026-09-16 21:13:47,613:INFO:Checking exceptions
2026-09-16 21:13:47,613:INFO:Importing libraries
2026-09-16 21:13:47,613:INFO:Copying training dataset
2026-09-16 21:13:47,617:INFO:Defining folds
2026-09-16 21:13:47,617:INFO:Declaring metric variables
2026-09-16 21:13:47,619:INFO:Importing untrained model
2026-09-16 21:13:47,621:INFO:Dummy Classifier Imported successfully
2026-09-16 21:13:47,625:INFO:Starting cross validation
2026-09-16 21:13:47,627:INFO:Cross validating with StratifiedKFold(n_splits=10, random_state=None, shuffle=False), n_jobs=-1
2026-09-16 21:13:47,892:WARNING:c:\Users\laboratorio\AppData\Local\Programs\Python\Python311\Lib\site-packages\sklearn\metrics\_classification.py:1561: UserWarning: Note that pos_label (set to 'Yes') is ignored when average != 'binary' (got 'weighted'). You may use labels=[pos_label] to specify a single positive class.
  warnings.warn(

2026-09-16 21:13:47,893:WARNING:c:\Users\laboratorio\AppData\Local\Programs\Python\Python311\Lib\site-packages\sklearn\metrics\_classification.py:1561: UserWarning: Note that pos_label (set to 'Yes') is ignored when average != 'binary' (got 'weighted'). You may use labels=[pos_label] to specify a single positive class.
  warnings.warn(

2026-09-16 21:13:47,896:WARNING:c:\Users\laboratorio\AppData\Local\Programs\Python\Python311\Lib\site-packages\sklearn\metrics\_classification.py:1509: UndefinedMetricWarning: Precision is ill-defined and being set to 0.0 in labels with no predicted samples. Use `zero_division` parameter to control this behavior.
  _warn_prf(average, modifier, f"{metric.capitalize()} is", len(result))

2026-09-16 21:13:47,896:WARNING:c:\Users\laboratorio\AppData\Local\Programs\Python\Python311\Lib\site-packages\sklearn\metrics\_classification.py:1561: UserWarning: Note that pos_label (set to 'Yes') is ignored when average != 'binary' (got 'weighted'). You may use labels=[pos_label] to specify a single positive class.
  warnings.warn(

2026-09-16 21:13:47,906:WARNING:c:\Users\laboratorio\AppData\Local\Programs\Python\Python311\Lib\site-packages\sklearn\metrics\_classification.py:1561: UserWarning: Note that pos_label (set to 'Yes') is ignored when average != 'binary' (got 'weighted'). You may use labels=[pos_label] to specify a single positive class.
  warnings.warn(

2026-09-16 21:13:47,906:WARNING:c:\Users\laboratorio\AppData\Local\Programs\Python\Python311\Lib\site-packages\sklearn\metrics\_classification.py:1561: UserWarning: Note that pos_label (set to 'Yes') is ignored when average != 'binary' (got 'weighted'). You may use labels=[pos_label] to specify a single positive class.
  warnings.warn(

2026-09-16 21:13:47,906:WARNING:c:\Users\laboratorio\AppData\Local\Programs\Python\Python311\Lib\site-packages\sklearn\metrics\_classification.py:1561: UserWarning: Note that pos_label (set to 'Yes') is ignored when average != 'binary' (got 'weighted'). You may use labels=[pos_label] to specify a single positive class.
  warnings.warn(

2026-09-16 21:13:47,906:WARNING:c:\Users\laboratorio\AppData\Local\Programs\Python\Python311\Lib\site-packages\sklearn\metrics\_classification.py:1509: UndefinedMetricWarning: Precision is ill-defined and being set to 0.0 in labels with no predicted samples. Use `zero_division` parameter to control this behavior.
  _warn_prf(average, modifier, f"{metric.capitalize()} is", len(result))

2026-09-16 21:13:47,906:WARNING:c:\Users\laboratorio\AppData\Local\Programs\Python\Python311\Lib\site-packages\sklearn\metrics\_classification.py:1561: UserWarning: Note that pos_label (set to 'Yes') is ignored when average != 'binary' (got 'weighted'). You may use labels=[pos_label] to specify a single positive class.
  warnings.warn(

2026-09-16 21:13:47,916:WARNING:c:\Users\laboratorio\AppData\Local\Programs\Python\Python311\Lib\site-packages\sklearn\metrics\_classification.py:1561: UserWarning: Note that pos_label (set to 'Yes') is ignored when average != 'binary' (got 'weighted'). You may use labels=[pos_label] to specify a single positive class.
  warnings.warn(

2026-09-16 21:13:47,916:WARNING:c:\Users\laboratorio\AppData\Local\Programs\Python\Python311\Lib\site-packages\sklearn\metrics\_classification.py:1509: UndefinedMetricWarning: Precision is ill-defined and being set to 0.0 in labels with no predicted samples. Use `zero_division` parameter to control this behavior.
  _warn_prf(average, modifier, f"{metric.capitalize()} is", len(result))

2026-09-16 21:13:47,916:WARNING:c:\Users\laboratorio\AppData\Local\Programs\Python\Python311\Lib\site-packages\sklearn\metrics\_classification.py:1561: UserWarning: Note that pos_label (set to 'Yes') is ignored when average != 'binary' (got 'weighted'). You may use labels=[pos_label] to specify a single positive class.
  warnings.warn(

2026-09-16 21:13:47,916:WARNING:c:\Users\laboratorio\AppData\Local\Programs\Python\Python311\Lib\site-packages\sklearn\metrics\_classification.py:1561: UserWarning: Note that pos_label (set to 'Yes') is ignored when average != 'binary' (got 'weighted'). You may use labels=[pos_label] to specify a single positive class.
  warnings.warn(

2026-09-16 21:13:47,923:WARNING:c:\Users\laboratorio\AppData\Local\Programs\Python\Python311\Lib\site-packages\sklearn\metrics\_classification.py:1561: UserWarning: Note that pos_label (set to 'Yes') is ignored when average != 'binary' (got 'weighted'). You may use labels=[pos_label] to specify a single positive class.
  warnings.warn(

2026-09-16 21:13:47,923:WARNING:c:\Users\laboratorio\AppData\Local\Programs\Python\Python311\Lib\site-packages\sklearn\metrics\_classification.py:1509: UndefinedMetricWarning: Precision is ill-defined and being set to 0.0 in labels with no predicted samples. Use `zero_division` parameter to control this behavior.
  _warn_prf(average, modifier, f"{metric.capitalize()} is", len(result))

2026-09-16 21:13:47,926:WARNING:c:\Users\laboratorio\AppData\Local\Programs\Python\Python311\Lib\site-packages\sklearn\metrics\_classification.py:1561: UserWarning: Note that pos_label (set to 'Yes') is ignored when average != 'binary' (got 'weighted'). You may use labels=[pos_label] to specify a single positive class.
  warnings.warn(

2026-09-16 21:13:47,926:WARNING:c:\Users\laboratorio\AppData\Local\Programs\Python\Python311\Lib\site-packages\sklearn\metrics\_classification.py:1561: UserWarning: Note that pos_label (set to 'Yes') is ignored when average != 'binary' (got 'weighted'). You may use labels=[pos_label] to specify a single positive class.
  warnings.warn(

2026-09-16 21:13:47,926:WARNING:c:\Users\laboratorio\AppData\Local\Programs\Python\Python311\Lib\site-packages\sklearn\metrics\_classification.py:1561: UserWarning: Note that pos_label (set to 'Yes') is ignored when average != 'binary' (got 'weighted'). You may use labels=[pos_label] to specify a single positive class.
  warnings.warn(

2026-09-16 21:13:47,926:WARNING:c:\Users\laboratorio\AppData\Local\Programs\Python\Python311\Lib\site-packages\sklearn\metrics\_classification.py:1509: UndefinedMetricWarning: Precision is ill-defined and being set to 0.0 in labels with no predicted samples. Use `zero_division` parameter to control this behavior.
  _warn_prf(average, modifier, f"{metric.capitalize()} is", len(result))

2026-09-16 21:13:47,926:WARNING:c:\Users\laboratorio\AppData\Local\Programs\Python\Python311\Lib\site-packages\sklearn\metrics\_classification.py:1561: UserWarning: Note that pos_label (set to 'Yes') is ignored when average != 'binary' (got 'weighted'). You may use labels=[pos_label] to specify a single positive class.
  warnings.warn(

2026-09-16 21:13:47,926:WARNING:c:\Users\laboratorio\AppData\Local\Programs\Python\Python311\Lib\site-packages\sklearn\metrics\_classification.py:1561: UserWarning: Note that pos_label (set to 'Yes') is ignored when average != 'binary' (got 'weighted'). You may use labels=[pos_label] to specify a single positive class.
  warnings.warn(

2026-09-16 21:13:47,937:WARNING:c:\Users\laboratorio\AppData\Local\Programs\Python\Python311\Lib\site-packages\sklearn\metrics\_classification.py:1561: UserWarning: Note that pos_label (set to 'Yes') is ignored when average != 'binary' (got 'weighted'). You may use labels=[pos_label] to specify a single positive class.
  warnings.warn(

2026-09-16 21:13:47,939:WARNING:c:\Users\laboratorio\AppData\Local\Programs\Python\Python311\Lib\site-packages\sklearn\metrics\_classification.py:1509: UndefinedMetricWarning: Precision is ill-defined and being set to 0.0 in labels with no predicted samples. Use `zero_division` parameter to control this behavior.
  _warn_prf(average, modifier, f"{metric.capitalize()} is", len(result))

2026-09-16 21:13:47,940:WARNING:c:\Users\laboratorio\AppData\Local\Programs\Python\Python311\Lib\site-packages\sklearn\metrics\_classification.py:1561: UserWarning: Note that pos_label (set to 'Yes') is ignored when average != 'binary' (got 'weighted'). You may use labels=[pos_label] to specify a single positive class.
  warnings.warn(

2026-09-16 21:13:47,941:WARNING:c:\Users\laboratorio\AppData\Local\Programs\Python\Python311\Lib\site-packages\sklearn\metrics\_classification.py:1561: UserWarning: Note that pos_label (set to 'Yes') is ignored when average != 'binary' (got 'weighted'). You may use labels=[pos_label] to specify a single positive class.
  warnings.warn(

2026-09-16 21:13:47,943:WARNING:c:\Users\laboratorio\AppData\Local\Programs\Python\Python311\Lib\site-packages\sklearn\metrics\_classification.py:1561: UserWarning: Note that pos_label (set to 'Yes') is ignored when average != 'binary' (got 'weighted'). You may use labels=[pos_label] to specify a single positive class.
  warnings.warn(

2026-09-16 21:13:47,944:WARNING:c:\Users\laboratorio\AppData\Local\Programs\Python\Python311\Lib\site-packages\sklearn\metrics\_classification.py:1561: UserWarning: Note that pos_label (set to 'Yes') is ignored when average != 'binary' (got 'weighted'). You may use labels=[pos_label] to specify a single positive class.
  warnings.warn(

2026-09-16 21:13:47,945:WARNING:c:\Users\laboratorio\AppData\Local\Programs\Python\Python311\Lib\site-packages\sklearn\metrics\_classification.py:1509: UndefinedMetricWarning: Precision is ill-defined and being set to 0.0 in labels with no predicted samples. Use `zero_division` parameter to control this behavior.
  _warn_prf(average, modifier, f"{metric.capitalize()} is", len(result))

2026-09-16 21:13:47,946:WARNING:c:\Users\laboratorio\AppData\Local\Programs\Python\Python311\Lib\site-packages\sklearn\metrics\_classification.py:1561: UserWarning: Note that pos_label (set to 'Yes') is ignored when average != 'binary' (got 'weighted'). You may use labels=[pos_label] to specify a single positive class.
  warnings.warn(

2026-09-16 21:13:47,946:WARNING:c:\Users\laboratorio\AppData\Local\Programs\Python\Python311\Lib\site-packages\sklearn\metrics\_classification.py:1561: UserWarning: Note that pos_label (set to 'Yes') is ignored when average != 'binary' (got 'weighted'). You may use labels=[pos_label] to specify a single positive class.
  warnings.warn(

2026-09-16 21:13:47,946:WARNING:c:\Users\laboratorio\AppData\Local\Programs\Python\Python311\Lib\site-packages\sklearn\metrics\_classification.py:1561: UserWarning: Note that pos_label (set to 'Yes') is ignored when average != 'binary' (got 'weighted'). You may use labels=[pos_label] to specify a single positive class.
  warnings.warn(

2026-09-16 21:13:47,947:WARNING:c:\Users\laboratorio\AppData\Local\Programs\Python\Python311\Lib\site-packages\sklearn\metrics\_classification.py:1509: UndefinedMetricWarning: Precision is ill-defined and being set to 0.0 in labels with no predicted samples. Use `zero_division` parameter to control this behavior.
  _warn_prf(average, modifier, f"{metric.capitalize()} is", len(result))

2026-09-16 21:13:47,948:WARNING:c:\Users\laboratorio\AppData\Local\Programs\Python\Python311\Lib\site-packages\sklearn\metrics\_classification.py:1561: UserWarning: Note that pos_label (set to 'Yes') is ignored when average != 'binary' (got 'weighted'). You may use labels=[pos_label] to specify a single positive class.
  warnings.warn(

2026-09-16 21:13:47,948:WARNING:c:\Users\laboratorio\AppData\Local\Programs\Python\Python311\Lib\site-packages\sklearn\metrics\_classification.py:1561: UserWarning: Note that pos_label (set to 'Yes') is ignored when average != 'binary' (got 'weighted'). You may use labels=[pos_label] to specify a single positive class.
  warnings.warn(

2026-09-16 21:13:47,949:WARNING:c:\Users\laboratorio\AppData\Local\Programs\Python\Python311\Lib\site-packages\sklearn\metrics\_classification.py:1509: UndefinedMetricWarning: Precision is ill-defined and being set to 0.0 in labels with no predicted samples. Use `zero_division` parameter to control this behavior.
  _warn_prf(average, modifier, f"{metric.capitalize()} is", len(result))

2026-09-16 21:13:47,950:WARNING:c:\Users\laboratorio\AppData\Local\Programs\Python\Python311\Lib\site-packages\sklearn\metrics\_classification.py:1561: UserWarning: Note that pos_label (set to 'Yes') is ignored when average != 'binary' (got 'weighted'). You may use labels=[pos_label] to specify a single positive class.
  warnings.warn(

2026-09-16 21:13:47,951:WARNING:c:\Users\laboratorio\AppData\Local\Programs\Python\Python311\Lib\site-packages\sklearn\metrics\_classification.py:1561: UserWarning: Note that pos_label (set to 'Yes') is ignored when average != 'binary' (got 'weighted'). You may use labels=[pos_label] to specify a single positive class.
  warnings.warn(

2026-09-16 21:13:47,953:WARNING:c:\Users\laboratorio\AppData\Local\Programs\Python\Python311\Lib\site-packages\sklearn\metrics\_classification.py:1561: UserWarning: Note that pos_label (set to 'Yes') is ignored when average != 'binary' (got 'weighted'). You may use labels=[pos_label] to specify a single positive class.
  warnings.warn(

2026-09-16 21:13:47,954:WARNING:c:\Users\laboratorio\AppData\Local\Programs\Python\Python311\Lib\site-packages\sklearn\metrics\_classification.py:1509: UndefinedMetricWarning: Precision is ill-defined and being set to 0.0 in labels with no predicted samples. Use `zero_division` parameter to control this behavior.
  _warn_prf(average, modifier, f"{metric.capitalize()} is", len(result))

2026-09-16 21:13:47,956:WARNING:c:\Users\laboratorio\AppData\Local\Programs\Python\Python311\Lib\site-packages\sklearn\metrics\_classification.py:1561: UserWarning: Note that pos_label (set to 'Yes') is ignored when average != 'binary' (got 'weighted'). You may use labels=[pos_label] to specify a single positive class.
  warnings.warn(

2026-09-16 21:13:47,968:INFO:Calculating mean and std
2026-09-16 21:13:47,968:INFO:Creating metrics dataframe
2026-09-16 21:13:47,968:INFO:Uploading results into container
2026-09-16 21:13:47,968:INFO:Uploading model into container now
2026-09-16 21:13:47,968:INFO:_master_model_container: 13
2026-09-16 21:13:47,968:INFO:_display_container: 2
2026-09-16 21:13:47,971:INFO:DummyClassifier(constant=None, random_state=123, strategy='prior')
2026-09-16 21:13:47,971:INFO:create_model() successfully completed......................................
2026-09-16 21:13:48,023:INFO:SubProcess create_model() end ==================================
2026-09-16 21:13:48,023:INFO:Creating metrics dataframe
2026-09-16 21:13:48,039:WARNING:c:\Users\laboratorio\AppData\Local\Programs\Python\Python311\Lib\site-packages\pycaret\internal\pycaret_experiment\supervised_experiment.py:339: FutureWarning: Styler.applymap has been deprecated. Use Styler.map instead.
  .applymap(highlight_cols, subset=["TT (Sec)"])

2026-09-16 21:13:48,043:INFO:Initializing create_model()
2026-09-16 21:13:48,043:INFO:create_model(self=<pycaret.classification.oop.ClassificationExperiment object at 0x0000015898901CD0>, estimator=KNeighborsClassifier(algorithm='auto', leaf_size=30, metric='minkowski',
                     metric_params=None, n_jobs=-1, n_neighbors=5, p=2,
                     weights='uniform'), fold=StratifiedKFold(n_splits=10, random_state=None, shuffle=False), round=4, cross_validation=False, predict=False, fit_kwargs={}, groups=None, refit=True, probability_threshold=None, experiment_custom_tags=None, verbose=False, system=False, add_to_model_list=True, metrics=None, display=None, model_only=True, return_train_score=False, error_score=0.0, kwargs={})
2026-09-16 21:13:48,043:INFO:Checking exceptions
2026-09-16 21:13:48,044:INFO:Importing libraries
2026-09-16 21:13:48,044:INFO:Copying training dataset
2026-09-16 21:13:48,046:INFO:Defining folds
2026-09-16 21:13:48,046:INFO:Declaring metric variables
2026-09-16 21:13:48,046:INFO:Importing untrained model
2026-09-16 21:13:48,046:INFO:Declaring custom model
2026-09-16 21:13:48,047:INFO:K Neighbors Classifier Imported successfully
2026-09-16 21:13:48,048:INFO:Cross validation set to False
2026-09-16 21:13:48,048:INFO:Fitting Model
2026-09-16 21:13:48,172:INFO:KNeighborsClassifier(algorithm='auto', leaf_size=30, metric='minkowski',
                     metric_params=None, n_jobs=-1, n_neighbors=5, p=2,
                     weights='uniform')
2026-09-16 21:13:48,172:INFO:create_model() successfully completed......................................
2026-09-16 21:13:48,245:INFO:_master_model_container: 13
2026-09-16 21:13:48,245:INFO:_display_container: 2
2026-09-16 21:13:48,245:INFO:KNeighborsClassifier(algorithm='auto', leaf_size=30, metric='minkowski',
                     metric_params=None, n_jobs=-1, n_neighbors=5, p=2,
                     weights='uniform')
2026-09-16 21:13:48,246:INFO:compare_models() successfully completed......................................
2026-09-16 21:17:09,829:INFO:Initializing create_model()
2026-09-16 21:17:09,829:INFO:create_model(self=<pycaret.classification.oop.ClassificationExperiment object at 0x0000015898901CD0>, estimator=KNeighborsClassifier(algorithm='auto', leaf_size=30, metric='minkowski',
                     metric_params=None, n_jobs=-1, n_neighbors=5, p=2,
                     weights='uniform'), fold=None, round=4, cross_validation=True, predict=True, fit_kwargs=None, groups=None, refit=True, probability_threshold=None, experiment_custom_tags=None, verbose=True, system=True, add_to_model_list=True, metrics=None, display=None, model_only=True, return_train_score=False, error_score=0.0, kwargs={})
2026-09-16 21:17:09,829:INFO:Checking exceptions
2026-09-16 21:17:09,837:INFO:Importing libraries
2026-09-16 21:17:09,837:INFO:Copying training dataset
2026-09-16 21:17:09,841:INFO:Defining folds
2026-09-16 21:17:09,841:INFO:Declaring metric variables
2026-09-16 21:17:09,843:INFO:Importing untrained model
2026-09-16 21:17:09,843:INFO:Declaring custom model
2026-09-16 21:17:09,845:INFO:K Neighbors Classifier Imported successfully
2026-09-16 21:17:09,845:INFO:Starting cross validation
2026-09-16 21:17:09,845:INFO:Cross validating with StratifiedKFold(n_splits=10, random_state=None, shuffle=False), n_jobs=-1
2026-09-16 21:17:10,158:WARNING:c:\Users\laboratorio\AppData\Local\Programs\Python\Python311\Lib\site-packages\sklearn\metrics\_classification.py:1561: UserWarning: Note that pos_label (set to 'Yes') is ignored when average != 'binary' (got 'weighted'). You may use labels=[pos_label] to specify a single positive class.
  warnings.warn(

2026-09-16 21:17:10,161:WARNING:c:\Users\laboratorio\AppData\Local\Programs\Python\Python311\Lib\site-packages\sklearn\metrics\_classification.py:1561: UserWarning: Note that pos_label (set to 'Yes') is ignored when average != 'binary' (got 'weighted'). You may use labels=[pos_label] to specify a single positive class.
  warnings.warn(

2026-09-16 21:17:10,163:WARNING:c:\Users\laboratorio\AppData\Local\Programs\Python\Python311\Lib\site-packages\sklearn\metrics\_classification.py:1561: UserWarning: Note that pos_label (set to 'Yes') is ignored when average != 'binary' (got 'weighted'). You may use labels=[pos_label] to specify a single positive class.
  warnings.warn(

2026-09-16 21:17:10,164:WARNING:c:\Users\laboratorio\AppData\Local\Programs\Python\Python311\Lib\site-packages\sklearn\metrics\_classification.py:1561: UserWarning: Note that pos_label (set to 'Yes') is ignored when average != 'binary' (got 'weighted'). You may use labels=[pos_label] to specify a single positive class.
  warnings.warn(

2026-09-16 21:17:10,167:WARNING:c:\Users\laboratorio\AppData\Local\Programs\Python\Python311\Lib\site-packages\sklearn\metrics\_classification.py:1561: UserWarning: Note that pos_label (set to 'Yes') is ignored when average != 'binary' (got 'weighted'). You may use labels=[pos_label] to specify a single positive class.
  warnings.warn(

2026-09-16 21:17:10,171:WARNING:c:\Users\laboratorio\AppData\Local\Programs\Python\Python311\Lib\site-packages\sklearn\metrics\_classification.py:1561: UserWarning: Note that pos_label (set to 'Yes') is ignored when average != 'binary' (got 'weighted'). You may use labels=[pos_label] to specify a single positive class.
  warnings.warn(

2026-09-16 21:17:10,177:WARNING:c:\Users\laboratorio\AppData\Local\Programs\Python\Python311\Lib\site-packages\sklearn\metrics\_classification.py:1561: UserWarning: Note that pos_label (set to 'Yes') is ignored when average != 'binary' (got 'weighted'). You may use labels=[pos_label] to specify a single positive class.
  warnings.warn(

2026-09-16 21:17:10,182:WARNING:c:\Users\laboratorio\AppData\Local\Programs\Python\Python311\Lib\site-packages\sklearn\metrics\_classification.py:1561: UserWarning: Note that pos_label (set to 'Yes') is ignored when average != 'binary' (got 'weighted'). You may use labels=[pos_label] to specify a single positive class.
  warnings.warn(

2026-09-16 21:17:10,182:WARNING:c:\Users\laboratorio\AppData\Local\Programs\Python\Python311\Lib\site-packages\sklearn\metrics\_classification.py:1561: UserWarning: Note that pos_label (set to 'Yes') is ignored when average != 'binary' (got 'weighted'). You may use labels=[pos_label] to specify a single positive class.
  warnings.warn(

2026-09-16 21:17:10,185:WARNING:c:\Users\laboratorio\AppData\Local\Programs\Python\Python311\Lib\site-packages\sklearn\metrics\_classification.py:1561: UserWarning: Note that pos_label (set to 'Yes') is ignored when average != 'binary' (got 'weighted'). You may use labels=[pos_label] to specify a single positive class.
  warnings.warn(

2026-09-16 21:17:10,187:WARNING:c:\Users\laboratorio\AppData\Local\Programs\Python\Python311\Lib\site-packages\sklearn\metrics\_classification.py:1561: UserWarning: Note that pos_label (set to 'Yes') is ignored when average != 'binary' (got 'weighted'). You may use labels=[pos_label] to specify a single positive class.
  warnings.warn(

2026-09-16 21:17:10,187:WARNING:c:\Users\laboratorio\AppData\Local\Programs\Python\Python311\Lib\site-packages\sklearn\metrics\_classification.py:1561: UserWarning: Note that pos_label (set to 'Yes') is ignored when average != 'binary' (got 'weighted'). You may use labels=[pos_label] to specify a single positive class.
  warnings.warn(

2026-09-16 21:17:10,195:WARNING:c:\Users\laboratorio\AppData\Local\Programs\Python\Python311\Lib\site-packages\sklearn\metrics\_classification.py:1561: UserWarning: Note that pos_label (set to 'Yes') is ignored when average != 'binary' (got 'weighted'). You may use labels=[pos_label] to specify a single positive class.
  warnings.warn(

2026-09-16 21:17:10,198:WARNING:c:\Users\laboratorio\AppData\Local\Programs\Python\Python311\Lib\site-packages\sklearn\metrics\_classification.py:1561: UserWarning: Note that pos_label (set to 'Yes') is ignored when average != 'binary' (got 'weighted'). You may use labels=[pos_label] to specify a single positive class.
  warnings.warn(

2026-09-16 21:17:10,198:WARNING:c:\Users\laboratorio\AppData\Local\Programs\Python\Python311\Lib\site-packages\sklearn\metrics\_classification.py:1561: UserWarning: Note that pos_label (set to 'Yes') is ignored when average != 'binary' (got 'weighted'). You may use labels=[pos_label] to specify a single positive class.
  warnings.warn(

2026-09-16 21:17:10,200:WARNING:c:\Users\laboratorio\AppData\Local\Programs\Python\Python311\Lib\site-packages\sklearn\metrics\_classification.py:1561: UserWarning: Note that pos_label (set to 'Yes') is ignored when average != 'binary' (got 'weighted'). You may use labels=[pos_label] to specify a single positive class.
  warnings.warn(

2026-09-16 21:17:10,200:WARNING:c:\Users\laboratorio\AppData\Local\Programs\Python\Python311\Lib\site-packages\sklearn\metrics\_classification.py:1561: UserWarning: Note that pos_label (set to 'Yes') is ignored when average != 'binary' (got 'weighted'). You may use labels=[pos_label] to specify a single positive class.
  warnings.warn(

2026-09-16 21:17:10,208:WARNING:c:\Users\laboratorio\AppData\Local\Programs\Python\Python311\Lib\site-packages\sklearn\metrics\_classification.py:1561: UserWarning: Note that pos_label (set to 'Yes') is ignored when average != 'binary' (got 'weighted'). You may use labels=[pos_label] to specify a single positive class.
  warnings.warn(

2026-09-16 21:17:10,208:WARNING:c:\Users\laboratorio\AppData\Local\Programs\Python\Python311\Lib\site-packages\sklearn\metrics\_classification.py:1561: UserWarning: Note that pos_label (set to 'Yes') is ignored when average != 'binary' (got 'weighted'). You may use labels=[pos_label] to specify a single positive class.
  warnings.warn(

2026-09-16 21:17:10,216:WARNING:c:\Users\laboratorio\AppData\Local\Programs\Python\Python311\Lib\site-packages\sklearn\metrics\_classification.py:1561: UserWarning: Note that pos_label (set to 'Yes') is ignored when average != 'binary' (got 'weighted'). You may use labels=[pos_label] to specify a single positive class.
  warnings.warn(

2026-09-16 21:17:10,216:WARNING:c:\Users\laboratorio\AppData\Local\Programs\Python\Python311\Lib\site-packages\sklearn\metrics\_classification.py:1561: UserWarning: Note that pos_label (set to 'Yes') is ignored when average != 'binary' (got 'weighted'). You may use labels=[pos_label] to specify a single positive class.
  warnings.warn(

2026-09-16 21:17:10,220:WARNING:c:\Users\laboratorio\AppData\Local\Programs\Python\Python311\Lib\site-packages\sklearn\metrics\_classification.py:1561: UserWarning: Note that pos_label (set to 'Yes') is ignored when average != 'binary' (got 'weighted'). You may use labels=[pos_label] to specify a single positive class.
  warnings.warn(

2026-09-16 21:17:10,220:WARNING:c:\Users\laboratorio\AppData\Local\Programs\Python\Python311\Lib\site-packages\sklearn\metrics\_classification.py:1561: UserWarning: Note that pos_label (set to 'Yes') is ignored when average != 'binary' (got 'weighted'). You may use labels=[pos_label] to specify a single positive class.
  warnings.warn(

2026-09-16 21:17:10,226:WARNING:c:\Users\laboratorio\AppData\Local\Programs\Python\Python311\Lib\site-packages\sklearn\metrics\_classification.py:1561: UserWarning: Note that pos_label (set to 'Yes') is ignored when average != 'binary' (got 'weighted'). You may use labels=[pos_label] to specify a single positive class.
  warnings.warn(

2026-09-16 21:17:10,226:WARNING:c:\Users\laboratorio\AppData\Local\Programs\Python\Python311\Lib\site-packages\sklearn\metrics\_classification.py:1561: UserWarning: Note that pos_label (set to 'Yes') is ignored when average != 'binary' (got 'weighted'). You may use labels=[pos_label] to specify a single positive class.
  warnings.warn(

2026-09-16 21:17:10,226:WARNING:c:\Users\laboratorio\AppData\Local\Programs\Python\Python311\Lib\site-packages\sklearn\metrics\_classification.py:1561: UserWarning: Note that pos_label (set to 'Yes') is ignored when average != 'binary' (got 'weighted'). You may use labels=[pos_label] to specify a single positive class.
  warnings.warn(

2026-09-16 21:17:10,226:WARNING:c:\Users\laboratorio\AppData\Local\Programs\Python\Python311\Lib\site-packages\sklearn\metrics\_classification.py:1561: UserWarning: Note that pos_label (set to 'Yes') is ignored when average != 'binary' (got 'weighted'). You may use labels=[pos_label] to specify a single positive class.
  warnings.warn(

2026-09-16 21:17:10,226:WARNING:c:\Users\laboratorio\AppData\Local\Programs\Python\Python311\Lib\site-packages\sklearn\metrics\_classification.py:1561: UserWarning: Note that pos_label (set to 'Yes') is ignored when average != 'binary' (got 'weighted'). You may use labels=[pos_label] to specify a single positive class.
  warnings.warn(

2026-09-16 21:17:10,226:WARNING:c:\Users\laboratorio\AppData\Local\Programs\Python\Python311\Lib\site-packages\sklearn\metrics\_classification.py:1561: UserWarning: Note that pos_label (set to 'Yes') is ignored when average != 'binary' (got 'weighted'). You may use labels=[pos_label] to specify a single positive class.
  warnings.warn(

2026-09-16 21:17:10,246:INFO:Calculating mean and std
2026-09-16 21:17:10,246:INFO:Creating metrics dataframe
2026-09-16 21:17:10,249:INFO:Finalizing model
2026-09-16 21:17:10,374:INFO:Uploading results into container
2026-09-16 21:17:10,374:INFO:Uploading model into container now
2026-09-16 21:17:10,378:INFO:_master_model_container: 14
2026-09-16 21:17:10,378:INFO:_display_container: 3
2026-09-16 21:17:10,378:INFO:KNeighborsClassifier(algorithm='auto', leaf_size=30, metric='minkowski',
                     metric_params=None, n_jobs=-1, n_neighbors=5, p=2,
                     weights='uniform')
2026-09-16 21:17:10,378:INFO:create_model() successfully completed......................................
2026-09-16 21:17:30,042:INFO:Initializing evaluate_model()
2026-09-16 21:17:30,042:INFO:evaluate_model(self=<pycaret.classification.oop.ClassificationExperiment object at 0x0000015898901CD0>, estimator=KNeighborsClassifier(algorithm='auto', leaf_size=30, metric='minkowski',
                     metric_params=None, n_jobs=-1, n_neighbors=5, p=2,
                     weights='uniform'), fold=None, fit_kwargs=None, plot_kwargs=None, feature_name=None, groups=None)
2026-09-16 21:17:30,058:INFO:Initializing plot_model()
2026-09-16 21:17:30,058:INFO:plot_model(self=<pycaret.classification.oop.ClassificationExperiment object at 0x0000015898901CD0>, estimator=KNeighborsClassifier(algorithm='auto', leaf_size=30, metric='minkowski',
                     metric_params=None, n_jobs=-1, n_neighbors=5, p=2,
                     weights='uniform'), plot=pipeline, scale=1, save=False, fold=StratifiedKFold(n_splits=10, random_state=None, shuffle=False), fit_kwargs={}, plot_kwargs=None, groups=None, feature_name=None, label=False, verbose=False, system=True, display=None, display_format=None)
2026-09-16 21:17:30,058:INFO:Checking exceptions
2026-09-16 21:17:30,058:INFO:Preloading libraries
2026-09-16 21:17:30,063:INFO:Copying training dataset
2026-09-16 21:17:30,063:INFO:Plot type: pipeline
2026-09-16 21:17:30,158:INFO:Visual Rendered Successfully
2026-09-16 21:17:30,239:INFO:plot_model() successfully completed......................................
2026-09-16 21:18:55,926:INFO:Initializing evaluate_model()
2026-09-16 21:18:55,926:INFO:evaluate_model(self=<pycaret.classification.oop.ClassificationExperiment object at 0x0000015898901CD0>, estimator=KNeighborsClassifier(algorithm='auto', leaf_size=30, metric='minkowski',
                     metric_params=None, n_jobs=-1, n_neighbors=5, p=2,
                     weights='uniform'), fold=None, fit_kwargs=None, plot_kwargs=None, feature_name=None, groups=None)
2026-09-16 21:18:55,930:INFO:Initializing plot_model()
2026-09-16 21:18:55,930:INFO:plot_model(self=<pycaret.classification.oop.ClassificationExperiment object at 0x0000015898901CD0>, estimator=KNeighborsClassifier(algorithm='auto', leaf_size=30, metric='minkowski',
                     metric_params=None, n_jobs=-1, n_neighbors=5, p=2,
                     weights='uniform'), plot=pipeline, scale=1, save=False, fold=StratifiedKFold(n_splits=10, random_state=None, shuffle=False), fit_kwargs={}, plot_kwargs=None, groups=None, feature_name=None, label=False, verbose=False, system=True, display=None, display_format=None)
2026-09-16 21:18:55,930:INFO:Checking exceptions
2026-09-16 21:18:55,930:INFO:Preloading libraries
2026-09-16 21:18:55,930:INFO:Copying training dataset
2026-09-16 21:18:55,930:INFO:Plot type: pipeline
2026-09-16 21:18:55,996:INFO:Visual Rendered Successfully
2026-09-16 21:18:56,060:INFO:plot_model() successfully completed......................................
2026-09-16 21:18:58,081:INFO:Initializing evaluate_model()
2026-09-16 21:18:58,081:INFO:evaluate_model(self=<pycaret.classification.oop.ClassificationExperiment object at 0x0000015898901CD0>, estimator=KNeighborsClassifier(algorithm='auto', leaf_size=30, metric='minkowski',
                     metric_params=None, n_jobs=-1, n_neighbors=5, p=2,
                     weights='uniform'), fold=None, fit_kwargs=None, plot_kwargs=None, feature_name=None, groups=None)
2026-09-16 21:18:58,081:INFO:Initializing plot_model()
2026-09-16 21:18:58,081:INFO:plot_model(self=<pycaret.classification.oop.ClassificationExperiment object at 0x0000015898901CD0>, estimator=KNeighborsClassifier(algorithm='auto', leaf_size=30, metric='minkowski',
                     metric_params=None, n_jobs=-1, n_neighbors=5, p=2,
                     weights='uniform'), plot=pipeline, scale=1, save=False, fold=StratifiedKFold(n_splits=10, random_state=None, shuffle=False), fit_kwargs={}, plot_kwargs=None, groups=None, feature_name=None, label=False, verbose=False, system=True, display=None, display_format=None)
2026-09-16 21:18:58,081:INFO:Checking exceptions
2026-09-16 21:18:58,092:INFO:Preloading libraries
2026-09-16 21:18:58,092:INFO:Copying training dataset
2026-09-16 21:18:58,092:INFO:Plot type: pipeline
2026-09-16 21:18:58,160:INFO:Visual Rendered Successfully
2026-09-16 21:18:58,212:INFO:plot_model() successfully completed......................................
2026-09-16 21:19:15,560:INFO:Initializing evaluate_model()
2026-09-16 21:19:15,560:INFO:evaluate_model(self=<pycaret.classification.oop.ClassificationExperiment object at 0x0000015898901CD0>, estimator=KNeighborsClassifier(algorithm='auto', leaf_size=30, metric='minkowski',
                     metric_params=None, n_jobs=-1, n_neighbors=5, p=2,
                     weights='uniform'), fold=None, fit_kwargs=None, plot_kwargs=None, feature_name=None, groups=None)
2026-09-16 21:19:15,563:INFO:Initializing plot_model()
2026-09-16 21:19:15,563:INFO:plot_model(self=<pycaret.classification.oop.ClassificationExperiment object at 0x0000015898901CD0>, estimator=KNeighborsClassifier(algorithm='auto', leaf_size=30, metric='minkowski',
                     metric_params=None, n_jobs=-1, n_neighbors=5, p=2,
                     weights='uniform'), plot=pipeline, scale=1, save=False, fold=StratifiedKFold(n_splits=10, random_state=None, shuffle=False), fit_kwargs={}, plot_kwargs=None, groups=None, feature_name=None, label=False, verbose=False, system=True, display=None, display_format=None)
2026-09-16 21:19:15,563:INFO:Checking exceptions
2026-09-16 21:19:15,563:INFO:Preloading libraries
2026-09-16 21:19:15,563:INFO:Copying training dataset
2026-09-16 21:19:15,563:INFO:Plot type: pipeline
2026-09-16 21:19:15,630:INFO:Visual Rendered Successfully
2026-09-16 21:19:15,694:INFO:plot_model() successfully completed......................................
2026-09-16 21:19:41,491:INFO:Initializing evaluate_model()
2026-09-16 21:19:41,491:INFO:evaluate_model(self=<pycaret.classification.oop.ClassificationExperiment object at 0x0000015898901CD0>, estimator=KNeighborsClassifier(algorithm='auto', leaf_size=30, metric='minkowski',
                     metric_params=None, n_jobs=-1, n_neighbors=5, p=2,
                     weights='uniform'), fold=None, fit_kwargs=None, plot_kwargs=None, feature_name=None, groups=None)
2026-09-16 21:19:41,497:INFO:Initializing plot_model()
2026-09-16 21:19:41,497:INFO:plot_model(self=<pycaret.classification.oop.ClassificationExperiment object at 0x0000015898901CD0>, estimator=KNeighborsClassifier(algorithm='auto', leaf_size=30, metric='minkowski',
                     metric_params=None, n_jobs=-1, n_neighbors=5, p=2,
                     weights='uniform'), plot=pipeline, scale=1, save=False, fold=StratifiedKFold(n_splits=10, random_state=None, shuffle=False), fit_kwargs={}, plot_kwargs=None, groups=None, feature_name=None, label=False, verbose=False, system=True, display=None, display_format=None)
2026-09-16 21:19:41,497:INFO:Checking exceptions
2026-09-16 21:19:41,499:INFO:Preloading libraries
2026-09-16 21:19:41,499:INFO:Copying training dataset
2026-09-16 21:19:41,499:INFO:Plot type: pipeline
2026-09-16 21:19:41,564:INFO:Visual Rendered Successfully
2026-09-16 21:19:41,636:INFO:plot_model() successfully completed......................................
2026-09-16 21:19:55,722:INFO:Initializing evaluate_model()
2026-09-16 21:19:55,722:INFO:evaluate_model(self=<pycaret.classification.oop.ClassificationExperiment object at 0x0000015898901CD0>, estimator=KNeighborsClassifier(algorithm='auto', leaf_size=30, metric='minkowski',
                     metric_params=None, n_jobs=-1, n_neighbors=5, p=2,
                     weights='uniform'), fold=None, fit_kwargs=None, plot_kwargs=None, feature_name=None, groups=None)
2026-09-16 21:19:55,729:INFO:Initializing plot_model()
2026-09-16 21:19:55,729:INFO:plot_model(self=<pycaret.classification.oop.ClassificationExperiment object at 0x0000015898901CD0>, estimator=KNeighborsClassifier(algorithm='auto', leaf_size=30, metric='minkowski',
                     metric_params=None, n_jobs=-1, n_neighbors=5, p=2,
                     weights='uniform'), plot=pipeline, scale=1, save=False, fold=StratifiedKFold(n_splits=10, random_state=None, shuffle=False), fit_kwargs={}, plot_kwargs=None, groups=None, feature_name=None, label=False, verbose=False, system=True, display=None, display_format=None)
2026-09-16 21:19:55,729:INFO:Checking exceptions
2026-09-16 21:19:55,730:INFO:Preloading libraries
2026-09-16 21:19:55,731:INFO:Copying training dataset
2026-09-16 21:19:55,731:INFO:Plot type: pipeline
2026-09-16 21:19:55,798:INFO:Visual Rendered Successfully
2026-09-16 21:19:55,863:INFO:plot_model() successfully completed......................................
2026-09-16 21:19:57,258:INFO:Initializing create_model()
2026-09-16 21:19:57,258:INFO:create_model(self=<pycaret.classification.oop.ClassificationExperiment object at 0x0000015898901CD0>, estimator=KNeighborsClassifier(algorithm='auto', leaf_size=30, metric='minkowski',
                     metric_params=None, n_jobs=-1, n_neighbors=5, p=2,
                     weights='uniform'), fold=None, round=4, cross_validation=True, predict=True, fit_kwargs=None, groups=None, refit=True, probability_threshold=None, experiment_custom_tags=None, verbose=True, system=True, add_to_model_list=True, metrics=None, display=None, model_only=True, return_train_score=False, error_score=0.0, kwargs={})
2026-09-16 21:19:57,258:INFO:Checking exceptions
2026-09-16 21:19:57,263:INFO:Importing libraries
2026-09-16 21:19:57,263:INFO:Copying training dataset
2026-09-16 21:19:57,263:INFO:Defining folds
2026-09-16 21:19:57,263:INFO:Declaring metric variables
2026-09-16 21:19:57,263:INFO:Importing untrained model
2026-09-16 21:19:57,263:INFO:Declaring custom model
2026-09-16 21:19:57,263:INFO:K Neighbors Classifier Imported successfully
2026-09-16 21:19:57,278:INFO:Starting cross validation
2026-09-16 21:19:57,280:INFO:Cross validating with StratifiedKFold(n_splits=10, random_state=None, shuffle=False), n_jobs=-1
2026-09-16 21:19:57,756:WARNING:c:\Users\laboratorio\AppData\Local\Programs\Python\Python311\Lib\site-packages\sklearn\metrics\_classification.py:1561: UserWarning: Note that pos_label (set to 'Yes') is ignored when average != 'binary' (got 'weighted'). You may use labels=[pos_label] to specify a single positive class.
  warnings.warn(

2026-09-16 21:19:57,761:WARNING:c:\Users\laboratorio\AppData\Local\Programs\Python\Python311\Lib\site-packages\sklearn\metrics\_classification.py:1561: UserWarning: Note that pos_label (set to 'Yes') is ignored when average != 'binary' (got 'weighted'). You may use labels=[pos_label] to specify a single positive class.
  warnings.warn(

2026-09-16 21:19:57,761:WARNING:c:\Users\laboratorio\AppData\Local\Programs\Python\Python311\Lib\site-packages\sklearn\metrics\_classification.py:1561: UserWarning: Note that pos_label (set to 'Yes') is ignored when average != 'binary' (got 'weighted'). You may use labels=[pos_label] to specify a single positive class.
  warnings.warn(

2026-09-16 21:19:57,818:WARNING:c:\Users\laboratorio\AppData\Local\Programs\Python\Python311\Lib\site-packages\sklearn\metrics\_classification.py:1561: UserWarning: Note that pos_label (set to 'Yes') is ignored when average != 'binary' (got 'weighted'). You may use labels=[pos_label] to specify a single positive class.
  warnings.warn(

2026-09-16 21:19:57,827:WARNING:c:\Users\laboratorio\AppData\Local\Programs\Python\Python311\Lib\site-packages\sklearn\metrics\_classification.py:1561: UserWarning: Note that pos_label (set to 'Yes') is ignored when average != 'binary' (got 'weighted'). You may use labels=[pos_label] to specify a single positive class.
  warnings.warn(

2026-09-16 21:19:57,829:WARNING:c:\Users\laboratorio\AppData\Local\Programs\Python\Python311\Lib\site-packages\sklearn\metrics\_classification.py:1561: UserWarning: Note that pos_label (set to 'Yes') is ignored when average != 'binary' (got 'weighted'). You may use labels=[pos_label] to specify a single positive class.
  warnings.warn(

2026-09-16 21:19:57,829:WARNING:c:\Users\laboratorio\AppData\Local\Programs\Python\Python311\Lib\site-packages\sklearn\metrics\_classification.py:1561: UserWarning: Note that pos_label (set to 'Yes') is ignored when average != 'binary' (got 'weighted'). You may use labels=[pos_label] to specify a single positive class.
  warnings.warn(

2026-09-16 21:19:57,829:WARNING:c:\Users\laboratorio\AppData\Local\Programs\Python\Python311\Lib\site-packages\sklearn\metrics\_classification.py:1561: UserWarning: Note that pos_label (set to 'Yes') is ignored when average != 'binary' (got 'weighted'). You may use labels=[pos_label] to specify a single positive class.
  warnings.warn(

2026-09-16 21:19:57,829:WARNING:c:\Users\laboratorio\AppData\Local\Programs\Python\Python311\Lib\site-packages\sklearn\metrics\_classification.py:1561: UserWarning: Note that pos_label (set to 'Yes') is ignored when average != 'binary' (got 'weighted'). You may use labels=[pos_label] to specify a single positive class.
  warnings.warn(

2026-09-16 21:19:57,839:WARNING:c:\Users\laboratorio\AppData\Local\Programs\Python\Python311\Lib\site-packages\sklearn\metrics\_classification.py:1561: UserWarning: Note that pos_label (set to 'Yes') is ignored when average != 'binary' (got 'weighted'). You may use labels=[pos_label] to specify a single positive class.
  warnings.warn(

2026-09-16 21:19:57,843:WARNING:c:\Users\laboratorio\AppData\Local\Programs\Python\Python311\Lib\site-packages\sklearn\metrics\_classification.py:1561: UserWarning: Note that pos_label (set to 'Yes') is ignored when average != 'binary' (got 'weighted'). You may use labels=[pos_label] to specify a single positive class.
  warnings.warn(

2026-09-16 21:19:57,844:WARNING:c:\Users\laboratorio\AppData\Local\Programs\Python\Python311\Lib\site-packages\sklearn\metrics\_classification.py:1561: UserWarning: Note that pos_label (set to 'Yes') is ignored when average != 'binary' (got 'weighted'). You may use labels=[pos_label] to specify a single positive class.
  warnings.warn(

2026-09-16 21:19:57,850:WARNING:c:\Users\laboratorio\AppData\Local\Programs\Python\Python311\Lib\site-packages\sklearn\metrics\_classification.py:1561: UserWarning: Note that pos_label (set to 'Yes') is ignored when average != 'binary' (got 'weighted'). You may use labels=[pos_label] to specify a single positive class.
  warnings.warn(

2026-09-16 21:19:57,852:WARNING:c:\Users\laboratorio\AppData\Local\Programs\Python\Python311\Lib\site-packages\sklearn\metrics\_classification.py:1561: UserWarning: Note that pos_label (set to 'Yes') is ignored when average != 'binary' (got 'weighted'). You may use labels=[pos_label] to specify a single positive class.
  warnings.warn(

2026-09-16 21:19:57,854:WARNING:c:\Users\laboratorio\AppData\Local\Programs\Python\Python311\Lib\site-packages\sklearn\metrics\_classification.py:1561: UserWarning: Note that pos_label (set to 'Yes') is ignored when average != 'binary' (got 'weighted'). You may use labels=[pos_label] to specify a single positive class.
  warnings.warn(

2026-09-16 21:19:57,854:WARNING:c:\Users\laboratorio\AppData\Local\Programs\Python\Python311\Lib\site-packages\sklearn\metrics\_classification.py:1561: UserWarning: Note that pos_label (set to 'Yes') is ignored when average != 'binary' (got 'weighted'). You may use labels=[pos_label] to specify a single positive class.
  warnings.warn(

2026-09-16 21:19:57,858:WARNING:c:\Users\laboratorio\AppData\Local\Programs\Python\Python311\Lib\site-packages\sklearn\metrics\_classification.py:1561: UserWarning: Note that pos_label (set to 'Yes') is ignored when average != 'binary' (got 'weighted'). You may use labels=[pos_label] to specify a single positive class.
  warnings.warn(

2026-09-16 21:19:57,858:WARNING:c:\Users\laboratorio\AppData\Local\Programs\Python\Python311\Lib\site-packages\sklearn\metrics\_classification.py:1561: UserWarning: Note that pos_label (set to 'Yes') is ignored when average != 'binary' (got 'weighted'). You may use labels=[pos_label] to specify a single positive class.
  warnings.warn(

2026-09-16 21:19:57,861:WARNING:c:\Users\laboratorio\AppData\Local\Programs\Python\Python311\Lib\site-packages\sklearn\metrics\_classification.py:1561: UserWarning: Note that pos_label (set to 'Yes') is ignored when average != 'binary' (got 'weighted'). You may use labels=[pos_label] to specify a single positive class.
  warnings.warn(

2026-09-16 21:19:57,866:WARNING:c:\Users\laboratorio\AppData\Local\Programs\Python\Python311\Lib\site-packages\sklearn\metrics\_classification.py:1561: UserWarning: Note that pos_label (set to 'Yes') is ignored when average != 'binary' (got 'weighted'). You may use labels=[pos_label] to specify a single positive class.
  warnings.warn(

2026-09-16 21:19:57,866:WARNING:c:\Users\laboratorio\AppData\Local\Programs\Python\Python311\Lib\site-packages\sklearn\metrics\_classification.py:1561: UserWarning: Note that pos_label (set to 'Yes') is ignored when average != 'binary' (got 'weighted'). You may use labels=[pos_label] to specify a single positive class.
  warnings.warn(

2026-09-16 21:19:57,866:WARNING:c:\Users\laboratorio\AppData\Local\Programs\Python\Python311\Lib\site-packages\sklearn\metrics\_classification.py:1561: UserWarning: Note that pos_label (set to 'Yes') is ignored when average != 'binary' (got 'weighted'). You may use labels=[pos_label] to specify a single positive class.
  warnings.warn(

2026-09-16 21:19:57,870:WARNING:c:\Users\laboratorio\AppData\Local\Programs\Python\Python311\Lib\site-packages\sklearn\metrics\_classification.py:1561: UserWarning: Note that pos_label (set to 'Yes') is ignored when average != 'binary' (got 'weighted'). You may use labels=[pos_label] to specify a single positive class.
  warnings.warn(

2026-09-16 21:19:57,870:WARNING:c:\Users\laboratorio\AppData\Local\Programs\Python\Python311\Lib\site-packages\sklearn\metrics\_classification.py:1561: UserWarning: Note that pos_label (set to 'Yes') is ignored when average != 'binary' (got 'weighted'). You may use labels=[pos_label] to specify a single positive class.
  warnings.warn(

2026-09-16 21:19:57,877:WARNING:c:\Users\laboratorio\AppData\Local\Programs\Python\Python311\Lib\site-packages\sklearn\metrics\_classification.py:1561: UserWarning: Note that pos_label (set to 'Yes') is ignored when average != 'binary' (got 'weighted'). You may use labels=[pos_label] to specify a single positive class.
  warnings.warn(

2026-09-16 21:19:57,878:WARNING:c:\Users\laboratorio\AppData\Local\Programs\Python\Python311\Lib\site-packages\sklearn\metrics\_classification.py:1561: UserWarning: Note that pos_label (set to 'Yes') is ignored when average != 'binary' (got 'weighted'). You may use labels=[pos_label] to specify a single positive class.
  warnings.warn(

2026-09-16 21:19:57,878:WARNING:c:\Users\laboratorio\AppData\Local\Programs\Python\Python311\Lib\site-packages\sklearn\metrics\_classification.py:1561: UserWarning: Note that pos_label (set to 'Yes') is ignored when average != 'binary' (got 'weighted'). You may use labels=[pos_label] to specify a single positive class.
  warnings.warn(

2026-09-16 21:19:57,881:WARNING:c:\Users\laboratorio\AppData\Local\Programs\Python\Python311\Lib\site-packages\sklearn\metrics\_classification.py:1561: UserWarning: Note that pos_label (set to 'Yes') is ignored when average != 'binary' (got 'weighted'). You may use labels=[pos_label] to specify a single positive class.
  warnings.warn(

2026-09-16 21:19:57,881:WARNING:c:\Users\laboratorio\AppData\Local\Programs\Python\Python311\Lib\site-packages\sklearn\metrics\_classification.py:1561: UserWarning: Note that pos_label (set to 'Yes') is ignored when average != 'binary' (got 'weighted'). You may use labels=[pos_label] to specify a single positive class.
  warnings.warn(

2026-09-16 21:19:57,891:INFO:Calculating mean and std
2026-09-16 21:19:57,891:INFO:Creating metrics dataframe
2026-09-16 21:19:57,894:INFO:Finalizing model
2026-09-16 21:19:58,024:INFO:Uploading results into container
2026-09-16 21:19:58,024:INFO:Uploading model into container now
2026-09-16 21:19:58,028:INFO:_master_model_container: 15
2026-09-16 21:19:58,029:INFO:_display_container: 4
2026-09-16 21:19:58,029:INFO:KNeighborsClassifier(algorithm='auto', leaf_size=30, metric='minkowski',
                     metric_params=None, n_jobs=-1, n_neighbors=5, p=2,
                     weights='uniform')
2026-09-16 21:19:58,029:INFO:create_model() successfully completed......................................
2026-09-16 21:19:59,682:INFO:Initializing evaluate_model()
2026-09-16 21:19:59,682:INFO:evaluate_model(self=<pycaret.classification.oop.ClassificationExperiment object at 0x0000015898901CD0>, estimator=KNeighborsClassifier(algorithm='auto', leaf_size=30, metric='minkowski',
                     metric_params=None, n_jobs=-1, n_neighbors=5, p=2,
                     weights='uniform'), fold=None, fit_kwargs=None, plot_kwargs=None, feature_name=None, groups=None)
2026-09-16 21:19:59,685:INFO:Initializing plot_model()
2026-09-16 21:19:59,685:INFO:plot_model(self=<pycaret.classification.oop.ClassificationExperiment object at 0x0000015898901CD0>, estimator=KNeighborsClassifier(algorithm='auto', leaf_size=30, metric='minkowski',
                     metric_params=None, n_jobs=-1, n_neighbors=5, p=2,
                     weights='uniform'), plot=pipeline, scale=1, save=False, fold=StratifiedKFold(n_splits=10, random_state=None, shuffle=False), fit_kwargs={}, plot_kwargs=None, groups=None, feature_name=None, label=False, verbose=False, system=True, display=None, display_format=None)
2026-09-16 21:19:59,685:INFO:Checking exceptions
2026-09-16 21:19:59,685:INFO:Preloading libraries
2026-09-16 21:19:59,685:INFO:Copying training dataset
2026-09-16 21:19:59,685:INFO:Plot type: pipeline
2026-09-16 21:19:59,747:INFO:Visual Rendered Successfully
2026-09-16 21:19:59,813:INFO:plot_model() successfully completed......................................
2026-09-16 21:20:26,650:INFO:Initializing evaluate_model()
2026-09-16 21:20:26,650:INFO:evaluate_model(self=<pycaret.classification.oop.ClassificationExperiment object at 0x0000015898901CD0>, estimator=KNeighborsClassifier(algorithm='auto', leaf_size=30, metric='minkowski',
                     metric_params=None, n_jobs=-1, n_neighbors=5, p=2,
                     weights='uniform'), fold=None, fit_kwargs=None, plot_kwargs=None, feature_name=None, groups=None)
2026-09-16 21:20:26,656:INFO:Initializing plot_model()
2026-09-16 21:20:26,656:INFO:plot_model(self=<pycaret.classification.oop.ClassificationExperiment object at 0x0000015898901CD0>, estimator=KNeighborsClassifier(algorithm='auto', leaf_size=30, metric='minkowski',
                     metric_params=None, n_jobs=-1, n_neighbors=5, p=2,
                     weights='uniform'), plot=pipeline, scale=1, save=False, fold=StratifiedKFold(n_splits=10, random_state=None, shuffle=False), fit_kwargs={}, plot_kwargs=None, groups=None, feature_name=None, label=False, verbose=False, system=True, display=None, display_format=None)
2026-09-16 21:20:26,656:INFO:Checking exceptions
2026-09-16 21:20:26,658:INFO:Preloading libraries
2026-09-16 21:20:26,658:INFO:Copying training dataset
2026-09-16 21:20:26,658:INFO:Plot type: pipeline
2026-09-16 21:20:26,711:INFO:Visual Rendered Successfully
2026-09-16 21:20:26,781:INFO:plot_model() successfully completed......................................
2026-09-16 21:23:33,979:WARNING:
'cuml' is a soft dependency and not included in the pycaret installation. Please run: `pip install cuml` to install.
2026-09-16 21:23:33,979:WARNING:
'cuml' is a soft dependency and not included in the pycaret installation. Please run: `pip install cuml` to install.
2026-09-16 21:23:33,979:WARNING:
'cuml' is a soft dependency and not included in the pycaret installation. Please run: `pip install cuml` to install.
2026-09-16 21:23:33,979:WARNING:
'cuml' is a soft dependency and not included in the pycaret installation. Please run: `pip install cuml` to install.
2026-09-16 21:23:38,340:INFO:PyCaret ClassificationExperiment
2026-09-16 21:23:38,340:INFO:Logging name: clf-default-name
2026-09-16 21:23:38,340:INFO:ML Usecase: MLUsecase.CLASSIFICATION
2026-09-16 21:23:38,340:INFO:version 3.3.2
2026-09-16 21:23:38,340:INFO:Initializing setup()
2026-09-16 21:23:38,340:INFO:self.USI: 2c29
2026-09-16 21:23:38,340:INFO:self._variable_keys: {'y_train', 'fold_shuffle_param', 'seed', 'X', 'gpu_n_jobs_param', 'html_param', 'log_plots_param', 'idx', 'fix_imbalance', 'n_jobs_param', '_available_plots', 'fold_groups_param', 'data', 'exp_id', 'y', 'pipeline', 'X_train', 'memory', 'gpu_param', '_ml_usecase', 'y_test', 'is_multiclass', 'X_test', 'fold_generator', 'USI', 'target_param', 'exp_name_log', 'logging_param'}
2026-09-16 21:23:38,340:INFO:Checking environment
2026-09-16 21:23:38,340:INFO:python_version: 3.11.9
2026-09-16 21:23:38,340:INFO:python_build: ('tags/v3.11.9:de54cf5', 'Apr  2 2024 10:12:12')
2026-09-16 21:23:38,340:INFO:machine: AMD64
2026-09-16 21:23:38,340:INFO:platform: Windows-10-10.0.26100-SP0
2026-09-16 21:23:38,341:INFO:Memory: svmem(total=34031316992, available=23156383744, percent=32.0, used=10874933248, free=23156383744)
2026-09-16 21:23:38,341:INFO:Physical Core: 14
2026-09-16 21:23:38,341:INFO:Logical Core: 20
2026-09-16 21:23:38,341:INFO:Checking libraries
2026-09-16 21:23:38,341:INFO:System:
2026-09-16 21:23:38,341:INFO:    python: 3.11.9 (tags/v3.11.9:de54cf5, Apr  2 2024, 10:12:12) [MSC v.1938 64 bit (AMD64)]
2026-09-16 21:23:38,341:INFO:executable: c:\Users\laboratorio\AppData\Local\Programs\Python\Python311\python.exe
2026-09-16 21:23:38,341:INFO:   machine: Windows-10-10.0.26100-SP0
2026-09-16 21:23:38,341:INFO:PyCaret required dependencies:
2026-09-16 21:23:38,359:INFO:                 pip: 24.0
2026-09-16 21:23:38,359:INFO:          setuptools: 65.5.0
2026-09-16 21:23:38,359:INFO:             pycaret: 3.3.2
2026-09-16 21:23:38,359:INFO:             IPython: 9.17.1
2026-09-16 21:23:38,359:INFO:          ipywidgets: 8.1.9
2026-09-16 21:23:38,359:INFO:                tqdm: 4.70.1
2026-09-16 21:23:38,359:INFO:               numpy: 1.26.4
2026-09-16 21:23:38,359:INFO:              pandas: 2.1.4
2026-09-16 21:23:38,359:INFO:              jinja2: 3.1.6
2026-09-16 21:23:38,359:INFO:               scipy: 1.11.4
2026-09-16 21:23:38,359:INFO:              joblib: 1.3.2
2026-09-16 21:23:38,359:INFO:             sklearn: 1.4.2
2026-09-16 21:23:38,359:INFO:                pyod: 3.4.0
2026-09-16 21:23:38,359:INFO:            imblearn: 0.14.2
2026-09-16 21:23:38,359:INFO:   category_encoders: 2.7.0
2026-09-16 21:23:38,359:INFO:            lightgbm: 4.7.0
2026-09-16 21:23:38,359:INFO:               numba: 0.67.0
2026-09-16 21:23:38,359:INFO:            requests: 2.34.2
2026-09-16 21:23:38,359:INFO:          matplotlib: 3.7.5
2026-09-16 21:23:38,359:INFO:          scikitplot: 0.3.7
2026-09-16 21:23:38,359:INFO:         yellowbrick: 1.5
2026-09-16 21:23:38,359:INFO:              plotly: 6.9.0
2026-09-16 21:23:38,359:INFO:    plotly-resampler: Not installed
2026-09-16 21:23:38,359:INFO:             kaleido: 1.4.0
2026-09-16 21:23:38,359:INFO:           schemdraw: 0.15
2026-09-16 21:23:38,359:INFO:         statsmodels: 0.15.0
2026-09-16 21:23:38,359:INFO:              sktime: 0.26.0
2026-09-16 21:23:38,359:INFO:               tbats: 1.1.3
2026-09-16 21:23:38,359:INFO:            pmdarima: 2.0.4
2026-09-16 21:23:38,359:INFO:              psutil: 7.2.2
2026-09-16 21:23:38,359:INFO:          markupsafe: 3.0.3
2026-09-16 21:23:38,359:INFO:             pickle5: Not installed
2026-09-16 21:23:38,359:INFO:         cloudpickle: 3.1.2
2026-09-16 21:23:38,359:INFO:         deprecation: 2.1.0
2026-09-16 21:23:38,359:INFO:              xxhash: 4.0.1
2026-09-16 21:23:38,359:INFO:           wurlitzer: Not installed
2026-09-16 21:23:38,359:INFO:PyCaret optional dependencies:
2026-09-16 21:23:38,364:INFO:                shap: Not installed
2026-09-16 21:23:38,364:INFO:           interpret: Not installed
2026-09-16 21:23:38,364:INFO:                umap: Not installed
2026-09-16 21:23:38,364:INFO:     ydata_profiling: Not installed
2026-09-16 21:23:38,364:INFO:  explainerdashboard: Not installed
2026-09-16 21:23:38,364:INFO:             autoviz: Not installed
2026-09-16 21:23:38,364:INFO:           fairlearn: Not installed
2026-09-16 21:23:38,364:INFO:          deepchecks: Not installed
2026-09-16 21:23:38,364:INFO:             xgboost: Not installed
2026-09-16 21:23:38,364:INFO:            catboost: Not installed
2026-09-16 21:23:38,364:INFO:              kmodes: Not installed
2026-09-16 21:23:38,364:INFO:             mlxtend: Not installed
2026-09-16 21:23:38,364:INFO:       statsforecast: Not installed
2026-09-16 21:23:38,365:INFO:        tune_sklearn: Not installed
2026-09-16 21:23:38,365:INFO:                 ray: Not installed
2026-09-16 21:23:38,365:INFO:            hyperopt: Not installed
2026-09-16 21:23:38,365:INFO:              optuna: Not installed
2026-09-16 21:23:38,365:INFO:               skopt: Not installed
2026-09-16 21:23:38,365:INFO:              mlflow: Not installed
2026-09-16 21:23:38,365:INFO:              gradio: Not installed
2026-09-16 21:23:38,365:INFO:             fastapi: Not installed
2026-09-16 21:23:38,365:INFO:             uvicorn: Not installed
2026-09-16 21:23:38,365:INFO:              m2cgen: Not installed
2026-09-16 21:23:38,365:INFO:           evidently: Not installed
2026-09-16 21:23:38,365:INFO:               fugue: Not installed
2026-09-16 21:23:38,365:INFO:           streamlit: Not installed
2026-09-16 21:23:38,365:INFO:             prophet: Not installed
2026-09-16 21:23:38,365:INFO:None
2026-09-16 21:23:38,365:INFO:Set up data.
2026-09-16 21:23:38,382:INFO:Set up folding strategy.
2026-09-16 21:23:38,382:INFO:Set up train/test split.
2026-09-16 21:23:38,393:INFO:Set up index.
2026-09-16 21:23:38,393:INFO:Assigning column types.
2026-09-16 21:23:38,395:INFO:Engine successfully changes for model 'lr' to 'sklearn'.
2026-09-16 21:23:38,414:INFO:Engine for model 'knn' has not been set explicitly, hence returning None.
2026-09-16 21:23:38,414:INFO:Engine for model 'rbfsvm' has not been set explicitly, hence returning None.
2026-09-16 21:23:38,490:WARNING:
'xgboost' is a soft dependency and not included in the pycaret installation. Please run: `pip install xgboost` to install.
Alternately, you can install this by running `pip install pycaret[models]`
2026-09-16 21:23:38,490:WARNING:
'catboost' is a soft dependency and not included in the pycaret installation. Please run: `pip install catboost` to install.
Alternately, you can install this by running `pip install pycaret[models]`
2026-09-16 21:23:38,513:INFO:Engine for model 'knn' has not been set explicitly, hence returning None.
2026-09-16 21:23:38,513:INFO:Engine for model 'rbfsvm' has not been set explicitly, hence returning None.
2026-09-16 21:23:38,535:WARNING:
'xgboost' is a soft dependency and not included in the pycaret installation. Please run: `pip install xgboost` to install.
Alternately, you can install this by running `pip install pycaret[models]`
2026-09-16 21:23:38,535:WARNING:
'catboost' is a soft dependency and not included in the pycaret installation. Please run: `pip install catboost` to install.
Alternately, you can install this by running `pip install pycaret[models]`
2026-09-16 21:23:38,535:INFO:Engine successfully changes for model 'knn' to 'sklearn'.
2026-09-16 21:23:38,560:INFO:Engine for model 'rbfsvm' has not been set explicitly, hence returning None.
2026-09-16 21:23:38,577:WARNING:
'xgboost' is a soft dependency and not included in the pycaret installation. Please run: `pip install xgboost` to install.
Alternately, you can install this by running `pip install pycaret[models]`
2026-09-16 21:23:38,577:WARNING:
'catboost' is a soft dependency and not included in the pycaret installation. Please run: `pip install catboost` to install.
Alternately, you can install this by running `pip install pycaret[models]`
2026-09-16 21:23:38,603:INFO:Engine for model 'rbfsvm' has not been set explicitly, hence returning None.
2026-09-16 21:23:38,617:WARNING:
'xgboost' is a soft dependency and not included in the pycaret installation. Please run: `pip install xgboost` to install.
Alternately, you can install this by running `pip install pycaret[models]`
2026-09-16 21:23:38,617:WARNING:
'catboost' is a soft dependency and not included in the pycaret installation. Please run: `pip install catboost` to install.
Alternately, you can install this by running `pip install pycaret[models]`
2026-09-16 21:23:38,618:INFO:Engine successfully changes for model 'rbfsvm' to 'sklearn'.
2026-09-16 21:23:38,658:WARNING:
'xgboost' is a soft dependency and not included in the pycaret installation. Please run: `pip install xgboost` to install.
Alternately, you can install this by running `pip install pycaret[models]`
2026-09-16 21:23:38,658:WARNING:
'catboost' is a soft dependency and not included in the pycaret installation. Please run: `pip install catboost` to install.
Alternately, you can install this by running `pip install pycaret[models]`
2026-09-16 21:23:38,695:WARNING:
'xgboost' is a soft dependency and not included in the pycaret installation. Please run: `pip install xgboost` to install.
Alternately, you can install this by running `pip install pycaret[models]`
2026-09-16 21:23:38,695:WARNING:
'catboost' is a soft dependency and not included in the pycaret installation. Please run: `pip install catboost` to install.
Alternately, you can install this by running `pip install pycaret[models]`
2026-09-16 21:23:38,695:INFO:Preparing preprocessing pipeline...
2026-09-16 21:23:38,695:INFO:Set up label encoding.
2026-09-16 21:23:38,695:INFO:Set up simple imputation.
2026-09-16 21:23:38,695:INFO:Set up encoding of ordinal features.
2026-09-16 21:23:38,695:INFO:Set up encoding of categorical features.
2026-09-16 21:23:38,912:INFO:Finished creating preprocessing pipeline.
2026-09-16 21:23:38,937:INFO:Pipeline: Pipeline(memory=FastMemory(location=C:\Users\LABORA~1\AppData\Local\Temp\joblib),
         steps=[('label_encoding',
                 TransformerWrapperWithInverse(exclude=None, include=None,
                                               transformer=LabelEncoder())),
                ('numerical_imputer',
                 TransformerWrapper(exclude=None,
                                    include=['SeniorCitizen', 'tenure',
                                             'MonthlyCharges'],
                                    transformer=SimpleImputer(add_indicator=False,
                                                              copy=Tru...
                                                              return_df=True,
                                                              use_cat_names=True,
                                                              verbose=0))),
                ('rest_encoding',
                 TransformerWrapper(exclude=None,
                                    include=['customerID', 'TotalCharges'],
                                    transformer=TargetEncoder(cols=['customerID',
                                                                    'TotalCharges'],
                                                              drop_invariant=False,
                                                              handle_missing='return_nan',
                                                              handle_unknown='value',
                                                              hierarchy=None,
                                                              min_samples_leaf=20,
                                                              return_df=True,
                                                              smoothing=10,
                                                              verbose=0)))],
         verbose=False)
2026-09-16 21:23:38,937:INFO:Creating final display dataframe.
2026-09-16 21:23:39,189:INFO:Setup _display_container:                     Description             Value
0                    Session id               123
1                        Target             Churn
2                   Target type            Binary
3                Target mapping     No: 0, Yes: 1
4           Original data shape        (7043, 21)
5        Transformed data shape        (7043, 42)
6   Transformed train set shape        (4930, 42)
7    Transformed test set shape        (2113, 42)
8              Numeric features                 3
9          Categorical features                17
10                   Preprocess              True
11              Imputation type            simple
12           Numeric imputation              mean
13       Categorical imputation              mode
14     Maximum one-hot encoding                25
15              Encoding method              None
16               Fold Generator   StratifiedKFold
17                  Fold Number                10
18                     CPU Jobs                -1
19                      Use GPU             False
20               Log Experiment             False
21              Experiment Name  clf-default-name
22                          USI              2c29
2026-09-16 21:23:39,230:WARNING:
'xgboost' is a soft dependency and not included in the pycaret installation. Please run: `pip install xgboost` to install.
Alternately, you can install this by running `pip install pycaret[models]`
2026-09-16 21:23:39,230:WARNING:
'catboost' is a soft dependency and not included in the pycaret installation. Please run: `pip install catboost` to install.
Alternately, you can install this by running `pip install pycaret[models]`
2026-09-16 21:23:39,264:WARNING:
'xgboost' is a soft dependency and not included in the pycaret installation. Please run: `pip install xgboost` to install.
Alternately, you can install this by running `pip install pycaret[models]`
2026-09-16 21:23:39,264:WARNING:
'catboost' is a soft dependency and not included in the pycaret installation. Please run: `pip install catboost` to install.
Alternately, you can install this by running `pip install pycaret[models]`
2026-09-16 21:23:39,264:INFO:setup() successfully completed in 0.93s...............
2026-09-16 21:23:41,707:INFO:Initializing compare_models()
2026-09-16 21:23:41,707:INFO:compare_models(self=<pycaret.classification.oop.ClassificationExperiment object at 0x000002E542BA4390>, include=None, exclude=None, fold=None, round=4, cross_validation=True, sort=Accuracy, n_select=1, budget_time=None, turbo=True, errors=ignore, fit_kwargs=None, groups=None, experiment_custom_tags=None, probability_threshold=None, verbose=True, parallel=None, caller_params={'self': <pycaret.classification.oop.ClassificationExperiment object at 0x000002E542BA4390>, 'include': None, 'exclude': None, 'fold': None, 'round': 4, 'cross_validation': True, 'sort': 'Accuracy', 'n_select': 1, 'budget_time': None, 'turbo': True, 'errors': 'ignore', 'fit_kwargs': None, 'groups': None, 'experiment_custom_tags': None, 'probability_threshold': None, 'engine': None, 'verbose': True, 'parallel': None, '__class__': <class 'pycaret.classification.oop.ClassificationExperiment'>})
2026-09-16 21:23:41,707:INFO:Checking exceptions
2026-09-16 21:23:41,712:INFO:Preparing display monitor
2026-09-16 21:23:41,725:INFO:Initializing Logistic Regression
2026-09-16 21:23:41,725:INFO:Total runtime is 0.0 minutes
2026-09-16 21:23:41,727:INFO:SubProcess create_model() called ==================================
2026-09-16 21:23:41,727:INFO:Initializing create_model()
2026-09-16 21:23:41,727:INFO:create_model(self=<pycaret.classification.oop.ClassificationExperiment object at 0x000002E542BA4390>, estimator=lr, fold=StratifiedKFold(n_splits=10, random_state=None, shuffle=False), round=4, cross_validation=True, predict=True, fit_kwargs={}, groups=None, refit=False, probability_threshold=None, experiment_custom_tags=None, verbose=False, system=False, add_to_model_list=True, metrics=None, display=<pycaret.internal.display.display.CommonDisplay object at 0x000002E544D810D0>, model_only=True, return_train_score=False, error_score=0.0, kwargs={})
2026-09-16 21:23:41,728:INFO:Checking exceptions
2026-09-16 21:23:41,728:INFO:Importing libraries
2026-09-16 21:23:41,728:INFO:Copying training dataset
2026-09-16 21:23:41,731:INFO:Defining folds
2026-09-16 21:23:41,731:INFO:Declaring metric variables
2026-09-16 21:23:41,734:INFO:Importing untrained model
2026-09-16 21:23:41,735:INFO:Logistic Regression Imported successfully
2026-09-16 21:23:41,739:INFO:Starting cross validation
2026-09-16 21:23:41,742:INFO:Cross validating with StratifiedKFold(n_splits=10, random_state=None, shuffle=False), n_jobs=-1
2026-09-16 21:23:44,638:WARNING:c:\Users\laboratorio\AppData\Local\Programs\Python\Python311\Lib\site-packages\sklearn\metrics\_classification.py:1561: UserWarning: Note that pos_label (set to 'Yes') is ignored when average != 'binary' (got 'weighted'). You may use labels=[pos_label] to specify a single positive class.
  warnings.warn(

2026-09-16 21:23:44,640:WARNING:c:\Users\laboratorio\AppData\Local\Programs\Python\Python311\Lib\site-packages\sklearn\metrics\_classification.py:1561: UserWarning: Note that pos_label (set to 'Yes') is ignored when average != 'binary' (got 'weighted'). You may use labels=[pos_label] to specify a single positive class.
  warnings.warn(

2026-09-16 21:23:44,642:WARNING:c:\Users\laboratorio\AppData\Local\Programs\Python\Python311\Lib\site-packages\sklearn\metrics\_classification.py:1561: UserWarning: Note that pos_label (set to 'Yes') is ignored when average != 'binary' (got 'weighted'). You may use labels=[pos_label] to specify a single positive class.
  warnings.warn(

2026-09-16 21:23:44,708:WARNING:c:\Users\laboratorio\AppData\Local\Programs\Python\Python311\Lib\site-packages\sklearn\metrics\_classification.py:1561: UserWarning: Note that pos_label (set to 'Yes') is ignored when average != 'binary' (got 'weighted'). You may use labels=[pos_label] to specify a single positive class.
  warnings.warn(

2026-09-16 21:23:44,710:WARNING:c:\Users\laboratorio\AppData\Local\Programs\Python\Python311\Lib\site-packages\sklearn\metrics\_classification.py:1561: UserWarning: Note that pos_label (set to 'Yes') is ignored when average != 'binary' (got 'weighted'). You may use labels=[pos_label] to specify a single positive class.
  warnings.warn(

2026-09-16 21:23:44,714:WARNING:c:\Users\laboratorio\AppData\Local\Programs\Python\Python311\Lib\site-packages\sklearn\metrics\_classification.py:1561: UserWarning: Note that pos_label (set to 'Yes') is ignored when average != 'binary' (got 'weighted'). You may use labels=[pos_label] to specify a single positive class.
  warnings.warn(

2026-09-16 21:23:44,741:WARNING:c:\Users\laboratorio\AppData\Local\Programs\Python\Python311\Lib\site-packages\sklearn\metrics\_classification.py:1561: UserWarning: Note that pos_label (set to 'Yes') is ignored when average != 'binary' (got 'weighted'). You may use labels=[pos_label] to specify a single positive class.
  warnings.warn(

2026-09-16 21:23:44,743:WARNING:c:\Users\laboratorio\AppData\Local\Programs\Python\Python311\Lib\site-packages\sklearn\metrics\_classification.py:1561: UserWarning: Note that pos_label (set to 'Yes') is ignored when average != 'binary' (got 'weighted'). You may use labels=[pos_label] to specify a single positive class.
  warnings.warn(

2026-09-16 21:23:44,746:WARNING:c:\Users\laboratorio\AppData\Local\Programs\Python\Python311\Lib\site-packages\sklearn\metrics\_classification.py:1561: UserWarning: Note that pos_label (set to 'Yes') is ignored when average != 'binary' (got 'weighted'). You may use labels=[pos_label] to specify a single positive class.
  warnings.warn(

2026-09-16 21:23:44,768:WARNING:c:\Users\laboratorio\AppData\Local\Programs\Python\Python311\Lib\site-packages\sklearn\metrics\_classification.py:1561: UserWarning: Note that pos_label (set to 'Yes') is ignored when average != 'binary' (got 'weighted'). You may use labels=[pos_label] to specify a single positive class.
  warnings.warn(

2026-09-16 21:23:44,772:WARNING:c:\Users\laboratorio\AppData\Local\Programs\Python\Python311\Lib\site-packages\sklearn\metrics\_classification.py:1561: UserWarning: Note that pos_label (set to 'Yes') is ignored when average != 'binary' (got 'weighted'). You may use labels=[pos_label] to specify a single positive class.
  warnings.warn(

2026-09-16 21:23:44,774:WARNING:c:\Users\laboratorio\AppData\Local\Programs\Python\Python311\Lib\site-packages\sklearn\metrics\_classification.py:1561: UserWarning: Note that pos_label (set to 'Yes') is ignored when average != 'binary' (got 'weighted'). You may use labels=[pos_label] to specify a single positive class.
  warnings.warn(

2026-09-16 21:23:44,808:WARNING:c:\Users\laboratorio\AppData\Local\Programs\Python\Python311\Lib\site-packages\sklearn\metrics\_classification.py:1561: UserWarning: Note that pos_label (set to 'Yes') is ignored when average != 'binary' (got 'weighted'). You may use labels=[pos_label] to specify a single positive class.
  warnings.warn(

2026-09-16 21:23:44,808:WARNING:c:\Users\laboratorio\AppData\Local\Programs\Python\Python311\Lib\site-packages\sklearn\metrics\_classification.py:1561: UserWarning: Note that pos_label (set to 'Yes') is ignored when average != 'binary' (got 'weighted'). You may use labels=[pos_label] to specify a single positive class.
  warnings.warn(

2026-09-16 21:23:44,811:WARNING:c:\Users\laboratorio\AppData\Local\Programs\Python\Python311\Lib\site-packages\sklearn\metrics\_classification.py:1561: UserWarning: Note that pos_label (set to 'Yes') is ignored when average != 'binary' (got 'weighted'). You may use labels=[pos_label] to specify a single positive class.
  warnings.warn(

2026-09-16 21:23:44,812:WARNING:c:\Users\laboratorio\AppData\Local\Programs\Python\Python311\Lib\site-packages\sklearn\metrics\_classification.py:1561: UserWarning: Note that pos_label (set to 'Yes') is ignored when average != 'binary' (got 'weighted'). You may use labels=[pos_label] to specify a single positive class.
  warnings.warn(

2026-09-16 21:23:44,813:WARNING:c:\Users\laboratorio\AppData\Local\Programs\Python\Python311\Lib\site-packages\sklearn\metrics\_classification.py:1561: UserWarning: Note that pos_label (set to 'Yes') is ignored when average != 'binary' (got 'weighted'). You may use labels=[pos_label] to specify a single positive class.
  warnings.warn(

2026-09-16 21:23:44,815:WARNING:c:\Users\laboratorio\AppData\Local\Programs\Python\Python311\Lib\site-packages\sklearn\metrics\_classification.py:1561: UserWarning: Note that pos_label (set to 'Yes') is ignored when average != 'binary' (got 'weighted'). You may use labels=[pos_label] to specify a single positive class.
  warnings.warn(

2026-09-16 21:23:44,826:WARNING:c:\Users\laboratorio\AppData\Local\Programs\Python\Python311\Lib\site-packages\sklearn\metrics\_classification.py:1561: UserWarning: Note that pos_label (set to 'Yes') is ignored when average != 'binary' (got 'weighted'). You may use labels=[pos_label] to specify a single positive class.
  warnings.warn(

2026-09-16 21:23:44,828:WARNING:c:\Users\laboratorio\AppData\Local\Programs\Python\Python311\Lib\site-packages\sklearn\metrics\_classification.py:1561: UserWarning: Note that pos_label (set to 'Yes') is ignored when average != 'binary' (got 'weighted'). You may use labels=[pos_label] to specify a single positive class.
  warnings.warn(

2026-09-16 21:23:44,832:WARNING:c:\Users\laboratorio\AppData\Local\Programs\Python\Python311\Lib\site-packages\sklearn\metrics\_classification.py:1561: UserWarning: Note that pos_label (set to 'Yes') is ignored when average != 'binary' (got 'weighted'). You may use labels=[pos_label] to specify a single positive class.
  warnings.warn(

2026-09-16 21:23:44,841:WARNING:c:\Users\laboratorio\AppData\Local\Programs\Python\Python311\Lib\site-packages\sklearn\metrics\_classification.py:1561: UserWarning: Note that pos_label (set to 'Yes') is ignored when average != 'binary' (got 'weighted'). You may use labels=[pos_label] to specify a single positive class.
  warnings.warn(

2026-09-16 21:23:44,843:WARNING:c:\Users\laboratorio\AppData\Local\Programs\Python\Python311\Lib\site-packages\sklearn\metrics\_classification.py:1561: UserWarning: Note that pos_label (set to 'Yes') is ignored when average != 'binary' (got 'weighted'). You may use labels=[pos_label] to specify a single positive class.
  warnings.warn(

2026-09-16 21:23:44,846:WARNING:c:\Users\laboratorio\AppData\Local\Programs\Python\Python311\Lib\site-packages\sklearn\metrics\_classification.py:1561: UserWarning: Note that pos_label (set to 'Yes') is ignored when average != 'binary' (got 'weighted'). You may use labels=[pos_label] to specify a single positive class.
  warnings.warn(

2026-09-16 21:23:44,854:WARNING:c:\Users\laboratorio\AppData\Local\Programs\Python\Python311\Lib\site-packages\sklearn\metrics\_classification.py:1561: UserWarning: Note that pos_label (set to 'Yes') is ignored when average != 'binary' (got 'weighted'). You may use labels=[pos_label] to specify a single positive class.
  warnings.warn(

2026-09-16 21:23:44,856:WARNING:c:\Users\laboratorio\AppData\Local\Programs\Python\Python311\Lib\site-packages\sklearn\metrics\_classification.py:1561: UserWarning: Note that pos_label (set to 'Yes') is ignored when average != 'binary' (got 'weighted'). You may use labels=[pos_label] to specify a single positive class.
  warnings.warn(

2026-09-16 21:23:44,858:WARNING:c:\Users\laboratorio\AppData\Local\Programs\Python\Python311\Lib\site-packages\sklearn\metrics\_classification.py:1561: UserWarning: Note that pos_label (set to 'Yes') is ignored when average != 'binary' (got 'weighted'). You may use labels=[pos_label] to specify a single positive class.
  warnings.warn(

2026-09-16 21:23:44,860:WARNING:c:\Users\laboratorio\AppData\Local\Programs\Python\Python311\Lib\site-packages\sklearn\metrics\_classification.py:1561: UserWarning: Note that pos_label (set to 'Yes') is ignored when average != 'binary' (got 'weighted'). You may use labels=[pos_label] to specify a single positive class.
  warnings.warn(

2026-09-16 21:23:44,862:WARNING:c:\Users\laboratorio\AppData\Local\Programs\Python\Python311\Lib\site-packages\sklearn\metrics\_classification.py:1561: UserWarning: Note that pos_label (set to 'Yes') is ignored when average != 'binary' (got 'weighted'). You may use labels=[pos_label] to specify a single positive class.
  warnings.warn(

2026-09-16 21:23:44,863:WARNING:c:\Users\laboratorio\AppData\Local\Programs\Python\Python311\Lib\site-packages\sklearn\metrics\_classification.py:1561: UserWarning: Note that pos_label (set to 'Yes') is ignored when average != 'binary' (got 'weighted'). You may use labels=[pos_label] to specify a single positive class.
  warnings.warn(

2026-09-16 21:23:44,870:INFO:Calculating mean and std
2026-09-16 21:23:44,872:INFO:Creating metrics dataframe
2026-09-16 21:23:44,874:INFO:Uploading results into container
2026-09-16 21:23:44,874:INFO:Uploading model into container now
2026-09-16 21:23:44,874:INFO:_master_model_container: 1
2026-09-16 21:23:44,874:INFO:_display_container: 2
2026-09-16 21:23:44,876:INFO:LogisticRegression(C=1.0, class_weight=None, dual=False, fit_intercept=True,
                   intercept_scaling=1, l1_ratio=None, max_iter=1000,
                   multi_class='auto', n_jobs=None, penalty='l2',
                   random_state=123, solver='lbfgs', tol=0.0001, verbose=0,
                   warm_start=False)
2026-09-16 21:23:44,876:INFO:create_model() successfully completed......................................
2026-09-16 21:23:44,928:INFO:SubProcess create_model() end ==================================
2026-09-16 21:23:44,928:INFO:Creating metrics dataframe
2026-09-16 21:23:44,945:INFO:Initializing K Neighbors Classifier
2026-09-16 21:23:44,945:INFO:Total runtime is 0.053660293420155845 minutes
2026-09-16 21:23:44,947:INFO:SubProcess create_model() called ==================================
2026-09-16 21:23:44,947:INFO:Initializing create_model()
2026-09-16 21:23:44,947:INFO:create_model(self=<pycaret.classification.oop.ClassificationExperiment object at 0x000002E542BA4390>, estimator=knn, fold=StratifiedKFold(n_splits=10, random_state=None, shuffle=False), round=4, cross_validation=True, predict=True, fit_kwargs={}, groups=None, refit=False, probability_threshold=None, experiment_custom_tags=None, verbose=False, system=False, add_to_model_list=True, metrics=None, display=<pycaret.internal.display.display.CommonDisplay object at 0x000002E544D810D0>, model_only=True, return_train_score=False, error_score=0.0, kwargs={})
2026-09-16 21:23:44,947:INFO:Checking exceptions
2026-09-16 21:23:44,947:INFO:Importing libraries
2026-09-16 21:23:44,947:INFO:Copying training dataset
2026-09-16 21:23:44,947:INFO:Defining folds
2026-09-16 21:23:44,947:INFO:Declaring metric variables
2026-09-16 21:23:44,947:INFO:Importing untrained model
2026-09-16 21:23:44,947:INFO:K Neighbors Classifier Imported successfully
2026-09-16 21:23:44,947:INFO:Starting cross validation
2026-09-16 21:23:44,947:INFO:Cross validating with StratifiedKFold(n_splits=10, random_state=None, shuffle=False), n_jobs=-1
2026-09-16 21:23:47,390:WARNING:c:\Users\laboratorio\AppData\Local\Programs\Python\Python311\Lib\site-packages\sklearn\metrics\_classification.py:1561: UserWarning: Note that pos_label (set to 'Yes') is ignored when average != 'binary' (got 'weighted'). You may use labels=[pos_label] to specify a single positive class.
  warnings.warn(

2026-09-16 21:23:47,390:WARNING:c:\Users\laboratorio\AppData\Local\Programs\Python\Python311\Lib\site-packages\sklearn\metrics\_classification.py:1561: UserWarning: Note that pos_label (set to 'Yes') is ignored when average != 'binary' (got 'weighted'). You may use labels=[pos_label] to specify a single positive class.
  warnings.warn(

2026-09-16 21:23:47,392:WARNING:c:\Users\laboratorio\AppData\Local\Programs\Python\Python311\Lib\site-packages\sklearn\metrics\_classification.py:1561: UserWarning: Note that pos_label (set to 'Yes') is ignored when average != 'binary' (got 'weighted'). You may use labels=[pos_label] to specify a single positive class.
  warnings.warn(

2026-09-16 21:23:47,394:WARNING:c:\Users\laboratorio\AppData\Local\Programs\Python\Python311\Lib\site-packages\sklearn\metrics\_classification.py:1561: UserWarning: Note that pos_label (set to 'Yes') is ignored when average != 'binary' (got 'weighted'). You may use labels=[pos_label] to specify a single positive class.
  warnings.warn(

2026-09-16 21:23:47,396:WARNING:c:\Users\laboratorio\AppData\Local\Programs\Python\Python311\Lib\site-packages\sklearn\metrics\_classification.py:1561: UserWarning: Note that pos_label (set to 'Yes') is ignored when average != 'binary' (got 'weighted'). You may use labels=[pos_label] to specify a single positive class.
  warnings.warn(

2026-09-16 21:23:47,396:WARNING:c:\Users\laboratorio\AppData\Local\Programs\Python\Python311\Lib\site-packages\sklearn\metrics\_classification.py:1561: UserWarning: Note that pos_label (set to 'Yes') is ignored when average != 'binary' (got 'weighted'). You may use labels=[pos_label] to specify a single positive class.
  warnings.warn(

2026-09-16 21:23:47,452:WARNING:c:\Users\laboratorio\AppData\Local\Programs\Python\Python311\Lib\site-packages\sklearn\metrics\_classification.py:1561: UserWarning: Note that pos_label (set to 'Yes') is ignored when average != 'binary' (got 'weighted'). You may use labels=[pos_label] to specify a single positive class.
  warnings.warn(

2026-09-16 21:23:47,456:WARNING:c:\Users\laboratorio\AppData\Local\Programs\Python\Python311\Lib\site-packages\sklearn\metrics\_classification.py:1561: UserWarning: Note that pos_label (set to 'Yes') is ignored when average != 'binary' (got 'weighted'). You may use labels=[pos_label] to specify a single positive class.
  warnings.warn(

2026-09-16 21:23:47,462:WARNING:c:\Users\laboratorio\AppData\Local\Programs\Python\Python311\Lib\site-packages\sklearn\metrics\_classification.py:1561: UserWarning: Note that pos_label (set to 'Yes') is ignored when average != 'binary' (got 'weighted'). You may use labels=[pos_label] to specify a single positive class.
  warnings.warn(

2026-09-16 21:23:47,469:WARNING:c:\Users\laboratorio\AppData\Local\Programs\Python\Python311\Lib\site-packages\sklearn\metrics\_classification.py:1561: UserWarning: Note that pos_label (set to 'Yes') is ignored when average != 'binary' (got 'weighted'). You may use labels=[pos_label] to specify a single positive class.
  warnings.warn(

2026-09-16 21:23:47,469:WARNING:c:\Users\laboratorio\AppData\Local\Programs\Python\Python311\Lib\site-packages\sklearn\metrics\_classification.py:1561: UserWarning: Note that pos_label (set to 'Yes') is ignored when average != 'binary' (got 'weighted'). You may use labels=[pos_label] to specify a single positive class.
  warnings.warn(

2026-09-16 21:23:47,471:WARNING:c:\Users\laboratorio\AppData\Local\Programs\Python\Python311\Lib\site-packages\sklearn\metrics\_classification.py:1561: UserWarning: Note that pos_label (set to 'Yes') is ignored when average != 'binary' (got 'weighted'). You may use labels=[pos_label] to specify a single positive class.
  warnings.warn(

2026-09-16 21:23:47,471:WARNING:c:\Users\laboratorio\AppData\Local\Programs\Python\Python311\Lib\site-packages\sklearn\metrics\_classification.py:1561: UserWarning: Note that pos_label (set to 'Yes') is ignored when average != 'binary' (got 'weighted'). You may use labels=[pos_label] to specify a single positive class.
  warnings.warn(

2026-09-16 21:23:47,473:WARNING:c:\Users\laboratorio\AppData\Local\Programs\Python\Python311\Lib\site-packages\sklearn\metrics\_classification.py:1561: UserWarning: Note that pos_label (set to 'Yes') is ignored when average != 'binary' (got 'weighted'). You may use labels=[pos_label] to specify a single positive class.
  warnings.warn(

2026-09-16 21:23:47,473:WARNING:c:\Users\laboratorio\AppData\Local\Programs\Python\Python311\Lib\site-packages\sklearn\metrics\_classification.py:1561: UserWarning: Note that pos_label (set to 'Yes') is ignored when average != 'binary' (got 'weighted'). You may use labels=[pos_label] to specify a single positive class.
  warnings.warn(

2026-09-16 21:23:47,473:WARNING:c:\Users\laboratorio\AppData\Local\Programs\Python\Python311\Lib\site-packages\sklearn\metrics\_classification.py:1561: UserWarning: Note that pos_label (set to 'Yes') is ignored when average != 'binary' (got 'weighted'). You may use labels=[pos_label] to specify a single positive class.
  warnings.warn(

2026-09-16 21:23:47,475:WARNING:c:\Users\laboratorio\AppData\Local\Programs\Python\Python311\Lib\site-packages\sklearn\metrics\_classification.py:1561: UserWarning: Note that pos_label (set to 'Yes') is ignored when average != 'binary' (got 'weighted'). You may use labels=[pos_label] to specify a single positive class.
  warnings.warn(

2026-09-16 21:23:47,475:WARNING:c:\Users\laboratorio\AppData\Local\Programs\Python\Python311\Lib\site-packages\sklearn\metrics\_classification.py:1561: UserWarning: Note that pos_label (set to 'Yes') is ignored when average != 'binary' (got 'weighted'). You may use labels=[pos_label] to specify a single positive class.
  warnings.warn(

2026-09-16 21:23:47,475:WARNING:c:\Users\laboratorio\AppData\Local\Programs\Python\Python311\Lib\site-packages\sklearn\metrics\_classification.py:1561: UserWarning: Note that pos_label (set to 'Yes') is ignored when average != 'binary' (got 'weighted'). You may use labels=[pos_label] to specify a single positive class.
  warnings.warn(

2026-09-16 21:23:47,475:WARNING:c:\Users\laboratorio\AppData\Local\Programs\Python\Python311\Lib\site-packages\sklearn\metrics\_classification.py:1561: UserWarning: Note that pos_label (set to 'Yes') is ignored when average != 'binary' (got 'weighted'). You may use labels=[pos_label] to specify a single positive class.
  warnings.warn(

2026-09-16 21:23:47,478:WARNING:c:\Users\laboratorio\AppData\Local\Programs\Python\Python311\Lib\site-packages\sklearn\metrics\_classification.py:1561: UserWarning: Note that pos_label (set to 'Yes') is ignored when average != 'binary' (got 'weighted'). You may use labels=[pos_label] to specify a single positive class.
  warnings.warn(

2026-09-16 21:23:47,493:WARNING:c:\Users\laboratorio\AppData\Local\Programs\Python\Python311\Lib\site-packages\sklearn\metrics\_classification.py:1561: UserWarning: Note that pos_label (set to 'Yes') is ignored when average != 'binary' (got 'weighted'). You may use labels=[pos_label] to specify a single positive class.
  warnings.warn(

2026-09-16 21:23:47,498:WARNING:c:\Users\laboratorio\AppData\Local\Programs\Python\Python311\Lib\site-packages\sklearn\metrics\_classification.py:1561: UserWarning: Note that pos_label (set to 'Yes') is ignored when average != 'binary' (got 'weighted'). You may use labels=[pos_label] to specify a single positive class.
  warnings.warn(

2026-09-16 21:23:47,500:WARNING:c:\Users\laboratorio\AppData\Local\Programs\Python\Python311\Lib\site-packages\sklearn\metrics\_classification.py:1561: UserWarning: Note that pos_label (set to 'Yes') is ignored when average != 'binary' (got 'weighted'). You may use labels=[pos_label] to specify a single positive class.
  warnings.warn(

2026-09-16 21:23:47,505:WARNING:c:\Users\laboratorio\AppData\Local\Programs\Python\Python311\Lib\site-packages\sklearn\metrics\_classification.py:1561: UserWarning: Note that pos_label (set to 'Yes') is ignored when average != 'binary' (got 'weighted'). You may use labels=[pos_label] to specify a single positive class.
  warnings.warn(

2026-09-16 21:23:47,509:WARNING:c:\Users\laboratorio\AppData\Local\Programs\Python\Python311\Lib\site-packages\sklearn\metrics\_classification.py:1561: UserWarning: Note that pos_label (set to 'Yes') is ignored when average != 'binary' (got 'weighted'). You may use labels=[pos_label] to specify a single positive class.
  warnings.warn(

2026-09-16 21:23:47,509:WARNING:c:\Users\laboratorio\AppData\Local\Programs\Python\Python311\Lib\site-packages\sklearn\metrics\_classification.py:1561: UserWarning: Note that pos_label (set to 'Yes') is ignored when average != 'binary' (got 'weighted'). You may use labels=[pos_label] to specify a single positive class.
  warnings.warn(

2026-09-16 21:23:47,513:WARNING:c:\Users\laboratorio\AppData\Local\Programs\Python\Python311\Lib\site-packages\sklearn\metrics\_classification.py:1561: UserWarning: Note that pos_label (set to 'Yes') is ignored when average != 'binary' (got 'weighted'). You may use labels=[pos_label] to specify a single positive class.
  warnings.warn(

2026-09-16 21:23:47,513:WARNING:c:\Users\laboratorio\AppData\Local\Programs\Python\Python311\Lib\site-packages\sklearn\metrics\_classification.py:1561: UserWarning: Note that pos_label (set to 'Yes') is ignored when average != 'binary' (got 'weighted'). You may use labels=[pos_label] to specify a single positive class.
  warnings.warn(

2026-09-16 21:23:47,516:WARNING:c:\Users\laboratorio\AppData\Local\Programs\Python\Python311\Lib\site-packages\sklearn\metrics\_classification.py:1561: UserWarning: Note that pos_label (set to 'Yes') is ignored when average != 'binary' (got 'weighted'). You may use labels=[pos_label] to specify a single positive class.
  warnings.warn(

2026-09-16 21:23:47,524:INFO:Calculating mean and std
2026-09-16 21:23:47,526:INFO:Creating metrics dataframe
2026-09-16 21:23:47,528:INFO:Uploading results into container
2026-09-16 21:23:47,529:INFO:Uploading model into container now
2026-09-16 21:23:47,529:INFO:_master_model_container: 2
2026-09-16 21:23:47,529:INFO:_display_container: 2
2026-09-16 21:23:47,529:INFO:KNeighborsClassifier(algorithm='auto', leaf_size=30, metric='minkowski',
                     metric_params=None, n_jobs=-1, n_neighbors=5, p=2,
                     weights='uniform')
2026-09-16 21:23:47,529:INFO:create_model() successfully completed......................................
2026-09-16 21:23:47,595:INFO:SubProcess create_model() end ==================================
2026-09-16 21:23:47,595:INFO:Creating metrics dataframe
2026-09-16 21:23:47,609:INFO:Initializing Naive Bayes
2026-09-16 21:23:47,609:INFO:Total runtime is 0.0980555812517802 minutes
2026-09-16 21:23:47,612:INFO:SubProcess create_model() called ==================================
2026-09-16 21:23:47,612:INFO:Initializing create_model()
2026-09-16 21:23:47,612:INFO:create_model(self=<pycaret.classification.oop.ClassificationExperiment object at 0x000002E542BA4390>, estimator=nb, fold=StratifiedKFold(n_splits=10, random_state=None, shuffle=False), round=4, cross_validation=True, predict=True, fit_kwargs={}, groups=None, refit=False, probability_threshold=None, experiment_custom_tags=None, verbose=False, system=False, add_to_model_list=True, metrics=None, display=<pycaret.internal.display.display.CommonDisplay object at 0x000002E544D810D0>, model_only=True, return_train_score=False, error_score=0.0, kwargs={})
2026-09-16 21:23:47,613:INFO:Checking exceptions
2026-09-16 21:23:47,613:INFO:Importing libraries
2026-09-16 21:23:47,613:INFO:Copying training dataset
2026-09-16 21:23:47,616:INFO:Defining folds
2026-09-16 21:23:47,616:INFO:Declaring metric variables
2026-09-16 21:23:47,617:INFO:Importing untrained model
2026-09-16 21:23:47,619:INFO:Naive Bayes Imported successfully
2026-09-16 21:23:47,622:INFO:Starting cross validation
2026-09-16 21:23:47,624:INFO:Cross validating with StratifiedKFold(n_splits=10, random_state=None, shuffle=False), n_jobs=-1
2026-09-16 21:23:47,848:WARNING:c:\Users\laboratorio\AppData\Local\Programs\Python\Python311\Lib\site-packages\sklearn\metrics\_classification.py:1561: UserWarning: Note that pos_label (set to 'Yes') is ignored when average != 'binary' (got 'weighted'). You may use labels=[pos_label] to specify a single positive class.
  warnings.warn(

2026-09-16 21:23:47,853:WARNING:c:\Users\laboratorio\AppData\Local\Programs\Python\Python311\Lib\site-packages\sklearn\metrics\_classification.py:1561: UserWarning: Note that pos_label (set to 'Yes') is ignored when average != 'binary' (got 'weighted'). You may use labels=[pos_label] to specify a single positive class.
  warnings.warn(

2026-09-16 21:23:47,856:WARNING:c:\Users\laboratorio\AppData\Local\Programs\Python\Python311\Lib\site-packages\sklearn\metrics\_classification.py:1509: UndefinedMetricWarning: Precision is ill-defined and being set to 0.0 in labels with no predicted samples. Use `zero_division` parameter to control this behavior.
  _warn_prf(average, modifier, f"{metric.capitalize()} is", len(result))

2026-09-16 21:23:47,858:WARNING:c:\Users\laboratorio\AppData\Local\Programs\Python\Python311\Lib\site-packages\sklearn\metrics\_classification.py:1561: UserWarning: Note that pos_label (set to 'Yes') is ignored when average != 'binary' (got 'weighted'). You may use labels=[pos_label] to specify a single positive class.
  warnings.warn(

2026-09-16 21:23:47,860:WARNING:c:\Users\laboratorio\AppData\Local\Programs\Python\Python311\Lib\site-packages\sklearn\metrics\_classification.py:1561: UserWarning: Note that pos_label (set to 'Yes') is ignored when average != 'binary' (got 'weighted'). You may use labels=[pos_label] to specify a single positive class.
  warnings.warn(

2026-09-16 21:23:47,862:WARNING:c:\Users\laboratorio\AppData\Local\Programs\Python\Python311\Lib\site-packages\sklearn\metrics\_classification.py:1561: UserWarning: Note that pos_label (set to 'Yes') is ignored when average != 'binary' (got 'weighted'). You may use labels=[pos_label] to specify a single positive class.
  warnings.warn(

2026-09-16 21:23:47,863:WARNING:c:\Users\laboratorio\AppData\Local\Programs\Python\Python311\Lib\site-packages\sklearn\metrics\_classification.py:1509: UndefinedMetricWarning: Precision is ill-defined and being set to 0.0 in labels with no predicted samples. Use `zero_division` parameter to control this behavior.
  _warn_prf(average, modifier, f"{metric.capitalize()} is", len(result))

2026-09-16 21:23:47,864:WARNING:c:\Users\laboratorio\AppData\Local\Programs\Python\Python311\Lib\site-packages\sklearn\metrics\_classification.py:1561: UserWarning: Note that pos_label (set to 'Yes') is ignored when average != 'binary' (got 'weighted'). You may use labels=[pos_label] to specify a single positive class.
  warnings.warn(

2026-09-16 21:23:47,903:WARNING:c:\Users\laboratorio\AppData\Local\Programs\Python\Python311\Lib\site-packages\sklearn\metrics\_classification.py:1561: UserWarning: Note that pos_label (set to 'Yes') is ignored when average != 'binary' (got 'weighted'). You may use labels=[pos_label] to specify a single positive class.
  warnings.warn(

2026-09-16 21:23:47,903:WARNING:c:\Users\laboratorio\AppData\Local\Programs\Python\Python311\Lib\site-packages\sklearn\metrics\_classification.py:1561: UserWarning: Note that pos_label (set to 'Yes') is ignored when average != 'binary' (got 'weighted'). You may use labels=[pos_label] to specify a single positive class.
  warnings.warn(

2026-09-16 21:23:47,905:WARNING:c:\Users\laboratorio\AppData\Local\Programs\Python\Python311\Lib\site-packages\sklearn\metrics\_classification.py:1561: UserWarning: Note that pos_label (set to 'Yes') is ignored when average != 'binary' (got 'weighted'). You may use labels=[pos_label] to specify a single positive class.
  warnings.warn(

2026-09-16 21:23:47,905:WARNING:c:\Users\laboratorio\AppData\Local\Programs\Python\Python311\Lib\site-packages\sklearn\metrics\_classification.py:1561: UserWarning: Note that pos_label (set to 'Yes') is ignored when average != 'binary' (got 'weighted'). You may use labels=[pos_label] to specify a single positive class.
  warnings.warn(

2026-09-16 21:23:47,908:WARNING:c:\Users\laboratorio\AppData\Local\Programs\Python\Python311\Lib\site-packages\sklearn\metrics\_classification.py:1509: UndefinedMetricWarning: Precision is ill-defined and being set to 0.0 in labels with no predicted samples. Use `zero_division` parameter to control this behavior.
  _warn_prf(average, modifier, f"{metric.capitalize()} is", len(result))

2026-09-16 21:23:47,908:WARNING:c:\Users\laboratorio\AppData\Local\Programs\Python\Python311\Lib\site-packages\sklearn\metrics\_classification.py:1561: UserWarning: Note that pos_label (set to 'Yes') is ignored when average != 'binary' (got 'weighted'). You may use labels=[pos_label] to specify a single positive class.
  warnings.warn(

2026-09-16 21:23:47,908:WARNING:c:\Users\laboratorio\AppData\Local\Programs\Python\Python311\Lib\site-packages\sklearn\metrics\_classification.py:1509: UndefinedMetricWarning: Precision is ill-defined and being set to 0.0 in labels with no predicted samples. Use `zero_division` parameter to control this behavior.
  _warn_prf(average, modifier, f"{metric.capitalize()} is", len(result))

2026-09-16 21:23:47,908:WARNING:c:\Users\laboratorio\AppData\Local\Programs\Python\Python311\Lib\site-packages\sklearn\metrics\_classification.py:1561: UserWarning: Note that pos_label (set to 'Yes') is ignored when average != 'binary' (got 'weighted'). You may use labels=[pos_label] to specify a single positive class.
  warnings.warn(

2026-09-16 21:23:47,910:WARNING:c:\Users\laboratorio\AppData\Local\Programs\Python\Python311\Lib\site-packages\sklearn\metrics\_classification.py:1561: UserWarning: Note that pos_label (set to 'Yes') is ignored when average != 'binary' (got 'weighted'). You may use labels=[pos_label] to specify a single positive class.
  warnings.warn(

2026-09-16 21:23:47,910:WARNING:c:\Users\laboratorio\AppData\Local\Programs\Python\Python311\Lib\site-packages\sklearn\metrics\_classification.py:1561: UserWarning: Note that pos_label (set to 'Yes') is ignored when average != 'binary' (got 'weighted'). You may use labels=[pos_label] to specify a single positive class.
  warnings.warn(

2026-09-16 21:23:47,912:WARNING:c:\Users\laboratorio\AppData\Local\Programs\Python\Python311\Lib\site-packages\sklearn\metrics\_classification.py:1509: UndefinedMetricWarning: Precision is ill-defined and being set to 0.0 in labels with no predicted samples. Use `zero_division` parameter to control this behavior.
  _warn_prf(average, modifier, f"{metric.capitalize()} is", len(result))

2026-09-16 21:23:47,912:WARNING:c:\Users\laboratorio\AppData\Local\Programs\Python\Python311\Lib\site-packages\sklearn\metrics\_classification.py:1561: UserWarning: Note that pos_label (set to 'Yes') is ignored when average != 'binary' (got 'weighted'). You may use labels=[pos_label] to specify a single positive class.
  warnings.warn(

2026-09-16 21:23:47,912:WARNING:c:\Users\laboratorio\AppData\Local\Programs\Python\Python311\Lib\site-packages\sklearn\metrics\_classification.py:1561: UserWarning: Note that pos_label (set to 'Yes') is ignored when average != 'binary' (got 'weighted'). You may use labels=[pos_label] to specify a single positive class.
  warnings.warn(

2026-09-16 21:23:47,912:WARNING:c:\Users\laboratorio\AppData\Local\Programs\Python\Python311\Lib\site-packages\sklearn\metrics\_classification.py:1561: UserWarning: Note that pos_label (set to 'Yes') is ignored when average != 'binary' (got 'weighted'). You may use labels=[pos_label] to specify a single positive class.
  warnings.warn(

2026-09-16 21:23:47,915:WARNING:c:\Users\laboratorio\AppData\Local\Programs\Python\Python311\Lib\site-packages\sklearn\metrics\_classification.py:1561: UserWarning: Note that pos_label (set to 'Yes') is ignored when average != 'binary' (got 'weighted'). You may use labels=[pos_label] to specify a single positive class.
  warnings.warn(

2026-09-16 21:23:47,916:WARNING:c:\Users\laboratorio\AppData\Local\Programs\Python\Python311\Lib\site-packages\sklearn\metrics\_classification.py:1509: UndefinedMetricWarning: Precision is ill-defined and being set to 0.0 in labels with no predicted samples. Use `zero_division` parameter to control this behavior.
  _warn_prf(average, modifier, f"{metric.capitalize()} is", len(result))

2026-09-16 21:23:47,916:WARNING:c:\Users\laboratorio\AppData\Local\Programs\Python\Python311\Lib\site-packages\sklearn\metrics\_classification.py:1561: UserWarning: Note that pos_label (set to 'Yes') is ignored when average != 'binary' (got 'weighted'). You may use labels=[pos_label] to specify a single positive class.
  warnings.warn(

2026-09-16 21:23:47,918:WARNING:c:\Users\laboratorio\AppData\Local\Programs\Python\Python311\Lib\site-packages\sklearn\metrics\_classification.py:1561: UserWarning: Note that pos_label (set to 'Yes') is ignored when average != 'binary' (got 'weighted'). You may use labels=[pos_label] to specify a single positive class.
  warnings.warn(

2026-09-16 21:23:47,918:WARNING:c:\Users\laboratorio\AppData\Local\Programs\Python\Python311\Lib\site-packages\sklearn\metrics\_classification.py:1509: UndefinedMetricWarning: Precision is ill-defined and being set to 0.0 in labels with no predicted samples. Use `zero_division` parameter to control this behavior.
  _warn_prf(average, modifier, f"{metric.capitalize()} is", len(result))

2026-09-16 21:23:47,918:WARNING:c:\Users\laboratorio\AppData\Local\Programs\Python\Python311\Lib\site-packages\sklearn\metrics\_classification.py:1561: UserWarning: Note that pos_label (set to 'Yes') is ignored when average != 'binary' (got 'weighted'). You may use labels=[pos_label] to specify a single positive class.
  warnings.warn(

2026-09-16 21:23:47,920:WARNING:c:\Users\laboratorio\AppData\Local\Programs\Python\Python311\Lib\site-packages\sklearn\metrics\_classification.py:1561: UserWarning: Note that pos_label (set to 'Yes') is ignored when average != 'binary' (got 'weighted'). You may use labels=[pos_label] to specify a single positive class.
  warnings.warn(

2026-09-16 21:23:47,920:WARNING:c:\Users\laboratorio\AppData\Local\Programs\Python\Python311\Lib\site-packages\sklearn\metrics\_classification.py:1561: UserWarning: Note that pos_label (set to 'Yes') is ignored when average != 'binary' (got 'weighted'). You may use labels=[pos_label] to specify a single positive class.
  warnings.warn(

2026-09-16 21:23:47,920:WARNING:c:\Users\laboratorio\AppData\Local\Programs\Python\Python311\Lib\site-packages\sklearn\metrics\_classification.py:1561: UserWarning: Note that pos_label (set to 'Yes') is ignored when average != 'binary' (got 'weighted'). You may use labels=[pos_label] to specify a single positive class.
  warnings.warn(

2026-09-16 21:23:47,920:WARNING:c:\Users\laboratorio\AppData\Local\Programs\Python\Python311\Lib\site-packages\sklearn\metrics\_classification.py:1561: UserWarning: Note that pos_label (set to 'Yes') is ignored when average != 'binary' (got 'weighted'). You may use labels=[pos_label] to specify a single positive class.
  warnings.warn(

2026-09-16 21:23:47,920:WARNING:c:\Users\laboratorio\AppData\Local\Programs\Python\Python311\Lib\site-packages\sklearn\metrics\_classification.py:1509: UndefinedMetricWarning: Precision is ill-defined and being set to 0.0 in labels with no predicted samples. Use `zero_division` parameter to control this behavior.
  _warn_prf(average, modifier, f"{metric.capitalize()} is", len(result))

2026-09-16 21:23:47,920:WARNING:c:\Users\laboratorio\AppData\Local\Programs\Python\Python311\Lib\site-packages\sklearn\metrics\_classification.py:1561: UserWarning: Note that pos_label (set to 'Yes') is ignored when average != 'binary' (got 'weighted'). You may use labels=[pos_label] to specify a single positive class.
  warnings.warn(

2026-09-16 21:23:47,920:WARNING:c:\Users\laboratorio\AppData\Local\Programs\Python\Python311\Lib\site-packages\sklearn\metrics\_classification.py:1561: UserWarning: Note that pos_label (set to 'Yes') is ignored when average != 'binary' (got 'weighted'). You may use labels=[pos_label] to specify a single positive class.
  warnings.warn(

2026-09-16 21:23:47,920:WARNING:c:\Users\laboratorio\AppData\Local\Programs\Python\Python311\Lib\site-packages\sklearn\metrics\_classification.py:1561: UserWarning: Note that pos_label (set to 'Yes') is ignored when average != 'binary' (got 'weighted'). You may use labels=[pos_label] to specify a single positive class.
  warnings.warn(

2026-09-16 21:23:47,920:WARNING:c:\Users\laboratorio\AppData\Local\Programs\Python\Python311\Lib\site-packages\sklearn\metrics\_classification.py:1509: UndefinedMetricWarning: Precision is ill-defined and being set to 0.0 in labels with no predicted samples. Use `zero_division` parameter to control this behavior.
  _warn_prf(average, modifier, f"{metric.capitalize()} is", len(result))

2026-09-16 21:23:47,927:WARNING:c:\Users\laboratorio\AppData\Local\Programs\Python\Python311\Lib\site-packages\sklearn\metrics\_classification.py:1509: UndefinedMetricWarning: Precision is ill-defined and being set to 0.0 in labels with no predicted samples. Use `zero_division` parameter to control this behavior.
  _warn_prf(average, modifier, f"{metric.capitalize()} is", len(result))

2026-09-16 21:23:47,927:WARNING:c:\Users\laboratorio\AppData\Local\Programs\Python\Python311\Lib\site-packages\sklearn\metrics\_classification.py:1561: UserWarning: Note that pos_label (set to 'Yes') is ignored when average != 'binary' (got 'weighted'). You may use labels=[pos_label] to specify a single positive class.
  warnings.warn(

2026-09-16 21:23:47,928:WARNING:c:\Users\laboratorio\AppData\Local\Programs\Python\Python311\Lib\site-packages\sklearn\metrics\_classification.py:1561: UserWarning: Note that pos_label (set to 'Yes') is ignored when average != 'binary' (got 'weighted'). You may use labels=[pos_label] to specify a single positive class.
  warnings.warn(

2026-09-16 21:23:47,937:INFO:Calculating mean and std
2026-09-16 21:23:47,937:INFO:Creating metrics dataframe
2026-09-16 21:23:47,937:INFO:Uploading results into container
2026-09-16 21:23:47,937:INFO:Uploading model into container now
2026-09-16 21:23:47,937:INFO:_master_model_container: 3
2026-09-16 21:23:47,937:INFO:_display_container: 2
2026-09-16 21:23:47,937:INFO:GaussianNB(priors=None, var_smoothing=1e-09)
2026-09-16 21:23:47,937:INFO:create_model() successfully completed......................................
2026-09-16 21:23:47,979:INFO:SubProcess create_model() end ==================================
2026-09-16 21:23:47,979:INFO:Creating metrics dataframe
2026-09-16 21:23:47,979:INFO:Initializing Decision Tree Classifier
2026-09-16 21:23:47,979:INFO:Total runtime is 0.10422505140304567 minutes
2026-09-16 21:23:47,995:INFO:SubProcess create_model() called ==================================
2026-09-16 21:23:47,995:INFO:Initializing create_model()
2026-09-16 21:23:47,995:INFO:create_model(self=<pycaret.classification.oop.ClassificationExperiment object at 0x000002E542BA4390>, estimator=dt, fold=StratifiedKFold(n_splits=10, random_state=None, shuffle=False), round=4, cross_validation=True, predict=True, fit_kwargs={}, groups=None, refit=False, probability_threshold=None, experiment_custom_tags=None, verbose=False, system=False, add_to_model_list=True, metrics=None, display=<pycaret.internal.display.display.CommonDisplay object at 0x000002E544D810D0>, model_only=True, return_train_score=False, error_score=0.0, kwargs={})
2026-09-16 21:23:47,995:INFO:Checking exceptions
2026-09-16 21:23:47,995:INFO:Importing libraries
2026-09-16 21:23:47,995:INFO:Copying training dataset
2026-09-16 21:23:47,998:INFO:Defining folds
2026-09-16 21:23:47,998:INFO:Declaring metric variables
2026-09-16 21:23:47,998:INFO:Importing untrained model
2026-09-16 21:23:47,998:INFO:Decision Tree Classifier Imported successfully
2026-09-16 21:23:47,998:INFO:Starting cross validation
2026-09-16 21:23:48,007:INFO:Cross validating with StratifiedKFold(n_splits=10, random_state=None, shuffle=False), n_jobs=-1
2026-09-16 21:23:48,238:WARNING:c:\Users\laboratorio\AppData\Local\Programs\Python\Python311\Lib\site-packages\sklearn\metrics\_classification.py:1561: UserWarning: Note that pos_label (set to 'Yes') is ignored when average != 'binary' (got 'weighted'). You may use labels=[pos_label] to specify a single positive class.
  warnings.warn(

2026-09-16 21:23:48,242:WARNING:c:\Users\laboratorio\AppData\Local\Programs\Python\Python311\Lib\site-packages\sklearn\metrics\_classification.py:1561: UserWarning: Note that pos_label (set to 'Yes') is ignored when average != 'binary' (got 'weighted'). You may use labels=[pos_label] to specify a single positive class.
  warnings.warn(

2026-09-16 21:23:48,244:WARNING:c:\Users\laboratorio\AppData\Local\Programs\Python\Python311\Lib\site-packages\sklearn\metrics\_classification.py:1509: UndefinedMetricWarning: Precision is ill-defined and being set to 0.0 in labels with no predicted samples. Use `zero_division` parameter to control this behavior.
  _warn_prf(average, modifier, f"{metric.capitalize()} is", len(result))

2026-09-16 21:23:48,245:WARNING:c:\Users\laboratorio\AppData\Local\Programs\Python\Python311\Lib\site-packages\sklearn\metrics\_classification.py:1561: UserWarning: Note that pos_label (set to 'Yes') is ignored when average != 'binary' (got 'weighted'). You may use labels=[pos_label] to specify a single positive class.
  warnings.warn(

2026-09-16 21:23:48,260:WARNING:c:\Users\laboratorio\AppData\Local\Programs\Python\Python311\Lib\site-packages\sklearn\metrics\_classification.py:1561: UserWarning: Note that pos_label (set to 'Yes') is ignored when average != 'binary' (got 'weighted'). You may use labels=[pos_label] to specify a single positive class.
  warnings.warn(

2026-09-16 21:23:48,265:WARNING:c:\Users\laboratorio\AppData\Local\Programs\Python\Python311\Lib\site-packages\sklearn\metrics\_classification.py:1561: UserWarning: Note that pos_label (set to 'Yes') is ignored when average != 'binary' (got 'weighted'). You may use labels=[pos_label] to specify a single positive class.
  warnings.warn(

2026-09-16 21:23:48,265:WARNING:c:\Users\laboratorio\AppData\Local\Programs\Python\Python311\Lib\site-packages\sklearn\metrics\_classification.py:1509: UndefinedMetricWarning: Precision is ill-defined and being set to 0.0 in labels with no predicted samples. Use `zero_division` parameter to control this behavior.
  _warn_prf(average, modifier, f"{metric.capitalize()} is", len(result))

2026-09-16 21:23:48,267:WARNING:c:\Users\laboratorio\AppData\Local\Programs\Python\Python311\Lib\site-packages\sklearn\metrics\_classification.py:1561: UserWarning: Note that pos_label (set to 'Yes') is ignored when average != 'binary' (got 'weighted'). You may use labels=[pos_label] to specify a single positive class.
  warnings.warn(

2026-09-16 21:23:48,272:WARNING:c:\Users\laboratorio\AppData\Local\Programs\Python\Python311\Lib\site-packages\sklearn\metrics\_classification.py:1561: UserWarning: Note that pos_label (set to 'Yes') is ignored when average != 'binary' (got 'weighted'). You may use labels=[pos_label] to specify a single positive class.
  warnings.warn(

2026-09-16 21:23:48,274:WARNING:c:\Users\laboratorio\AppData\Local\Programs\Python\Python311\Lib\site-packages\sklearn\metrics\_classification.py:1561: UserWarning: Note that pos_label (set to 'Yes') is ignored when average != 'binary' (got 'weighted'). You may use labels=[pos_label] to specify a single positive class.
  warnings.warn(

2026-09-16 21:23:48,276:WARNING:c:\Users\laboratorio\AppData\Local\Programs\Python\Python311\Lib\site-packages\sklearn\metrics\_classification.py:1561: UserWarning: Note that pos_label (set to 'Yes') is ignored when average != 'binary' (got 'weighted'). You may use labels=[pos_label] to specify a single positive class.
  warnings.warn(

2026-09-16 21:23:48,276:WARNING:c:\Users\laboratorio\AppData\Local\Programs\Python\Python311\Lib\site-packages\sklearn\metrics\_classification.py:1509: UndefinedMetricWarning: Precision is ill-defined and being set to 0.0 in labels with no predicted samples. Use `zero_division` parameter to control this behavior.
  _warn_prf(average, modifier, f"{metric.capitalize()} is", len(result))

2026-09-16 21:23:48,278:WARNING:c:\Users\laboratorio\AppData\Local\Programs\Python\Python311\Lib\site-packages\sklearn\metrics\_classification.py:1561: UserWarning: Note that pos_label (set to 'Yes') is ignored when average != 'binary' (got 'weighted'). You may use labels=[pos_label] to specify a single positive class.
  warnings.warn(

2026-09-16 21:23:48,279:WARNING:c:\Users\laboratorio\AppData\Local\Programs\Python\Python311\Lib\site-packages\sklearn\metrics\_classification.py:1561: UserWarning: Note that pos_label (set to 'Yes') is ignored when average != 'binary' (got 'weighted'). You may use labels=[pos_label] to specify a single positive class.
  warnings.warn(

2026-09-16 21:23:48,279:WARNING:c:\Users\laboratorio\AppData\Local\Programs\Python\Python311\Lib\site-packages\sklearn\metrics\_classification.py:1561: UserWarning: Note that pos_label (set to 'Yes') is ignored when average != 'binary' (got 'weighted'). You may use labels=[pos_label] to specify a single positive class.
  warnings.warn(

2026-09-16 21:23:48,279:WARNING:c:\Users\laboratorio\AppData\Local\Programs\Python\Python311\Lib\site-packages\sklearn\metrics\_classification.py:1509: UndefinedMetricWarning: Precision is ill-defined and being set to 0.0 in labels with no predicted samples. Use `zero_division` parameter to control this behavior.
  _warn_prf(average, modifier, f"{metric.capitalize()} is", len(result))

2026-09-16 21:23:48,281:WARNING:c:\Users\laboratorio\AppData\Local\Programs\Python\Python311\Lib\site-packages\sklearn\metrics\_classification.py:1561: UserWarning: Note that pos_label (set to 'Yes') is ignored when average != 'binary' (got 'weighted'). You may use labels=[pos_label] to specify a single positive class.
  warnings.warn(

2026-09-16 21:23:48,281:WARNING:c:\Users\laboratorio\AppData\Local\Programs\Python\Python311\Lib\site-packages\sklearn\metrics\_classification.py:1561: UserWarning: Note that pos_label (set to 'Yes') is ignored when average != 'binary' (got 'weighted'). You may use labels=[pos_label] to specify a single positive class.
  warnings.warn(

2026-09-16 21:23:48,283:WARNING:c:\Users\laboratorio\AppData\Local\Programs\Python\Python311\Lib\site-packages\sklearn\metrics\_classification.py:1561: UserWarning: Note that pos_label (set to 'Yes') is ignored when average != 'binary' (got 'weighted'). You may use labels=[pos_label] to specify a single positive class.
  warnings.warn(

2026-09-16 21:23:48,283:WARNING:c:\Users\laboratorio\AppData\Local\Programs\Python\Python311\Lib\site-packages\sklearn\metrics\_classification.py:1509: UndefinedMetricWarning: Precision is ill-defined and being set to 0.0 in labels with no predicted samples. Use `zero_division` parameter to control this behavior.
  _warn_prf(average, modifier, f"{metric.capitalize()} is", len(result))

2026-09-16 21:23:48,285:WARNING:c:\Users\laboratorio\AppData\Local\Programs\Python\Python311\Lib\site-packages\sklearn\metrics\_classification.py:1561: UserWarning: Note that pos_label (set to 'Yes') is ignored when average != 'binary' (got 'weighted'). You may use labels=[pos_label] to specify a single positive class.
  warnings.warn(

2026-09-16 21:23:48,285:WARNING:c:\Users\laboratorio\AppData\Local\Programs\Python\Python311\Lib\site-packages\sklearn\metrics\_classification.py:1561: UserWarning: Note that pos_label (set to 'Yes') is ignored when average != 'binary' (got 'weighted'). You may use labels=[pos_label] to specify a single positive class.
  warnings.warn(

2026-09-16 21:23:48,287:WARNING:c:\Users\laboratorio\AppData\Local\Programs\Python\Python311\Lib\site-packages\sklearn\metrics\_classification.py:1509: UndefinedMetricWarning: Precision is ill-defined and being set to 0.0 in labels with no predicted samples. Use `zero_division` parameter to control this behavior.
  _warn_prf(average, modifier, f"{metric.capitalize()} is", len(result))

2026-09-16 21:23:48,289:WARNING:c:\Users\laboratorio\AppData\Local\Programs\Python\Python311\Lib\site-packages\sklearn\metrics\_classification.py:1561: UserWarning: Note that pos_label (set to 'Yes') is ignored when average != 'binary' (got 'weighted'). You may use labels=[pos_label] to specify a single positive class.
  warnings.warn(

2026-09-16 21:23:48,289:WARNING:c:\Users\laboratorio\AppData\Local\Programs\Python\Python311\Lib\site-packages\sklearn\metrics\_classification.py:1561: UserWarning: Note that pos_label (set to 'Yes') is ignored when average != 'binary' (got 'weighted'). You may use labels=[pos_label] to specify a single positive class.
  warnings.warn(

2026-09-16 21:23:48,291:WARNING:c:\Users\laboratorio\AppData\Local\Programs\Python\Python311\Lib\site-packages\sklearn\metrics\_classification.py:1561: UserWarning: Note that pos_label (set to 'Yes') is ignored when average != 'binary' (got 'weighted'). You may use labels=[pos_label] to specify a single positive class.
  warnings.warn(

2026-09-16 21:23:48,291:WARNING:c:\Users\laboratorio\AppData\Local\Programs\Python\Python311\Lib\site-packages\sklearn\metrics\_classification.py:1509: UndefinedMetricWarning: Precision is ill-defined and being set to 0.0 in labels with no predicted samples. Use `zero_division` parameter to control this behavior.
  _warn_prf(average, modifier, f"{metric.capitalize()} is", len(result))

2026-09-16 21:23:48,293:WARNING:c:\Users\laboratorio\AppData\Local\Programs\Python\Python311\Lib\site-packages\sklearn\metrics\_classification.py:1561: UserWarning: Note that pos_label (set to 'Yes') is ignored when average != 'binary' (got 'weighted'). You may use labels=[pos_label] to specify a single positive class.
  warnings.warn(

2026-09-16 21:23:48,296:WARNING:c:\Users\laboratorio\AppData\Local\Programs\Python\Python311\Lib\site-packages\sklearn\metrics\_classification.py:1561: UserWarning: Note that pos_label (set to 'Yes') is ignored when average != 'binary' (got 'weighted'). You may use labels=[pos_label] to specify a single positive class.
  warnings.warn(

2026-09-16 21:23:48,302:WARNING:c:\Users\laboratorio\AppData\Local\Programs\Python\Python311\Lib\site-packages\sklearn\metrics\_classification.py:1561: UserWarning: Note that pos_label (set to 'Yes') is ignored when average != 'binary' (got 'weighted'). You may use labels=[pos_label] to specify a single positive class.
  warnings.warn(

2026-09-16 21:23:48,302:WARNING:c:\Users\laboratorio\AppData\Local\Programs\Python\Python311\Lib\site-packages\sklearn\metrics\_classification.py:1509: UndefinedMetricWarning: Precision is ill-defined and being set to 0.0 in labels with no predicted samples. Use `zero_division` parameter to control this behavior.
  _warn_prf(average, modifier, f"{metric.capitalize()} is", len(result))

2026-09-16 21:23:48,302:WARNING:c:\Users\laboratorio\AppData\Local\Programs\Python\Python311\Lib\site-packages\sklearn\metrics\_classification.py:1561: UserWarning: Note that pos_label (set to 'Yes') is ignored when average != 'binary' (got 'weighted'). You may use labels=[pos_label] to specify a single positive class.
  warnings.warn(

2026-09-16 21:23:48,302:WARNING:c:\Users\laboratorio\AppData\Local\Programs\Python\Python311\Lib\site-packages\sklearn\metrics\_classification.py:1561: UserWarning: Note that pos_label (set to 'Yes') is ignored when average != 'binary' (got 'weighted'). You may use labels=[pos_label] to specify a single positive class.
  warnings.warn(

2026-09-16 21:23:48,302:WARNING:c:\Users\laboratorio\AppData\Local\Programs\Python\Python311\Lib\site-packages\sklearn\metrics\_classification.py:1561: UserWarning: Note that pos_label (set to 'Yes') is ignored when average != 'binary' (got 'weighted'). You may use labels=[pos_label] to specify a single positive class.
  warnings.warn(

2026-09-16 21:23:48,302:WARNING:c:\Users\laboratorio\AppData\Local\Programs\Python\Python311\Lib\site-packages\sklearn\metrics\_classification.py:1509: UndefinedMetricWarning: Precision is ill-defined and being set to 0.0 in labels with no predicted samples. Use `zero_division` parameter to control this behavior.
  _warn_prf(average, modifier, f"{metric.capitalize()} is", len(result))

2026-09-16 21:23:48,302:WARNING:c:\Users\laboratorio\AppData\Local\Programs\Python\Python311\Lib\site-packages\sklearn\metrics\_classification.py:1561: UserWarning: Note that pos_label (set to 'Yes') is ignored when average != 'binary' (got 'weighted'). You may use labels=[pos_label] to specify a single positive class.
  warnings.warn(

2026-09-16 21:23:48,314:WARNING:c:\Users\laboratorio\AppData\Local\Programs\Python\Python311\Lib\site-packages\sklearn\metrics\_classification.py:1561: UserWarning: Note that pos_label (set to 'Yes') is ignored when average != 'binary' (got 'weighted'). You may use labels=[pos_label] to specify a single positive class.
  warnings.warn(

2026-09-16 21:23:48,323:WARNING:c:\Users\laboratorio\AppData\Local\Programs\Python\Python311\Lib\site-packages\sklearn\metrics\_classification.py:1561: UserWarning: Note that pos_label (set to 'Yes') is ignored when average != 'binary' (got 'weighted'). You may use labels=[pos_label] to specify a single positive class.
  warnings.warn(

2026-09-16 21:23:48,323:WARNING:c:\Users\laboratorio\AppData\Local\Programs\Python\Python311\Lib\site-packages\sklearn\metrics\_classification.py:1509: UndefinedMetricWarning: Precision is ill-defined and being set to 0.0 in labels with no predicted samples. Use `zero_division` parameter to control this behavior.
  _warn_prf(average, modifier, f"{metric.capitalize()} is", len(result))

2026-09-16 21:23:48,323:WARNING:c:\Users\laboratorio\AppData\Local\Programs\Python\Python311\Lib\site-packages\sklearn\metrics\_classification.py:1561: UserWarning: Note that pos_label (set to 'Yes') is ignored when average != 'binary' (got 'weighted'). You may use labels=[pos_label] to specify a single positive class.
  warnings.warn(

2026-09-16 21:23:48,333:INFO:Calculating mean and std
2026-09-16 21:23:48,333:INFO:Creating metrics dataframe
2026-09-16 21:23:48,333:INFO:Uploading results into container
2026-09-16 21:23:48,333:INFO:Uploading model into container now
2026-09-16 21:23:48,333:INFO:_master_model_container: 4
2026-09-16 21:23:48,333:INFO:_display_container: 2
2026-09-16 21:23:48,333:INFO:DecisionTreeClassifier(ccp_alpha=0.0, class_weight=None, criterion='gini',
                       max_depth=None, max_features=None, max_leaf_nodes=None,
                       min_impurity_decrease=0.0, min_samples_leaf=1,
                       min_samples_split=2, min_weight_fraction_leaf=0.0,
                       monotonic_cst=None, random_state=123, splitter='best')
2026-09-16 21:23:48,333:INFO:create_model() successfully completed......................................
2026-09-16 21:23:48,379:INFO:SubProcess create_model() end ==================================
2026-09-16 21:23:48,379:INFO:Creating metrics dataframe
2026-09-16 21:23:48,379:INFO:Initializing SVM - Linear Kernel
2026-09-16 21:23:48,379:INFO:Total runtime is 0.11088648637135824 minutes
2026-09-16 21:23:48,379:INFO:SubProcess create_model() called ==================================
2026-09-16 21:23:48,379:INFO:Initializing create_model()
2026-09-16 21:23:48,379:INFO:create_model(self=<pycaret.classification.oop.ClassificationExperiment object at 0x000002E542BA4390>, estimator=svm, fold=StratifiedKFold(n_splits=10, random_state=None, shuffle=False), round=4, cross_validation=True, predict=True, fit_kwargs={}, groups=None, refit=False, probability_threshold=None, experiment_custom_tags=None, verbose=False, system=False, add_to_model_list=True, metrics=None, display=<pycaret.internal.display.display.CommonDisplay object at 0x000002E544D810D0>, model_only=True, return_train_score=False, error_score=0.0, kwargs={})
2026-09-16 21:23:48,379:INFO:Checking exceptions
2026-09-16 21:23:48,379:INFO:Importing libraries
2026-09-16 21:23:48,379:INFO:Copying training dataset
2026-09-16 21:23:48,379:INFO:Defining folds
2026-09-16 21:23:48,379:INFO:Declaring metric variables
2026-09-16 21:23:48,395:INFO:Importing untrained model
2026-09-16 21:23:48,395:INFO:SVM - Linear Kernel Imported successfully
2026-09-16 21:23:48,395:INFO:Starting cross validation
2026-09-16 21:23:48,395:INFO:Cross validating with StratifiedKFold(n_splits=10, random_state=None, shuffle=False), n_jobs=-1
2026-09-16 21:23:48,663:WARNING:c:\Users\laboratorio\AppData\Local\Programs\Python\Python311\Lib\site-packages\sklearn\metrics\_classification.py:1561: UserWarning: Note that pos_label (set to 'Yes') is ignored when average != 'binary' (got 'weighted'). You may use labels=[pos_label] to specify a single positive class.
  warnings.warn(

2026-09-16 21:23:48,663:WARNING:c:\Users\laboratorio\AppData\Local\Programs\Python\Python311\Lib\site-packages\sklearn\metrics\_classification.py:1561: UserWarning: Note that pos_label (set to 'Yes') is ignored when average != 'binary' (got 'weighted'). You may use labels=[pos_label] to specify a single positive class.
  warnings.warn(

2026-09-16 21:23:48,666:WARNING:c:\Users\laboratorio\AppData\Local\Programs\Python\Python311\Lib\site-packages\sklearn\metrics\_classification.py:1561: UserWarning: Note that pos_label (set to 'Yes') is ignored when average != 'binary' (got 'weighted'). You may use labels=[pos_label] to specify a single positive class.
  warnings.warn(

2026-09-16 21:23:48,679:WARNING:c:\Users\laboratorio\AppData\Local\Programs\Python\Python311\Lib\site-packages\sklearn\metrics\_classification.py:1561: UserWarning: Note that pos_label (set to 'Yes') is ignored when average != 'binary' (got 'weighted'). You may use labels=[pos_label] to specify a single positive class.
  warnings.warn(

2026-09-16 21:23:48,679:WARNING:c:\Users\laboratorio\AppData\Local\Programs\Python\Python311\Lib\site-packages\sklearn\metrics\_classification.py:1561: UserWarning: Note that pos_label (set to 'Yes') is ignored when average != 'binary' (got 'weighted'). You may use labels=[pos_label] to specify a single positive class.
  warnings.warn(

2026-09-16 21:23:48,679:WARNING:c:\Users\laboratorio\AppData\Local\Programs\Python\Python311\Lib\site-packages\sklearn\metrics\_classification.py:1561: UserWarning: Note that pos_label (set to 'Yes') is ignored when average != 'binary' (got 'weighted'). You may use labels=[pos_label] to specify a single positive class.
  warnings.warn(

2026-09-16 21:23:48,679:WARNING:c:\Users\laboratorio\AppData\Local\Programs\Python\Python311\Lib\site-packages\sklearn\metrics\_classification.py:1561: UserWarning: Note that pos_label (set to 'Yes') is ignored when average != 'binary' (got 'weighted'). You may use labels=[pos_label] to specify a single positive class.
  warnings.warn(

2026-09-16 21:23:48,686:WARNING:c:\Users\laboratorio\AppData\Local\Programs\Python\Python311\Lib\site-packages\sklearn\metrics\_classification.py:1561: UserWarning: Note that pos_label (set to 'Yes') is ignored when average != 'binary' (got 'weighted'). You may use labels=[pos_label] to specify a single positive class.
  warnings.warn(

2026-09-16 21:23:48,686:WARNING:c:\Users\laboratorio\AppData\Local\Programs\Python\Python311\Lib\site-packages\sklearn\metrics\_classification.py:1561: UserWarning: Note that pos_label (set to 'Yes') is ignored when average != 'binary' (got 'weighted'). You may use labels=[pos_label] to specify a single positive class.
  warnings.warn(

2026-09-16 21:23:48,686:WARNING:c:\Users\laboratorio\AppData\Local\Programs\Python\Python311\Lib\site-packages\sklearn\metrics\_classification.py:1561: UserWarning: Note that pos_label (set to 'Yes') is ignored when average != 'binary' (got 'weighted'). You may use labels=[pos_label] to specify a single positive class.
  warnings.warn(

2026-09-16 21:23:48,686:WARNING:c:\Users\laboratorio\AppData\Local\Programs\Python\Python311\Lib\site-packages\sklearn\metrics\_classification.py:1561: UserWarning: Note that pos_label (set to 'Yes') is ignored when average != 'binary' (got 'weighted'). You may use labels=[pos_label] to specify a single positive class.
  warnings.warn(

2026-09-16 21:23:48,695:WARNING:c:\Users\laboratorio\AppData\Local\Programs\Python\Python311\Lib\site-packages\sklearn\metrics\_classification.py:1561: UserWarning: Note that pos_label (set to 'Yes') is ignored when average != 'binary' (got 'weighted'). You may use labels=[pos_label] to specify a single positive class.
  warnings.warn(

2026-09-16 21:23:48,696:WARNING:c:\Users\laboratorio\AppData\Local\Programs\Python\Python311\Lib\site-packages\sklearn\metrics\_classification.py:1561: UserWarning: Note that pos_label (set to 'Yes') is ignored when average != 'binary' (got 'weighted'). You may use labels=[pos_label] to specify a single positive class.
  warnings.warn(

2026-09-16 21:23:48,697:WARNING:c:\Users\laboratorio\AppData\Local\Programs\Python\Python311\Lib\site-packages\sklearn\metrics\_classification.py:1561: UserWarning: Note that pos_label (set to 'Yes') is ignored when average != 'binary' (got 'weighted'). You may use labels=[pos_label] to specify a single positive class.
  warnings.warn(

2026-09-16 21:23:48,697:WARNING:c:\Users\laboratorio\AppData\Local\Programs\Python\Python311\Lib\site-packages\sklearn\metrics\_classification.py:1561: UserWarning: Note that pos_label (set to 'Yes') is ignored when average != 'binary' (got 'weighted'). You may use labels=[pos_label] to specify a single positive class.
  warnings.warn(

2026-09-16 21:23:48,697:WARNING:c:\Users\laboratorio\AppData\Local\Programs\Python\Python311\Lib\site-packages\sklearn\metrics\_classification.py:1561: UserWarning: Note that pos_label (set to 'Yes') is ignored when average != 'binary' (got 'weighted'). You may use labels=[pos_label] to specify a single positive class.
  warnings.warn(

2026-09-16 21:23:48,697:WARNING:c:\Users\laboratorio\AppData\Local\Programs\Python\Python311\Lib\site-packages\sklearn\metrics\_classification.py:1561: UserWarning: Note that pos_label (set to 'Yes') is ignored when average != 'binary' (got 'weighted'). You may use labels=[pos_label] to specify a single positive class.
  warnings.warn(

2026-09-16 21:23:48,697:WARNING:c:\Users\laboratorio\AppData\Local\Programs\Python\Python311\Lib\site-packages\sklearn\metrics\_classification.py:1561: UserWarning: Note that pos_label (set to 'Yes') is ignored when average != 'binary' (got 'weighted'). You may use labels=[pos_label] to specify a single positive class.
  warnings.warn(

2026-09-16 21:23:48,697:WARNING:c:\Users\laboratorio\AppData\Local\Programs\Python\Python311\Lib\site-packages\sklearn\metrics\_classification.py:1509: UndefinedMetricWarning: Precision is ill-defined and being set to 0.0 in labels with no predicted samples. Use `zero_division` parameter to control this behavior.
  _warn_prf(average, modifier, f"{metric.capitalize()} is", len(result))

2026-09-16 21:23:48,697:WARNING:c:\Users\laboratorio\AppData\Local\Programs\Python\Python311\Lib\site-packages\sklearn\metrics\_classification.py:1561: UserWarning: Note that pos_label (set to 'Yes') is ignored when average != 'binary' (got 'weighted'). You may use labels=[pos_label] to specify a single positive class.
  warnings.warn(

2026-09-16 21:23:48,697:WARNING:c:\Users\laboratorio\AppData\Local\Programs\Python\Python311\Lib\site-packages\sklearn\metrics\_classification.py:1561: UserWarning: Note that pos_label (set to 'Yes') is ignored when average != 'binary' (got 'weighted'). You may use labels=[pos_label] to specify a single positive class.
  warnings.warn(

2026-09-16 21:23:48,707:WARNING:c:\Users\laboratorio\AppData\Local\Programs\Python\Python311\Lib\site-packages\sklearn\metrics\_classification.py:1561: UserWarning: Note that pos_label (set to 'Yes') is ignored when average != 'binary' (got 'weighted'). You may use labels=[pos_label] to specify a single positive class.
  warnings.warn(

2026-09-16 21:23:48,712:WARNING:c:\Users\laboratorio\AppData\Local\Programs\Python\Python311\Lib\site-packages\sklearn\metrics\_classification.py:1561: UserWarning: Note that pos_label (set to 'Yes') is ignored when average != 'binary' (got 'weighted'). You may use labels=[pos_label] to specify a single positive class.
  warnings.warn(

2026-09-16 21:23:48,712:WARNING:c:\Users\laboratorio\AppData\Local\Programs\Python\Python311\Lib\site-packages\sklearn\metrics\_classification.py:1561: UserWarning: Note that pos_label (set to 'Yes') is ignored when average != 'binary' (got 'weighted'). You may use labels=[pos_label] to specify a single positive class.
  warnings.warn(

2026-09-16 21:23:48,712:WARNING:c:\Users\laboratorio\AppData\Local\Programs\Python\Python311\Lib\site-packages\sklearn\metrics\_classification.py:1561: UserWarning: Note that pos_label (set to 'Yes') is ignored when average != 'binary' (got 'weighted'). You may use labels=[pos_label] to specify a single positive class.
  warnings.warn(

2026-09-16 21:23:48,718:WARNING:c:\Users\laboratorio\AppData\Local\Programs\Python\Python311\Lib\site-packages\sklearn\metrics\_classification.py:1561: UserWarning: Note that pos_label (set to 'Yes') is ignored when average != 'binary' (got 'weighted'). You may use labels=[pos_label] to specify a single positive class.
  warnings.warn(

2026-09-16 21:23:48,718:WARNING:c:\Users\laboratorio\AppData\Local\Programs\Python\Python311\Lib\site-packages\sklearn\metrics\_classification.py:1561: UserWarning: Note that pos_label (set to 'Yes') is ignored when average != 'binary' (got 'weighted'). You may use labels=[pos_label] to specify a single positive class.
  warnings.warn(

2026-09-16 21:23:48,718:WARNING:c:\Users\laboratorio\AppData\Local\Programs\Python\Python311\Lib\site-packages\sklearn\metrics\_classification.py:1561: UserWarning: Note that pos_label (set to 'Yes') is ignored when average != 'binary' (got 'weighted'). You may use labels=[pos_label] to specify a single positive class.
  warnings.warn(

2026-09-16 21:23:48,730:WARNING:c:\Users\laboratorio\AppData\Local\Programs\Python\Python311\Lib\site-packages\sklearn\metrics\_classification.py:1561: UserWarning: Note that pos_label (set to 'Yes') is ignored when average != 'binary' (got 'weighted'). You may use labels=[pos_label] to specify a single positive class.
  warnings.warn(

2026-09-16 21:23:48,730:WARNING:c:\Users\laboratorio\AppData\Local\Programs\Python\Python311\Lib\site-packages\sklearn\metrics\_classification.py:1561: UserWarning: Note that pos_label (set to 'Yes') is ignored when average != 'binary' (got 'weighted'). You may use labels=[pos_label] to specify a single positive class.
  warnings.warn(

2026-09-16 21:23:48,730:WARNING:c:\Users\laboratorio\AppData\Local\Programs\Python\Python311\Lib\site-packages\sklearn\metrics\_classification.py:1561: UserWarning: Note that pos_label (set to 'Yes') is ignored when average != 'binary' (got 'weighted'). You may use labels=[pos_label] to specify a single positive class.
  warnings.warn(

2026-09-16 21:23:48,749:INFO:Calculating mean and std
2026-09-16 21:23:48,749:INFO:Creating metrics dataframe
2026-09-16 21:23:48,749:INFO:Uploading results into container
2026-09-16 21:23:48,749:INFO:Uploading model into container now
2026-09-16 21:23:48,749:INFO:_master_model_container: 5
2026-09-16 21:23:48,749:INFO:_display_container: 2
2026-09-16 21:23:48,749:INFO:SGDClassifier(alpha=0.0001, average=False, class_weight=None,
              early_stopping=False, epsilon=0.1, eta0=0.001, fit_intercept=True,
              l1_ratio=0.15, learning_rate='optimal', loss='hinge',
              max_iter=1000, n_iter_no_change=5, n_jobs=-1, penalty='l2',
              power_t=0.5, random_state=123, shuffle=True, tol=0.001,
              validation_fraction=0.1, verbose=0, warm_start=False)
2026-09-16 21:23:48,749:INFO:create_model() successfully completed......................................
2026-09-16 21:23:48,795:INFO:SubProcess create_model() end ==================================
2026-09-16 21:23:48,795:INFO:Creating metrics dataframe
2026-09-16 21:23:48,795:INFO:Initializing Ridge Classifier
2026-09-16 21:23:48,795:INFO:Total runtime is 0.11783278385798138 minutes
2026-09-16 21:23:48,795:INFO:SubProcess create_model() called ==================================
2026-09-16 21:23:48,795:INFO:Initializing create_model()
2026-09-16 21:23:48,795:INFO:create_model(self=<pycaret.classification.oop.ClassificationExperiment object at 0x000002E542BA4390>, estimator=ridge, fold=StratifiedKFold(n_splits=10, random_state=None, shuffle=False), round=4, cross_validation=True, predict=True, fit_kwargs={}, groups=None, refit=False, probability_threshold=None, experiment_custom_tags=None, verbose=False, system=False, add_to_model_list=True, metrics=None, display=<pycaret.internal.display.display.CommonDisplay object at 0x000002E544D810D0>, model_only=True, return_train_score=False, error_score=0.0, kwargs={})
2026-09-16 21:23:48,795:INFO:Checking exceptions
2026-09-16 21:23:48,795:INFO:Importing libraries
2026-09-16 21:23:48,795:INFO:Copying training dataset
2026-09-16 21:23:48,795:INFO:Defining folds
2026-09-16 21:23:48,795:INFO:Declaring metric variables
2026-09-16 21:23:48,795:INFO:Importing untrained model
2026-09-16 21:23:48,812:INFO:Ridge Classifier Imported successfully
2026-09-16 21:23:48,812:INFO:Starting cross validation
2026-09-16 21:23:48,812:INFO:Cross validating with StratifiedKFold(n_splits=10, random_state=None, shuffle=False), n_jobs=-1
2026-09-16 21:23:49,063:WARNING:c:\Users\laboratorio\AppData\Local\Programs\Python\Python311\Lib\site-packages\sklearn\metrics\_classification.py:1561: UserWarning: Note that pos_label (set to 'Yes') is ignored when average != 'binary' (got 'weighted'). You may use labels=[pos_label] to specify a single positive class.
  warnings.warn(

2026-09-16 21:23:49,063:WARNING:c:\Users\laboratorio\AppData\Local\Programs\Python\Python311\Lib\site-packages\sklearn\metrics\_classification.py:1561: UserWarning: Note that pos_label (set to 'Yes') is ignored when average != 'binary' (got 'weighted'). You may use labels=[pos_label] to specify a single positive class.
  warnings.warn(

2026-09-16 21:23:49,063:WARNING:c:\Users\laboratorio\AppData\Local\Programs\Python\Python311\Lib\site-packages\sklearn\metrics\_classification.py:1561: UserWarning: Note that pos_label (set to 'Yes') is ignored when average != 'binary' (got 'weighted'). You may use labels=[pos_label] to specify a single positive class.
  warnings.warn(

2026-09-16 21:23:49,071:WARNING:c:\Users\laboratorio\AppData\Local\Programs\Python\Python311\Lib\site-packages\sklearn\metrics\_classification.py:1561: UserWarning: Note that pos_label (set to 'Yes') is ignored when average != 'binary' (got 'weighted'). You may use labels=[pos_label] to specify a single positive class.
  warnings.warn(

2026-09-16 21:23:49,071:WARNING:c:\Users\laboratorio\AppData\Local\Programs\Python\Python311\Lib\site-packages\sklearn\metrics\_classification.py:1561: UserWarning: Note that pos_label (set to 'Yes') is ignored when average != 'binary' (got 'weighted'). You may use labels=[pos_label] to specify a single positive class.
  warnings.warn(

2026-09-16 21:23:49,071:WARNING:c:\Users\laboratorio\AppData\Local\Programs\Python\Python311\Lib\site-packages\sklearn\metrics\_classification.py:1561: UserWarning: Note that pos_label (set to 'Yes') is ignored when average != 'binary' (got 'weighted'). You may use labels=[pos_label] to specify a single positive class.
  warnings.warn(

2026-09-16 21:23:49,071:WARNING:c:\Users\laboratorio\AppData\Local\Programs\Python\Python311\Lib\site-packages\sklearn\metrics\_classification.py:1561: UserWarning: Note that pos_label (set to 'Yes') is ignored when average != 'binary' (got 'weighted'). You may use labels=[pos_label] to specify a single positive class.
  warnings.warn(

2026-09-16 21:23:49,071:WARNING:c:\Users\laboratorio\AppData\Local\Programs\Python\Python311\Lib\site-packages\sklearn\metrics\_classification.py:1561: UserWarning: Note that pos_label (set to 'Yes') is ignored when average != 'binary' (got 'weighted'). You may use labels=[pos_label] to specify a single positive class.
  warnings.warn(

2026-09-16 21:23:49,071:WARNING:c:\Users\laboratorio\AppData\Local\Programs\Python\Python311\Lib\site-packages\sklearn\metrics\_classification.py:1561: UserWarning: Note that pos_label (set to 'Yes') is ignored when average != 'binary' (got 'weighted'). You may use labels=[pos_label] to specify a single positive class.
  warnings.warn(

2026-09-16 21:23:49,071:WARNING:c:\Users\laboratorio\AppData\Local\Programs\Python\Python311\Lib\site-packages\sklearn\metrics\_classification.py:1561: UserWarning: Note that pos_label (set to 'Yes') is ignored when average != 'binary' (got 'weighted'). You may use labels=[pos_label] to specify a single positive class.
  warnings.warn(

2026-09-16 21:23:49,079:WARNING:c:\Users\laboratorio\AppData\Local\Programs\Python\Python311\Lib\site-packages\sklearn\metrics\_classification.py:1561: UserWarning: Note that pos_label (set to 'Yes') is ignored when average != 'binary' (got 'weighted'). You may use labels=[pos_label] to specify a single positive class.
  warnings.warn(

2026-09-16 21:23:49,082:WARNING:c:\Users\laboratorio\AppData\Local\Programs\Python\Python311\Lib\site-packages\sklearn\metrics\_classification.py:1561: UserWarning: Note that pos_label (set to 'Yes') is ignored when average != 'binary' (got 'weighted'). You may use labels=[pos_label] to specify a single positive class.
  warnings.warn(

2026-09-16 21:23:49,082:WARNING:c:\Users\laboratorio\AppData\Local\Programs\Python\Python311\Lib\site-packages\sklearn\metrics\_classification.py:1561: UserWarning: Note that pos_label (set to 'Yes') is ignored when average != 'binary' (got 'weighted'). You may use labels=[pos_label] to specify a single positive class.
  warnings.warn(

2026-09-16 21:23:49,082:WARNING:c:\Users\laboratorio\AppData\Local\Programs\Python\Python311\Lib\site-packages\sklearn\metrics\_classification.py:1561: UserWarning: Note that pos_label (set to 'Yes') is ignored when average != 'binary' (got 'weighted'). You may use labels=[pos_label] to specify a single positive class.
  warnings.warn(

2026-09-16 21:23:49,082:WARNING:c:\Users\laboratorio\AppData\Local\Programs\Python\Python311\Lib\site-packages\sklearn\metrics\_classification.py:1561: UserWarning: Note that pos_label (set to 'Yes') is ignored when average != 'binary' (got 'weighted'). You may use labels=[pos_label] to specify a single positive class.
  warnings.warn(

2026-09-16 21:23:49,092:WARNING:c:\Users\laboratorio\AppData\Local\Programs\Python\Python311\Lib\site-packages\sklearn\metrics\_classification.py:1561: UserWarning: Note that pos_label (set to 'Yes') is ignored when average != 'binary' (got 'weighted'). You may use labels=[pos_label] to specify a single positive class.
  warnings.warn(

2026-09-16 21:23:49,092:WARNING:c:\Users\laboratorio\AppData\Local\Programs\Python\Python311\Lib\site-packages\sklearn\metrics\_classification.py:1561: UserWarning: Note that pos_label (set to 'Yes') is ignored when average != 'binary' (got 'weighted'). You may use labels=[pos_label] to specify a single positive class.
  warnings.warn(

2026-09-16 21:23:49,094:WARNING:c:\Users\laboratorio\AppData\Local\Programs\Python\Python311\Lib\site-packages\sklearn\metrics\_classification.py:1561: UserWarning: Note that pos_label (set to 'Yes') is ignored when average != 'binary' (got 'weighted'). You may use labels=[pos_label] to specify a single positive class.
  warnings.warn(

2026-09-16 21:23:49,102:WARNING:c:\Users\laboratorio\AppData\Local\Programs\Python\Python311\Lib\site-packages\sklearn\metrics\_classification.py:1561: UserWarning: Note that pos_label (set to 'Yes') is ignored when average != 'binary' (got 'weighted'). You may use labels=[pos_label] to specify a single positive class.
  warnings.warn(

2026-09-16 21:23:49,102:WARNING:c:\Users\laboratorio\AppData\Local\Programs\Python\Python311\Lib\site-packages\sklearn\metrics\_classification.py:1561: UserWarning: Note that pos_label (set to 'Yes') is ignored when average != 'binary' (got 'weighted'). You may use labels=[pos_label] to specify a single positive class.
  warnings.warn(

2026-09-16 21:23:49,102:WARNING:c:\Users\laboratorio\AppData\Local\Programs\Python\Python311\Lib\site-packages\sklearn\metrics\_classification.py:1561: UserWarning: Note that pos_label (set to 'Yes') is ignored when average != 'binary' (got 'weighted'). You may use labels=[pos_label] to specify a single positive class.
  warnings.warn(

2026-09-16 21:23:49,102:WARNING:c:\Users\laboratorio\AppData\Local\Programs\Python\Python311\Lib\site-packages\sklearn\metrics\_classification.py:1561: UserWarning: Note that pos_label (set to 'Yes') is ignored when average != 'binary' (got 'weighted'). You may use labels=[pos_label] to specify a single positive class.
  warnings.warn(

2026-09-16 21:23:49,111:WARNING:c:\Users\laboratorio\AppData\Local\Programs\Python\Python311\Lib\site-packages\sklearn\metrics\_classification.py:1561: UserWarning: Note that pos_label (set to 'Yes') is ignored when average != 'binary' (got 'weighted'). You may use labels=[pos_label] to specify a single positive class.
  warnings.warn(

2026-09-16 21:23:49,112:WARNING:c:\Users\laboratorio\AppData\Local\Programs\Python\Python311\Lib\site-packages\sklearn\metrics\_classification.py:1561: UserWarning: Note that pos_label (set to 'Yes') is ignored when average != 'binary' (got 'weighted'). You may use labels=[pos_label] to specify a single positive class.
  warnings.warn(

2026-09-16 21:23:49,113:WARNING:c:\Users\laboratorio\AppData\Local\Programs\Python\Python311\Lib\site-packages\sklearn\metrics\_classification.py:1561: UserWarning: Note that pos_label (set to 'Yes') is ignored when average != 'binary' (got 'weighted'). You may use labels=[pos_label] to specify a single positive class.
  warnings.warn(

2026-09-16 21:23:49,113:WARNING:c:\Users\laboratorio\AppData\Local\Programs\Python\Python311\Lib\site-packages\sklearn\metrics\_classification.py:1561: UserWarning: Note that pos_label (set to 'Yes') is ignored when average != 'binary' (got 'weighted'). You may use labels=[pos_label] to specify a single positive class.
  warnings.warn(

2026-09-16 21:23:49,113:WARNING:c:\Users\laboratorio\AppData\Local\Programs\Python\Python311\Lib\site-packages\sklearn\metrics\_classification.py:1561: UserWarning: Note that pos_label (set to 'Yes') is ignored when average != 'binary' (got 'weighted'). You may use labels=[pos_label] to specify a single positive class.
  warnings.warn(

2026-09-16 21:23:49,113:WARNING:c:\Users\laboratorio\AppData\Local\Programs\Python\Python311\Lib\site-packages\sklearn\metrics\_classification.py:1561: UserWarning: Note that pos_label (set to 'Yes') is ignored when average != 'binary' (got 'weighted'). You may use labels=[pos_label] to specify a single positive class.
  warnings.warn(

2026-09-16 21:23:49,113:WARNING:c:\Users\laboratorio\AppData\Local\Programs\Python\Python311\Lib\site-packages\sklearn\metrics\_classification.py:1561: UserWarning: Note that pos_label (set to 'Yes') is ignored when average != 'binary' (got 'weighted'). You may use labels=[pos_label] to specify a single positive class.
  warnings.warn(

2026-09-16 21:23:49,113:WARNING:c:\Users\laboratorio\AppData\Local\Programs\Python\Python311\Lib\site-packages\sklearn\metrics\_classification.py:1561: UserWarning: Note that pos_label (set to 'Yes') is ignored when average != 'binary' (got 'weighted'). You may use labels=[pos_label] to specify a single positive class.
  warnings.warn(

2026-09-16 21:23:49,123:INFO:Calculating mean and std
2026-09-16 21:23:49,123:INFO:Creating metrics dataframe
2026-09-16 21:23:49,123:INFO:Uploading results into container
2026-09-16 21:23:49,123:INFO:Uploading model into container now
2026-09-16 21:23:49,126:INFO:_master_model_container: 6
2026-09-16 21:23:49,126:INFO:_display_container: 2
2026-09-16 21:23:49,126:INFO:RidgeClassifier(alpha=1.0, class_weight=None, copy_X=True, fit_intercept=True,
                max_iter=None, positive=False, random_state=123, solver='auto',
                tol=0.0001)
2026-09-16 21:23:49,126:INFO:create_model() successfully completed......................................
2026-09-16 21:23:49,164:INFO:SubProcess create_model() end ==================================
2026-09-16 21:23:49,164:INFO:Creating metrics dataframe
2026-09-16 21:23:49,178:INFO:Initializing Random Forest Classifier
2026-09-16 21:23:49,178:INFO:Total runtime is 0.1242188334465027 minutes
2026-09-16 21:23:49,178:INFO:SubProcess create_model() called ==================================
2026-09-16 21:23:49,178:INFO:Initializing create_model()
2026-09-16 21:23:49,178:INFO:create_model(self=<pycaret.classification.oop.ClassificationExperiment object at 0x000002E542BA4390>, estimator=rf, fold=StratifiedKFold(n_splits=10, random_state=None, shuffle=False), round=4, cross_validation=True, predict=True, fit_kwargs={}, groups=None, refit=False, probability_threshold=None, experiment_custom_tags=None, verbose=False, system=False, add_to_model_list=True, metrics=None, display=<pycaret.internal.display.display.CommonDisplay object at 0x000002E544D810D0>, model_only=True, return_train_score=False, error_score=0.0, kwargs={})
2026-09-16 21:23:49,178:INFO:Checking exceptions
2026-09-16 21:23:49,178:INFO:Importing libraries
2026-09-16 21:23:49,178:INFO:Copying training dataset
2026-09-16 21:23:49,178:INFO:Defining folds
2026-09-16 21:23:49,178:INFO:Declaring metric variables
2026-09-16 21:23:49,178:INFO:Importing untrained model
2026-09-16 21:23:49,178:INFO:Random Forest Classifier Imported successfully
2026-09-16 21:23:49,178:INFO:Starting cross validation
2026-09-16 21:23:49,178:INFO:Cross validating with StratifiedKFold(n_splits=10, random_state=None, shuffle=False), n_jobs=-1
2026-09-16 21:23:49,681:WARNING:c:\Users\laboratorio\AppData\Local\Programs\Python\Python311\Lib\site-packages\sklearn\metrics\_classification.py:1561: UserWarning: Note that pos_label (set to 'Yes') is ignored when average != 'binary' (got 'weighted'). You may use labels=[pos_label] to specify a single positive class.
  warnings.warn(

2026-09-16 21:23:49,686:WARNING:c:\Users\laboratorio\AppData\Local\Programs\Python\Python311\Lib\site-packages\sklearn\metrics\_classification.py:1561: UserWarning: Note that pos_label (set to 'Yes') is ignored when average != 'binary' (got 'weighted'). You may use labels=[pos_label] to specify a single positive class.
  warnings.warn(

2026-09-16 21:23:49,686:WARNING:c:\Users\laboratorio\AppData\Local\Programs\Python\Python311\Lib\site-packages\sklearn\metrics\_classification.py:1561: UserWarning: Note that pos_label (set to 'Yes') is ignored when average != 'binary' (got 'weighted'). You may use labels=[pos_label] to specify a single positive class.
  warnings.warn(

2026-09-16 21:23:49,688:WARNING:c:\Users\laboratorio\AppData\Local\Programs\Python\Python311\Lib\site-packages\sklearn\metrics\_classification.py:1509: UndefinedMetricWarning: Precision is ill-defined and being set to 0.0 in labels with no predicted samples. Use `zero_division` parameter to control this behavior.
  _warn_prf(average, modifier, f"{metric.capitalize()} is", len(result))

2026-09-16 21:23:49,688:WARNING:c:\Users\laboratorio\AppData\Local\Programs\Python\Python311\Lib\site-packages\sklearn\metrics\_classification.py:1561: UserWarning: Note that pos_label (set to 'Yes') is ignored when average != 'binary' (got 'weighted'). You may use labels=[pos_label] to specify a single positive class.
  warnings.warn(

2026-09-16 21:23:49,689:WARNING:c:\Users\laboratorio\AppData\Local\Programs\Python\Python311\Lib\site-packages\sklearn\metrics\_classification.py:1561: UserWarning: Note that pos_label (set to 'Yes') is ignored when average != 'binary' (got 'weighted'). You may use labels=[pos_label] to specify a single positive class.
  warnings.warn(

2026-09-16 21:23:49,690:WARNING:c:\Users\laboratorio\AppData\Local\Programs\Python\Python311\Lib\site-packages\sklearn\metrics\_classification.py:1509: UndefinedMetricWarning: Precision is ill-defined and being set to 0.0 in labels with no predicted samples. Use `zero_division` parameter to control this behavior.
  _warn_prf(average, modifier, f"{metric.capitalize()} is", len(result))

2026-09-16 21:23:49,690:WARNING:c:\Users\laboratorio\AppData\Local\Programs\Python\Python311\Lib\site-packages\sklearn\metrics\_classification.py:1561: UserWarning: Note that pos_label (set to 'Yes') is ignored when average != 'binary' (got 'weighted'). You may use labels=[pos_label] to specify a single positive class.
  warnings.warn(

2026-09-16 21:23:49,691:WARNING:c:\Users\laboratorio\AppData\Local\Programs\Python\Python311\Lib\site-packages\sklearn\metrics\_classification.py:1561: UserWarning: Note that pos_label (set to 'Yes') is ignored when average != 'binary' (got 'weighted'). You may use labels=[pos_label] to specify a single positive class.
  warnings.warn(

2026-09-16 21:23:49,691:WARNING:c:\Users\laboratorio\AppData\Local\Programs\Python\Python311\Lib\site-packages\sklearn\metrics\_classification.py:1561: UserWarning: Note that pos_label (set to 'Yes') is ignored when average != 'binary' (got 'weighted'). You may use labels=[pos_label] to specify a single positive class.
  warnings.warn(

2026-09-16 21:23:49,694:WARNING:c:\Users\laboratorio\AppData\Local\Programs\Python\Python311\Lib\site-packages\sklearn\metrics\_classification.py:1561: UserWarning: Note that pos_label (set to 'Yes') is ignored when average != 'binary' (got 'weighted'). You may use labels=[pos_label] to specify a single positive class.
  warnings.warn(

2026-09-16 21:23:49,695:WARNING:c:\Users\laboratorio\AppData\Local\Programs\Python\Python311\Lib\site-packages\sklearn\metrics\_classification.py:1509: UndefinedMetricWarning: Precision is ill-defined and being set to 0.0 in labels with no predicted samples. Use `zero_division` parameter to control this behavior.
  _warn_prf(average, modifier, f"{metric.capitalize()} is", len(result))

2026-09-16 21:23:49,696:WARNING:c:\Users\laboratorio\AppData\Local\Programs\Python\Python311\Lib\site-packages\sklearn\metrics\_classification.py:1561: UserWarning: Note that pos_label (set to 'Yes') is ignored when average != 'binary' (got 'weighted'). You may use labels=[pos_label] to specify a single positive class.
  warnings.warn(

2026-09-16 21:23:49,698:WARNING:c:\Users\laboratorio\AppData\Local\Programs\Python\Python311\Lib\site-packages\sklearn\metrics\_classification.py:1561: UserWarning: Note that pos_label (set to 'Yes') is ignored when average != 'binary' (got 'weighted'). You may use labels=[pos_label] to specify a single positive class.
  warnings.warn(

2026-09-16 21:23:49,698:WARNING:c:\Users\laboratorio\AppData\Local\Programs\Python\Python311\Lib\site-packages\sklearn\metrics\_classification.py:1561: UserWarning: Note that pos_label (set to 'Yes') is ignored when average != 'binary' (got 'weighted'). You may use labels=[pos_label] to specify a single positive class.
  warnings.warn(

2026-09-16 21:23:49,699:WARNING:c:\Users\laboratorio\AppData\Local\Programs\Python\Python311\Lib\site-packages\sklearn\metrics\_classification.py:1509: UndefinedMetricWarning: Precision is ill-defined and being set to 0.0 in labels with no predicted samples. Use `zero_division` parameter to control this behavior.
  _warn_prf(average, modifier, f"{metric.capitalize()} is", len(result))

2026-09-16 21:23:49,699:WARNING:c:\Users\laboratorio\AppData\Local\Programs\Python\Python311\Lib\site-packages\sklearn\metrics\_classification.py:1561: UserWarning: Note that pos_label (set to 'Yes') is ignored when average != 'binary' (got 'weighted'). You may use labels=[pos_label] to specify a single positive class.
  warnings.warn(

2026-09-16 21:23:49,699:WARNING:c:\Users\laboratorio\AppData\Local\Programs\Python\Python311\Lib\site-packages\sklearn\metrics\_classification.py:1561: UserWarning: Note that pos_label (set to 'Yes') is ignored when average != 'binary' (got 'weighted'). You may use labels=[pos_label] to specify a single positive class.
  warnings.warn(

2026-09-16 21:23:49,699:WARNING:c:\Users\laboratorio\AppData\Local\Programs\Python\Python311\Lib\site-packages\sklearn\metrics\_classification.py:1561: UserWarning: Note that pos_label (set to 'Yes') is ignored when average != 'binary' (got 'weighted'). You may use labels=[pos_label] to specify a single positive class.
  warnings.warn(

2026-09-16 21:23:49,699:WARNING:c:\Users\laboratorio\AppData\Local\Programs\Python\Python311\Lib\site-packages\sklearn\metrics\_classification.py:1509: UndefinedMetricWarning: Precision is ill-defined and being set to 0.0 in labels with no predicted samples. Use `zero_division` parameter to control this behavior.
  _warn_prf(average, modifier, f"{metric.capitalize()} is", len(result))

2026-09-16 21:23:49,699:WARNING:c:\Users\laboratorio\AppData\Local\Programs\Python\Python311\Lib\site-packages\sklearn\metrics\_classification.py:1561: UserWarning: Note that pos_label (set to 'Yes') is ignored when average != 'binary' (got 'weighted'). You may use labels=[pos_label] to specify a single positive class.
  warnings.warn(

2026-09-16 21:23:49,699:WARNING:c:\Users\laboratorio\AppData\Local\Programs\Python\Python311\Lib\site-packages\sklearn\metrics\_classification.py:1561: UserWarning: Note that pos_label (set to 'Yes') is ignored when average != 'binary' (got 'weighted'). You may use labels=[pos_label] to specify a single positive class.
  warnings.warn(

2026-09-16 21:23:49,705:WARNING:c:\Users\laboratorio\AppData\Local\Programs\Python\Python311\Lib\site-packages\sklearn\metrics\_classification.py:1509: UndefinedMetricWarning: Precision is ill-defined and being set to 0.0 in labels with no predicted samples. Use `zero_division` parameter to control this behavior.
  _warn_prf(average, modifier, f"{metric.capitalize()} is", len(result))

2026-09-16 21:23:49,705:WARNING:c:\Users\laboratorio\AppData\Local\Programs\Python\Python311\Lib\site-packages\sklearn\metrics\_classification.py:1561: UserWarning: Note that pos_label (set to 'Yes') is ignored when average != 'binary' (got 'weighted'). You may use labels=[pos_label] to specify a single positive class.
  warnings.warn(

2026-09-16 21:23:49,724:WARNING:c:\Users\laboratorio\AppData\Local\Programs\Python\Python311\Lib\site-packages\sklearn\metrics\_classification.py:1561: UserWarning: Note that pos_label (set to 'Yes') is ignored when average != 'binary' (got 'weighted'). You may use labels=[pos_label] to specify a single positive class.
  warnings.warn(

2026-09-16 21:23:49,728:WARNING:c:\Users\laboratorio\AppData\Local\Programs\Python\Python311\Lib\site-packages\sklearn\metrics\_classification.py:1561: UserWarning: Note that pos_label (set to 'Yes') is ignored when average != 'binary' (got 'weighted'). You may use labels=[pos_label] to specify a single positive class.
  warnings.warn(

2026-09-16 21:23:49,729:WARNING:c:\Users\laboratorio\AppData\Local\Programs\Python\Python311\Lib\site-packages\sklearn\metrics\_classification.py:1561: UserWarning: Note that pos_label (set to 'Yes') is ignored when average != 'binary' (got 'weighted'). You may use labels=[pos_label] to specify a single positive class.
  warnings.warn(

2026-09-16 21:23:49,730:WARNING:c:\Users\laboratorio\AppData\Local\Programs\Python\Python311\Lib\site-packages\sklearn\metrics\_classification.py:1509: UndefinedMetricWarning: Precision is ill-defined and being set to 0.0 in labels with no predicted samples. Use `zero_division` parameter to control this behavior.
  _warn_prf(average, modifier, f"{metric.capitalize()} is", len(result))

2026-09-16 21:23:49,730:WARNING:c:\Users\laboratorio\AppData\Local\Programs\Python\Python311\Lib\site-packages\sklearn\metrics\_classification.py:1561: UserWarning: Note that pos_label (set to 'Yes') is ignored when average != 'binary' (got 'weighted'). You may use labels=[pos_label] to specify a single positive class.
  warnings.warn(

2026-09-16 21:23:49,730:WARNING:c:\Users\laboratorio\AppData\Local\Programs\Python\Python311\Lib\site-packages\sklearn\metrics\_classification.py:1561: UserWarning: Note that pos_label (set to 'Yes') is ignored when average != 'binary' (got 'weighted'). You may use labels=[pos_label] to specify a single positive class.
  warnings.warn(

2026-09-16 21:23:49,730:WARNING:c:\Users\laboratorio\AppData\Local\Programs\Python\Python311\Lib\site-packages\sklearn\metrics\_classification.py:1561: UserWarning: Note that pos_label (set to 'Yes') is ignored when average != 'binary' (got 'weighted'). You may use labels=[pos_label] to specify a single positive class.
  warnings.warn(

2026-09-16 21:23:49,730:WARNING:c:\Users\laboratorio\AppData\Local\Programs\Python\Python311\Lib\site-packages\sklearn\metrics\_classification.py:1509: UndefinedMetricWarning: Precision is ill-defined and being set to 0.0 in labels with no predicted samples. Use `zero_division` parameter to control this behavior.
  _warn_prf(average, modifier, f"{metric.capitalize()} is", len(result))

2026-09-16 21:23:49,730:WARNING:c:\Users\laboratorio\AppData\Local\Programs\Python\Python311\Lib\site-packages\sklearn\metrics\_classification.py:1561: UserWarning: Note that pos_label (set to 'Yes') is ignored when average != 'binary' (got 'weighted'). You may use labels=[pos_label] to specify a single positive class.
  warnings.warn(

2026-09-16 21:23:49,730:WARNING:c:\Users\laboratorio\AppData\Local\Programs\Python\Python311\Lib\site-packages\sklearn\metrics\_classification.py:1561: UserWarning: Note that pos_label (set to 'Yes') is ignored when average != 'binary' (got 'weighted'). You may use labels=[pos_label] to specify a single positive class.
  warnings.warn(

2026-09-16 21:23:49,730:WARNING:c:\Users\laboratorio\AppData\Local\Programs\Python\Python311\Lib\site-packages\sklearn\metrics\_classification.py:1509: UndefinedMetricWarning: Precision is ill-defined and being set to 0.0 in labels with no predicted samples. Use `zero_division` parameter to control this behavior.
  _warn_prf(average, modifier, f"{metric.capitalize()} is", len(result))

2026-09-16 21:23:49,730:WARNING:c:\Users\laboratorio\AppData\Local\Programs\Python\Python311\Lib\site-packages\sklearn\metrics\_classification.py:1561: UserWarning: Note that pos_label (set to 'Yes') is ignored when average != 'binary' (got 'weighted'). You may use labels=[pos_label] to specify a single positive class.
  warnings.warn(

2026-09-16 21:23:49,762:WARNING:c:\Users\laboratorio\AppData\Local\Programs\Python\Python311\Lib\site-packages\sklearn\metrics\_classification.py:1561: UserWarning: Note that pos_label (set to 'Yes') is ignored when average != 'binary' (got 'weighted'). You may use labels=[pos_label] to specify a single positive class.
  warnings.warn(

2026-09-16 21:23:49,762:WARNING:c:\Users\laboratorio\AppData\Local\Programs\Python\Python311\Lib\site-packages\sklearn\metrics\_classification.py:1561: UserWarning: Note that pos_label (set to 'Yes') is ignored when average != 'binary' (got 'weighted'). You may use labels=[pos_label] to specify a single positive class.
  warnings.warn(

2026-09-16 21:23:49,762:WARNING:c:\Users\laboratorio\AppData\Local\Programs\Python\Python311\Lib\site-packages\sklearn\metrics\_classification.py:1509: UndefinedMetricWarning: Precision is ill-defined and being set to 0.0 in labels with no predicted samples. Use `zero_division` parameter to control this behavior.
  _warn_prf(average, modifier, f"{metric.capitalize()} is", len(result))

2026-09-16 21:23:49,762:WARNING:c:\Users\laboratorio\AppData\Local\Programs\Python\Python311\Lib\site-packages\sklearn\metrics\_classification.py:1561: UserWarning: Note that pos_label (set to 'Yes') is ignored when average != 'binary' (got 'weighted'). You may use labels=[pos_label] to specify a single positive class.
  warnings.warn(

2026-09-16 21:23:49,772:INFO:Calculating mean and std
2026-09-16 21:23:49,772:INFO:Creating metrics dataframe
2026-09-16 21:23:49,772:INFO:Uploading results into container
2026-09-16 21:23:49,772:INFO:Uploading model into container now
2026-09-16 21:23:49,775:INFO:_master_model_container: 7
2026-09-16 21:23:49,775:INFO:_display_container: 2
2026-09-16 21:23:49,775:INFO:RandomForestClassifier(bootstrap=True, ccp_alpha=0.0, class_weight=None,
                       criterion='gini', max_depth=None, max_features='sqrt',
                       max_leaf_nodes=None, max_samples=None,
                       min_impurity_decrease=0.0, min_samples_leaf=1,
                       min_samples_split=2, min_weight_fraction_leaf=0.0,
                       monotonic_cst=None, n_estimators=100, n_jobs=-1,
                       oob_score=False, random_state=123, verbose=0,
                       warm_start=False)
2026-09-16 21:23:49,775:INFO:create_model() successfully completed......................................
2026-09-16 21:23:49,814:INFO:SubProcess create_model() end ==================================
2026-09-16 21:23:49,814:INFO:Creating metrics dataframe
2026-09-16 21:23:49,829:INFO:Initializing Quadratic Discriminant Analysis
2026-09-16 21:23:49,829:INFO:Total runtime is 0.13506087064743044 minutes
2026-09-16 21:23:49,829:INFO:SubProcess create_model() called ==================================
2026-09-16 21:23:49,829:INFO:Initializing create_model()
2026-09-16 21:23:49,829:INFO:create_model(self=<pycaret.classification.oop.ClassificationExperiment object at 0x000002E542BA4390>, estimator=qda, fold=StratifiedKFold(n_splits=10, random_state=None, shuffle=False), round=4, cross_validation=True, predict=True, fit_kwargs={}, groups=None, refit=False, probability_threshold=None, experiment_custom_tags=None, verbose=False, system=False, add_to_model_list=True, metrics=None, display=<pycaret.internal.display.display.CommonDisplay object at 0x000002E544D810D0>, model_only=True, return_train_score=False, error_score=0.0, kwargs={})
2026-09-16 21:23:49,829:INFO:Checking exceptions
2026-09-16 21:23:49,829:INFO:Importing libraries
2026-09-16 21:23:49,829:INFO:Copying training dataset
2026-09-16 21:23:49,829:INFO:Defining folds
2026-09-16 21:23:49,829:INFO:Declaring metric variables
2026-09-16 21:23:49,829:INFO:Importing untrained model
2026-09-16 21:23:49,829:INFO:Quadratic Discriminant Analysis Imported successfully
2026-09-16 21:23:49,829:INFO:Starting cross validation
2026-09-16 21:23:49,829:INFO:Cross validating with StratifiedKFold(n_splits=10, random_state=None, shuffle=False), n_jobs=-1
2026-09-16 21:23:50,063:WARNING:c:\Users\laboratorio\AppData\Local\Programs\Python\Python311\Lib\site-packages\sklearn\discriminant_analysis.py:935: UserWarning: Variables are collinear
  warnings.warn("Variables are collinear")

2026-09-16 21:23:50,063:WARNING:c:\Users\laboratorio\AppData\Local\Programs\Python\Python311\Lib\site-packages\sklearn\discriminant_analysis.py:935: UserWarning: Variables are collinear
  warnings.warn("Variables are collinear")

2026-09-16 21:23:50,073:WARNING:c:\Users\laboratorio\AppData\Local\Programs\Python\Python311\Lib\site-packages\sklearn\discriminant_analysis.py:935: UserWarning: Variables are collinear
  warnings.warn("Variables are collinear")

2026-09-16 21:23:50,080:WARNING:c:\Users\laboratorio\AppData\Local\Programs\Python\Python311\Lib\site-packages\sklearn\discriminant_analysis.py:935: UserWarning: Variables are collinear
  warnings.warn("Variables are collinear")

2026-09-16 21:23:50,084:WARNING:c:\Users\laboratorio\AppData\Local\Programs\Python\Python311\Lib\site-packages\sklearn\discriminant_analysis.py:935: UserWarning: Variables are collinear
  warnings.warn("Variables are collinear")

2026-09-16 21:23:50,113:WARNING:c:\Users\laboratorio\AppData\Local\Programs\Python\Python311\Lib\site-packages\sklearn\discriminant_analysis.py:935: UserWarning: Variables are collinear
  warnings.warn("Variables are collinear")

2026-09-16 21:23:50,115:WARNING:c:\Users\laboratorio\AppData\Local\Programs\Python\Python311\Lib\site-packages\sklearn\discriminant_analysis.py:935: UserWarning: Variables are collinear
  warnings.warn("Variables are collinear")

2026-09-16 21:23:50,115:WARNING:c:\Users\laboratorio\AppData\Local\Programs\Python\Python311\Lib\site-packages\sklearn\metrics\_classification.py:1561: UserWarning: Note that pos_label (set to 'Yes') is ignored when average != 'binary' (got 'weighted'). You may use labels=[pos_label] to specify a single positive class.
  warnings.warn(

2026-09-16 21:23:50,115:WARNING:c:\Users\laboratorio\AppData\Local\Programs\Python\Python311\Lib\site-packages\sklearn\discriminant_analysis.py:935: UserWarning: Variables are collinear
  warnings.warn("Variables are collinear")

2026-09-16 21:23:50,115:WARNING:c:\Users\laboratorio\AppData\Local\Programs\Python\Python311\Lib\site-packages\sklearn\metrics\_classification.py:1561: UserWarning: Note that pos_label (set to 'Yes') is ignored when average != 'binary' (got 'weighted'). You may use labels=[pos_label] to specify a single positive class.
  warnings.warn(

2026-09-16 21:23:50,115:WARNING:c:\Users\laboratorio\AppData\Local\Programs\Python\Python311\Lib\site-packages\sklearn\metrics\_classification.py:1509: UndefinedMetricWarning: Precision is ill-defined and being set to 0.0 in labels with no predicted samples. Use `zero_division` parameter to control this behavior.
  _warn_prf(average, modifier, f"{metric.capitalize()} is", len(result))

2026-09-16 21:23:50,115:WARNING:c:\Users\laboratorio\AppData\Local\Programs\Python\Python311\Lib\site-packages\sklearn\metrics\_classification.py:1561: UserWarning: Note that pos_label (set to 'Yes') is ignored when average != 'binary' (got 'weighted'). You may use labels=[pos_label] to specify a single positive class.
  warnings.warn(

2026-09-16 21:23:50,115:WARNING:c:\Users\laboratorio\AppData\Local\Programs\Python\Python311\Lib\site-packages\sklearn\metrics\_classification.py:1561: UserWarning: Note that pos_label (set to 'Yes') is ignored when average != 'binary' (got 'weighted'). You may use labels=[pos_label] to specify a single positive class.
  warnings.warn(

2026-09-16 21:23:50,115:WARNING:c:\Users\laboratorio\AppData\Local\Programs\Python\Python311\Lib\site-packages\sklearn\discriminant_analysis.py:935: UserWarning: Variables are collinear
  warnings.warn("Variables are collinear")

2026-09-16 21:23:50,115:WARNING:c:\Users\laboratorio\AppData\Local\Programs\Python\Python311\Lib\site-packages\sklearn\metrics\_classification.py:1561: UserWarning: Note that pos_label (set to 'Yes') is ignored when average != 'binary' (got 'weighted'). You may use labels=[pos_label] to specify a single positive class.
  warnings.warn(

2026-09-16 21:23:50,115:WARNING:c:\Users\laboratorio\AppData\Local\Programs\Python\Python311\Lib\site-packages\sklearn\metrics\_classification.py:1509: UndefinedMetricWarning: Precision is ill-defined and being set to 0.0 in labels with no predicted samples. Use `zero_division` parameter to control this behavior.
  _warn_prf(average, modifier, f"{metric.capitalize()} is", len(result))

2026-09-16 21:23:50,125:WARNING:c:\Users\laboratorio\AppData\Local\Programs\Python\Python311\Lib\site-packages\sklearn\metrics\_classification.py:1561: UserWarning: Note that pos_label (set to 'Yes') is ignored when average != 'binary' (got 'weighted'). You may use labels=[pos_label] to specify a single positive class.
  warnings.warn(

2026-09-16 21:23:50,130:WARNING:c:\Users\laboratorio\AppData\Local\Programs\Python\Python311\Lib\site-packages\sklearn\discriminant_analysis.py:935: UserWarning: Variables are collinear
  warnings.warn("Variables are collinear")

2026-09-16 21:23:50,136:WARNING:c:\Users\laboratorio\AppData\Local\Programs\Python\Python311\Lib\site-packages\sklearn\metrics\_classification.py:1561: UserWarning: Note that pos_label (set to 'Yes') is ignored when average != 'binary' (got 'weighted'). You may use labels=[pos_label] to specify a single positive class.
  warnings.warn(

2026-09-16 21:23:50,136:WARNING:c:\Users\laboratorio\AppData\Local\Programs\Python\Python311\Lib\site-packages\sklearn\metrics\_classification.py:1561: UserWarning: Note that pos_label (set to 'Yes') is ignored when average != 'binary' (got 'weighted'). You may use labels=[pos_label] to specify a single positive class.
  warnings.warn(

2026-09-16 21:23:50,136:WARNING:c:\Users\laboratorio\AppData\Local\Programs\Python\Python311\Lib\site-packages\sklearn\metrics\_classification.py:1561: UserWarning: Note that pos_label (set to 'Yes') is ignored when average != 'binary' (got 'weighted'). You may use labels=[pos_label] to specify a single positive class.
  warnings.warn(

2026-09-16 21:23:50,136:WARNING:c:\Users\laboratorio\AppData\Local\Programs\Python\Python311\Lib\site-packages\sklearn\metrics\_classification.py:1561: UserWarning: Note that pos_label (set to 'Yes') is ignored when average != 'binary' (got 'weighted'). You may use labels=[pos_label] to specify a single positive class.
  warnings.warn(

2026-09-16 21:23:50,136:WARNING:c:\Users\laboratorio\AppData\Local\Programs\Python\Python311\Lib\site-packages\sklearn\metrics\_classification.py:1509: UndefinedMetricWarning: Precision is ill-defined and being set to 0.0 in labels with no predicted samples. Use `zero_division` parameter to control this behavior.
  _warn_prf(average, modifier, f"{metric.capitalize()} is", len(result))

2026-09-16 21:23:50,136:WARNING:c:\Users\laboratorio\AppData\Local\Programs\Python\Python311\Lib\site-packages\sklearn\metrics\_classification.py:1509: UndefinedMetricWarning: Precision is ill-defined and being set to 0.0 in labels with no predicted samples. Use `zero_division` parameter to control this behavior.
  _warn_prf(average, modifier, f"{metric.capitalize()} is", len(result))

2026-09-16 21:23:50,136:WARNING:c:\Users\laboratorio\AppData\Local\Programs\Python\Python311\Lib\site-packages\sklearn\metrics\_classification.py:1561: UserWarning: Note that pos_label (set to 'Yes') is ignored when average != 'binary' (got 'weighted'). You may use labels=[pos_label] to specify a single positive class.
  warnings.warn(

2026-09-16 21:23:50,136:WARNING:c:\Users\laboratorio\AppData\Local\Programs\Python\Python311\Lib\site-packages\sklearn\metrics\_classification.py:1561: UserWarning: Note that pos_label (set to 'Yes') is ignored when average != 'binary' (got 'weighted'). You may use labels=[pos_label] to specify a single positive class.
  warnings.warn(

2026-09-16 21:23:50,136:WARNING:c:\Users\laboratorio\AppData\Local\Programs\Python\Python311\Lib\site-packages\sklearn\metrics\_classification.py:1561: UserWarning: Note that pos_label (set to 'Yes') is ignored when average != 'binary' (got 'weighted'). You may use labels=[pos_label] to specify a single positive class.
  warnings.warn(

2026-09-16 21:23:50,146:WARNING:c:\Users\laboratorio\AppData\Local\Programs\Python\Python311\Lib\site-packages\sklearn\metrics\_classification.py:1561: UserWarning: Note that pos_label (set to 'Yes') is ignored when average != 'binary' (got 'weighted'). You may use labels=[pos_label] to specify a single positive class.
  warnings.warn(

2026-09-16 21:23:50,146:WARNING:c:\Users\laboratorio\AppData\Local\Programs\Python\Python311\Lib\site-packages\sklearn\metrics\_classification.py:1509: UndefinedMetricWarning: Precision is ill-defined and being set to 0.0 in labels with no predicted samples. Use `zero_division` parameter to control this behavior.
  _warn_prf(average, modifier, f"{metric.capitalize()} is", len(result))

2026-09-16 21:23:50,146:WARNING:c:\Users\laboratorio\AppData\Local\Programs\Python\Python311\Lib\site-packages\sklearn\metrics\_classification.py:1561: UserWarning: Note that pos_label (set to 'Yes') is ignored when average != 'binary' (got 'weighted'). You may use labels=[pos_label] to specify a single positive class.
  warnings.warn(

2026-09-16 21:23:50,146:WARNING:c:\Users\laboratorio\AppData\Local\Programs\Python\Python311\Lib\site-packages\sklearn\metrics\_classification.py:1561: UserWarning: Note that pos_label (set to 'Yes') is ignored when average != 'binary' (got 'weighted'). You may use labels=[pos_label] to specify a single positive class.
  warnings.warn(

2026-09-16 21:23:50,157:WARNING:c:\Users\laboratorio\AppData\Local\Programs\Python\Python311\Lib\site-packages\sklearn\metrics\_classification.py:1561: UserWarning: Note that pos_label (set to 'Yes') is ignored when average != 'binary' (got 'weighted'). You may use labels=[pos_label] to specify a single positive class.
  warnings.warn(

2026-09-16 21:23:50,157:WARNING:c:\Users\laboratorio\AppData\Local\Programs\Python\Python311\Lib\site-packages\sklearn\metrics\_classification.py:1509: UndefinedMetricWarning: Precision is ill-defined and being set to 0.0 in labels with no predicted samples. Use `zero_division` parameter to control this behavior.
  _warn_prf(average, modifier, f"{metric.capitalize()} is", len(result))

2026-09-16 21:23:50,161:WARNING:c:\Users\laboratorio\AppData\Local\Programs\Python\Python311\Lib\site-packages\sklearn\metrics\_classification.py:1561: UserWarning: Note that pos_label (set to 'Yes') is ignored when average != 'binary' (got 'weighted'). You may use labels=[pos_label] to specify a single positive class.
  warnings.warn(

2026-09-16 21:23:50,161:WARNING:c:\Users\laboratorio\AppData\Local\Programs\Python\Python311\Lib\site-packages\sklearn\metrics\_classification.py:1561: UserWarning: Note that pos_label (set to 'Yes') is ignored when average != 'binary' (got 'weighted'). You may use labels=[pos_label] to specify a single positive class.
  warnings.warn(

2026-09-16 21:23:50,162:WARNING:c:\Users\laboratorio\AppData\Local\Programs\Python\Python311\Lib\site-packages\sklearn\metrics\_classification.py:1561: UserWarning: Note that pos_label (set to 'Yes') is ignored when average != 'binary' (got 'weighted'). You may use labels=[pos_label] to specify a single positive class.
  warnings.warn(

2026-09-16 21:23:50,162:WARNING:c:\Users\laboratorio\AppData\Local\Programs\Python\Python311\Lib\site-packages\sklearn\metrics\_classification.py:1561: UserWarning: Note that pos_label (set to 'Yes') is ignored when average != 'binary' (got 'weighted'). You may use labels=[pos_label] to specify a single positive class.
  warnings.warn(

2026-09-16 21:23:50,162:WARNING:c:\Users\laboratorio\AppData\Local\Programs\Python\Python311\Lib\site-packages\sklearn\metrics\_classification.py:1561: UserWarning: Note that pos_label (set to 'Yes') is ignored when average != 'binary' (got 'weighted'). You may use labels=[pos_label] to specify a single positive class.
  warnings.warn(

2026-09-16 21:23:50,162:WARNING:c:\Users\laboratorio\AppData\Local\Programs\Python\Python311\Lib\site-packages\sklearn\metrics\_classification.py:1509: UndefinedMetricWarning: Precision is ill-defined and being set to 0.0 in labels with no predicted samples. Use `zero_division` parameter to control this behavior.
  _warn_prf(average, modifier, f"{metric.capitalize()} is", len(result))

2026-09-16 21:23:50,162:WARNING:c:\Users\laboratorio\AppData\Local\Programs\Python\Python311\Lib\site-packages\sklearn\metrics\_classification.py:1509: UndefinedMetricWarning: Precision is ill-defined and being set to 0.0 in labels with no predicted samples. Use `zero_division` parameter to control this behavior.
  _warn_prf(average, modifier, f"{metric.capitalize()} is", len(result))

2026-09-16 21:23:50,162:WARNING:c:\Users\laboratorio\AppData\Local\Programs\Python\Python311\Lib\site-packages\sklearn\metrics\_classification.py:1561: UserWarning: Note that pos_label (set to 'Yes') is ignored when average != 'binary' (got 'weighted'). You may use labels=[pos_label] to specify a single positive class.
  warnings.warn(

2026-09-16 21:23:50,162:WARNING:c:\Users\laboratorio\AppData\Local\Programs\Python\Python311\Lib\site-packages\sklearn\metrics\_classification.py:1561: UserWarning: Note that pos_label (set to 'Yes') is ignored when average != 'binary' (got 'weighted'). You may use labels=[pos_label] to specify a single positive class.
  warnings.warn(

2026-09-16 21:23:50,167:WARNING:c:\Users\laboratorio\AppData\Local\Programs\Python\Python311\Lib\site-packages\sklearn\metrics\_classification.py:1561: UserWarning: Note that pos_label (set to 'Yes') is ignored when average != 'binary' (got 'weighted'). You may use labels=[pos_label] to specify a single positive class.
  warnings.warn(

2026-09-16 21:23:50,167:WARNING:c:\Users\laboratorio\AppData\Local\Programs\Python\Python311\Lib\site-packages\sklearn\metrics\_classification.py:1561: UserWarning: Note that pos_label (set to 'Yes') is ignored when average != 'binary' (got 'weighted'). You may use labels=[pos_label] to specify a single positive class.
  warnings.warn(

2026-09-16 21:23:50,167:WARNING:c:\Users\laboratorio\AppData\Local\Programs\Python\Python311\Lib\site-packages\sklearn\metrics\_classification.py:1561: UserWarning: Note that pos_label (set to 'Yes') is ignored when average != 'binary' (got 'weighted'). You may use labels=[pos_label] to specify a single positive class.
  warnings.warn(

2026-09-16 21:23:50,167:WARNING:c:\Users\laboratorio\AppData\Local\Programs\Python\Python311\Lib\site-packages\sklearn\metrics\_classification.py:1561: UserWarning: Note that pos_label (set to 'Yes') is ignored when average != 'binary' (got 'weighted'). You may use labels=[pos_label] to specify a single positive class.
  warnings.warn(

2026-09-16 21:23:50,167:WARNING:c:\Users\laboratorio\AppData\Local\Programs\Python\Python311\Lib\site-packages\sklearn\metrics\_classification.py:1509: UndefinedMetricWarning: Precision is ill-defined and being set to 0.0 in labels with no predicted samples. Use `zero_division` parameter to control this behavior.
  _warn_prf(average, modifier, f"{metric.capitalize()} is", len(result))

2026-09-16 21:23:50,167:WARNING:c:\Users\laboratorio\AppData\Local\Programs\Python\Python311\Lib\site-packages\sklearn\metrics\_classification.py:1509: UndefinedMetricWarning: Precision is ill-defined and being set to 0.0 in labels with no predicted samples. Use `zero_division` parameter to control this behavior.
  _warn_prf(average, modifier, f"{metric.capitalize()} is", len(result))

2026-09-16 21:23:50,167:WARNING:c:\Users\laboratorio\AppData\Local\Programs\Python\Python311\Lib\site-packages\sklearn\metrics\_classification.py:1561: UserWarning: Note that pos_label (set to 'Yes') is ignored when average != 'binary' (got 'weighted'). You may use labels=[pos_label] to specify a single positive class.
  warnings.warn(

2026-09-16 21:23:50,167:WARNING:c:\Users\laboratorio\AppData\Local\Programs\Python\Python311\Lib\site-packages\sklearn\metrics\_classification.py:1561: UserWarning: Note that pos_label (set to 'Yes') is ignored when average != 'binary' (got 'weighted'). You may use labels=[pos_label] to specify a single positive class.
  warnings.warn(

2026-09-16 21:23:50,177:INFO:Calculating mean and std
2026-09-16 21:23:50,179:INFO:Creating metrics dataframe
2026-09-16 21:23:50,179:INFO:Uploading results into container
2026-09-16 21:23:50,179:INFO:Uploading model into container now
2026-09-16 21:23:50,179:INFO:_master_model_container: 8
2026-09-16 21:23:50,179:INFO:_display_container: 2
2026-09-16 21:23:50,179:INFO:QuadraticDiscriminantAnalysis(priors=None, reg_param=0.0,
                              store_covariance=False, tol=0.0001)
2026-09-16 21:23:50,179:INFO:create_model() successfully completed......................................
2026-09-16 21:23:50,229:INFO:SubProcess create_model() end ==================================
2026-09-16 21:23:50,229:INFO:Creating metrics dataframe
2026-09-16 21:23:50,229:INFO:Initializing Ada Boost Classifier
2026-09-16 21:23:50,229:INFO:Total runtime is 0.14172719717025759 minutes
2026-09-16 21:23:50,229:INFO:SubProcess create_model() called ==================================
2026-09-16 21:23:50,229:INFO:Initializing create_model()
2026-09-16 21:23:50,229:INFO:create_model(self=<pycaret.classification.oop.ClassificationExperiment object at 0x000002E542BA4390>, estimator=ada, fold=StratifiedKFold(n_splits=10, random_state=None, shuffle=False), round=4, cross_validation=True, predict=True, fit_kwargs={}, groups=None, refit=False, probability_threshold=None, experiment_custom_tags=None, verbose=False, system=False, add_to_model_list=True, metrics=None, display=<pycaret.internal.display.display.CommonDisplay object at 0x000002E544D810D0>, model_only=True, return_train_score=False, error_score=0.0, kwargs={})
2026-09-16 21:23:50,229:INFO:Checking exceptions
2026-09-16 21:23:50,229:INFO:Importing libraries
2026-09-16 21:23:50,229:INFO:Copying training dataset
2026-09-16 21:23:50,229:INFO:Defining folds
2026-09-16 21:23:50,229:INFO:Declaring metric variables
2026-09-16 21:23:50,229:INFO:Importing untrained model
2026-09-16 21:23:50,229:INFO:Ada Boost Classifier Imported successfully
2026-09-16 21:23:50,244:INFO:Starting cross validation
2026-09-16 21:23:50,246:INFO:Cross validating with StratifiedKFold(n_splits=10, random_state=None, shuffle=False), n_jobs=-1
2026-09-16 21:23:50,412:WARNING:c:\Users\laboratorio\AppData\Local\Programs\Python\Python311\Lib\site-packages\sklearn\ensemble\_weight_boosting.py:519: FutureWarning: The SAMME.R algorithm (the default) is deprecated and will be removed in 1.6. Use the SAMME algorithm to circumvent this warning.
  warnings.warn(

2026-09-16 21:23:50,427:WARNING:c:\Users\laboratorio\AppData\Local\Programs\Python\Python311\Lib\site-packages\sklearn\ensemble\_weight_boosting.py:519: FutureWarning: The SAMME.R algorithm (the default) is deprecated and will be removed in 1.6. Use the SAMME algorithm to circumvent this warning.
  warnings.warn(

2026-09-16 21:23:50,438:WARNING:c:\Users\laboratorio\AppData\Local\Programs\Python\Python311\Lib\site-packages\sklearn\ensemble\_weight_boosting.py:519: FutureWarning: The SAMME.R algorithm (the default) is deprecated and will be removed in 1.6. Use the SAMME algorithm to circumvent this warning.
  warnings.warn(

2026-09-16 21:23:50,459:WARNING:c:\Users\laboratorio\AppData\Local\Programs\Python\Python311\Lib\site-packages\sklearn\metrics\_classification.py:1561: UserWarning: Note that pos_label (set to 'Yes') is ignored when average != 'binary' (got 'weighted'). You may use labels=[pos_label] to specify a single positive class.
  warnings.warn(

2026-09-16 21:23:50,463:WARNING:c:\Users\laboratorio\AppData\Local\Programs\Python\Python311\Lib\site-packages\sklearn\ensemble\_weight_boosting.py:519: FutureWarning: The SAMME.R algorithm (the default) is deprecated and will be removed in 1.6. Use the SAMME algorithm to circumvent this warning.
  warnings.warn(

2026-09-16 21:23:50,463:WARNING:c:\Users\laboratorio\AppData\Local\Programs\Python\Python311\Lib\site-packages\sklearn\metrics\_classification.py:1561: UserWarning: Note that pos_label (set to 'Yes') is ignored when average != 'binary' (got 'weighted'). You may use labels=[pos_label] to specify a single positive class.
  warnings.warn(

2026-09-16 21:23:50,463:WARNING:c:\Users\laboratorio\AppData\Local\Programs\Python\Python311\Lib\site-packages\sklearn\ensemble\_weight_boosting.py:519: FutureWarning: The SAMME.R algorithm (the default) is deprecated and will be removed in 1.6. Use the SAMME algorithm to circumvent this warning.
  warnings.warn(

2026-09-16 21:23:50,463:WARNING:c:\Users\laboratorio\AppData\Local\Programs\Python\Python311\Lib\site-packages\sklearn\metrics\_classification.py:1509: UndefinedMetricWarning: Precision is ill-defined and being set to 0.0 in labels with no predicted samples. Use `zero_division` parameter to control this behavior.
  _warn_prf(average, modifier, f"{metric.capitalize()} is", len(result))

2026-09-16 21:23:50,463:WARNING:c:\Users\laboratorio\AppData\Local\Programs\Python\Python311\Lib\site-packages\sklearn\metrics\_classification.py:1561: UserWarning: Note that pos_label (set to 'Yes') is ignored when average != 'binary' (got 'weighted'). You may use labels=[pos_label] to specify a single positive class.
  warnings.warn(

2026-09-16 21:23:50,463:WARNING:c:\Users\laboratorio\AppData\Local\Programs\Python\Python311\Lib\site-packages\sklearn\ensemble\_weight_boosting.py:519: FutureWarning: The SAMME.R algorithm (the default) is deprecated and will be removed in 1.6. Use the SAMME algorithm to circumvent this warning.
  warnings.warn(

2026-09-16 21:23:50,480:WARNING:c:\Users\laboratorio\AppData\Local\Programs\Python\Python311\Lib\site-packages\sklearn\ensemble\_weight_boosting.py:519: FutureWarning: The SAMME.R algorithm (the default) is deprecated and will be removed in 1.6. Use the SAMME algorithm to circumvent this warning.
  warnings.warn(

2026-09-16 21:23:50,480:WARNING:c:\Users\laboratorio\AppData\Local\Programs\Python\Python311\Lib\site-packages\sklearn\metrics\_classification.py:1561: UserWarning: Note that pos_label (set to 'Yes') is ignored when average != 'binary' (got 'weighted'). You may use labels=[pos_label] to specify a single positive class.
  warnings.warn(

2026-09-16 21:23:50,480:WARNING:c:\Users\laboratorio\AppData\Local\Programs\Python\Python311\Lib\site-packages\sklearn\metrics\_classification.py:1561: UserWarning: Note that pos_label (set to 'Yes') is ignored when average != 'binary' (got 'weighted'). You may use labels=[pos_label] to specify a single positive class.
  warnings.warn(

2026-09-16 21:23:50,490:WARNING:c:\Users\laboratorio\AppData\Local\Programs\Python\Python311\Lib\site-packages\sklearn\metrics\_classification.py:1509: UndefinedMetricWarning: Precision is ill-defined and being set to 0.0 in labels with no predicted samples. Use `zero_division` parameter to control this behavior.
  _warn_prf(average, modifier, f"{metric.capitalize()} is", len(result))

2026-09-16 21:23:50,490:WARNING:c:\Users\laboratorio\AppData\Local\Programs\Python\Python311\Lib\site-packages\sklearn\metrics\_classification.py:1561: UserWarning: Note that pos_label (set to 'Yes') is ignored when average != 'binary' (got 'weighted'). You may use labels=[pos_label] to specify a single positive class.
  warnings.warn(

2026-09-16 21:23:50,490:WARNING:c:\Users\laboratorio\AppData\Local\Programs\Python\Python311\Lib\site-packages\sklearn\ensemble\_weight_boosting.py:519: FutureWarning: The SAMME.R algorithm (the default) is deprecated and will be removed in 1.6. Use the SAMME algorithm to circumvent this warning.
  warnings.warn(

2026-09-16 21:23:50,490:WARNING:c:\Users\laboratorio\AppData\Local\Programs\Python\Python311\Lib\site-packages\sklearn\ensemble\_weight_boosting.py:519: FutureWarning: The SAMME.R algorithm (the default) is deprecated and will be removed in 1.6. Use the SAMME algorithm to circumvent this warning.
  warnings.warn(

2026-09-16 21:23:50,490:WARNING:c:\Users\laboratorio\AppData\Local\Programs\Python\Python311\Lib\site-packages\sklearn\metrics\_classification.py:1561: UserWarning: Note that pos_label (set to 'Yes') is ignored when average != 'binary' (got 'weighted'). You may use labels=[pos_label] to specify a single positive class.
  warnings.warn(

2026-09-16 21:23:50,494:WARNING:c:\Users\laboratorio\AppData\Local\Programs\Python\Python311\Lib\site-packages\sklearn\metrics\_classification.py:1561: UserWarning: Note that pos_label (set to 'Yes') is ignored when average != 'binary' (got 'weighted'). You may use labels=[pos_label] to specify a single positive class.
  warnings.warn(

2026-09-16 21:23:50,495:WARNING:c:\Users\laboratorio\AppData\Local\Programs\Python\Python311\Lib\site-packages\sklearn\metrics\_classification.py:1509: UndefinedMetricWarning: Precision is ill-defined and being set to 0.0 in labels with no predicted samples. Use `zero_division` parameter to control this behavior.
  _warn_prf(average, modifier, f"{metric.capitalize()} is", len(result))

2026-09-16 21:23:50,496:WARNING:c:\Users\laboratorio\AppData\Local\Programs\Python\Python311\Lib\site-packages\sklearn\metrics\_classification.py:1561: UserWarning: Note that pos_label (set to 'Yes') is ignored when average != 'binary' (got 'weighted'). You may use labels=[pos_label] to specify a single positive class.
  warnings.warn(

2026-09-16 21:23:50,500:WARNING:c:\Users\laboratorio\AppData\Local\Programs\Python\Python311\Lib\site-packages\sklearn\metrics\_classification.py:1561: UserWarning: Note that pos_label (set to 'Yes') is ignored when average != 'binary' (got 'weighted'). You may use labels=[pos_label] to specify a single positive class.
  warnings.warn(

2026-09-16 21:23:50,500:WARNING:c:\Users\laboratorio\AppData\Local\Programs\Python\Python311\Lib\site-packages\sklearn\metrics\_classification.py:1561: UserWarning: Note that pos_label (set to 'Yes') is ignored when average != 'binary' (got 'weighted'). You may use labels=[pos_label] to specify a single positive class.
  warnings.warn(

2026-09-16 21:23:50,500:WARNING:c:\Users\laboratorio\AppData\Local\Programs\Python\Python311\Lib\site-packages\sklearn\metrics\_classification.py:1561: UserWarning: Note that pos_label (set to 'Yes') is ignored when average != 'binary' (got 'weighted'). You may use labels=[pos_label] to specify a single positive class.
  warnings.warn(

2026-09-16 21:23:50,500:WARNING:c:\Users\laboratorio\AppData\Local\Programs\Python\Python311\Lib\site-packages\sklearn\metrics\_classification.py:1509: UndefinedMetricWarning: Precision is ill-defined and being set to 0.0 in labels with no predicted samples. Use `zero_division` parameter to control this behavior.
  _warn_prf(average, modifier, f"{metric.capitalize()} is", len(result))

2026-09-16 21:23:50,500:WARNING:c:\Users\laboratorio\AppData\Local\Programs\Python\Python311\Lib\site-packages\sklearn\metrics\_classification.py:1561: UserWarning: Note that pos_label (set to 'Yes') is ignored when average != 'binary' (got 'weighted'). You may use labels=[pos_label] to specify a single positive class.
  warnings.warn(

2026-09-16 21:23:50,511:WARNING:c:\Users\laboratorio\AppData\Local\Programs\Python\Python311\Lib\site-packages\sklearn\metrics\_classification.py:1561: UserWarning: Note that pos_label (set to 'Yes') is ignored when average != 'binary' (got 'weighted'). You may use labels=[pos_label] to specify a single positive class.
  warnings.warn(

2026-09-16 21:23:50,512:WARNING:c:\Users\laboratorio\AppData\Local\Programs\Python\Python311\Lib\site-packages\sklearn\metrics\_classification.py:1561: UserWarning: Note that pos_label (set to 'Yes') is ignored when average != 'binary' (got 'weighted'). You may use labels=[pos_label] to specify a single positive class.
  warnings.warn(

2026-09-16 21:23:50,512:WARNING:c:\Users\laboratorio\AppData\Local\Programs\Python\Python311\Lib\site-packages\sklearn\metrics\_classification.py:1509: UndefinedMetricWarning: Precision is ill-defined and being set to 0.0 in labels with no predicted samples. Use `zero_division` parameter to control this behavior.
  _warn_prf(average, modifier, f"{metric.capitalize()} is", len(result))

2026-09-16 21:23:50,512:WARNING:c:\Users\laboratorio\AppData\Local\Programs\Python\Python311\Lib\site-packages\sklearn\metrics\_classification.py:1561: UserWarning: Note that pos_label (set to 'Yes') is ignored when average != 'binary' (got 'weighted'). You may use labels=[pos_label] to specify a single positive class.
  warnings.warn(

2026-09-16 21:23:50,512:WARNING:c:\Users\laboratorio\AppData\Local\Programs\Python\Python311\Lib\site-packages\sklearn\metrics\_classification.py:1561: UserWarning: Note that pos_label (set to 'Yes') is ignored when average != 'binary' (got 'weighted'). You may use labels=[pos_label] to specify a single positive class.
  warnings.warn(

2026-09-16 21:23:50,512:WARNING:c:\Users\laboratorio\AppData\Local\Programs\Python\Python311\Lib\site-packages\sklearn\metrics\_classification.py:1509: UndefinedMetricWarning: Precision is ill-defined and being set to 0.0 in labels with no predicted samples. Use `zero_division` parameter to control this behavior.
  _warn_prf(average, modifier, f"{metric.capitalize()} is", len(result))

2026-09-16 21:23:50,512:WARNING:c:\Users\laboratorio\AppData\Local\Programs\Python\Python311\Lib\site-packages\sklearn\metrics\_classification.py:1561: UserWarning: Note that pos_label (set to 'Yes') is ignored when average != 'binary' (got 'weighted'). You may use labels=[pos_label] to specify a single positive class.
  warnings.warn(

2026-09-16 21:23:50,521:WARNING:c:\Users\laboratorio\AppData\Local\Programs\Python\Python311\Lib\site-packages\sklearn\ensemble\_weight_boosting.py:519: FutureWarning: The SAMME.R algorithm (the default) is deprecated and will be removed in 1.6. Use the SAMME algorithm to circumvent this warning.
  warnings.warn(

2026-09-16 21:23:50,521:WARNING:c:\Users\laboratorio\AppData\Local\Programs\Python\Python311\Lib\site-packages\sklearn\metrics\_classification.py:1561: UserWarning: Note that pos_label (set to 'Yes') is ignored when average != 'binary' (got 'weighted'). You may use labels=[pos_label] to specify a single positive class.
  warnings.warn(

2026-09-16 21:23:50,521:WARNING:c:\Users\laboratorio\AppData\Local\Programs\Python\Python311\Lib\site-packages\sklearn\metrics\_classification.py:1561: UserWarning: Note that pos_label (set to 'Yes') is ignored when average != 'binary' (got 'weighted'). You may use labels=[pos_label] to specify a single positive class.
  warnings.warn(

2026-09-16 21:23:50,521:WARNING:c:\Users\laboratorio\AppData\Local\Programs\Python\Python311\Lib\site-packages\sklearn\metrics\_classification.py:1509: UndefinedMetricWarning: Precision is ill-defined and being set to 0.0 in labels with no predicted samples. Use `zero_division` parameter to control this behavior.
  _warn_prf(average, modifier, f"{metric.capitalize()} is", len(result))

2026-09-16 21:23:50,528:WARNING:c:\Users\laboratorio\AppData\Local\Programs\Python\Python311\Lib\site-packages\sklearn\metrics\_classification.py:1561: UserWarning: Note that pos_label (set to 'Yes') is ignored when average != 'binary' (got 'weighted'). You may use labels=[pos_label] to specify a single positive class.
  warnings.warn(

2026-09-16 21:23:50,531:WARNING:c:\Users\laboratorio\AppData\Local\Programs\Python\Python311\Lib\site-packages\sklearn\metrics\_classification.py:1561: UserWarning: Note that pos_label (set to 'Yes') is ignored when average != 'binary' (got 'weighted'). You may use labels=[pos_label] to specify a single positive class.
  warnings.warn(

2026-09-16 21:23:50,531:WARNING:c:\Users\laboratorio\AppData\Local\Programs\Python\Python311\Lib\site-packages\sklearn\metrics\_classification.py:1561: UserWarning: Note that pos_label (set to 'Yes') is ignored when average != 'binary' (got 'weighted'). You may use labels=[pos_label] to specify a single positive class.
  warnings.warn(

2026-09-16 21:23:50,531:WARNING:c:\Users\laboratorio\AppData\Local\Programs\Python\Python311\Lib\site-packages\sklearn\metrics\_classification.py:1509: UndefinedMetricWarning: Precision is ill-defined and being set to 0.0 in labels with no predicted samples. Use `zero_division` parameter to control this behavior.
  _warn_prf(average, modifier, f"{metric.capitalize()} is", len(result))

2026-09-16 21:23:50,531:WARNING:c:\Users\laboratorio\AppData\Local\Programs\Python\Python311\Lib\site-packages\sklearn\metrics\_classification.py:1561: UserWarning: Note that pos_label (set to 'Yes') is ignored when average != 'binary' (got 'weighted'). You may use labels=[pos_label] to specify a single positive class.
  warnings.warn(

2026-09-16 21:23:50,531:WARNING:c:\Users\laboratorio\AppData\Local\Programs\Python\Python311\Lib\site-packages\sklearn\metrics\_classification.py:1561: UserWarning: Note that pos_label (set to 'Yes') is ignored when average != 'binary' (got 'weighted'). You may use labels=[pos_label] to specify a single positive class.
  warnings.warn(

2026-09-16 21:23:50,531:WARNING:c:\Users\laboratorio\AppData\Local\Programs\Python\Python311\Lib\site-packages\sklearn\metrics\_classification.py:1561: UserWarning: Note that pos_label (set to 'Yes') is ignored when average != 'binary' (got 'weighted'). You may use labels=[pos_label] to specify a single positive class.
  warnings.warn(

2026-09-16 21:23:50,541:WARNING:c:\Users\laboratorio\AppData\Local\Programs\Python\Python311\Lib\site-packages\sklearn\metrics\_classification.py:1509: UndefinedMetricWarning: Precision is ill-defined and being set to 0.0 in labels with no predicted samples. Use `zero_division` parameter to control this behavior.
  _warn_prf(average, modifier, f"{metric.capitalize()} is", len(result))

2026-09-16 21:23:50,541:WARNING:c:\Users\laboratorio\AppData\Local\Programs\Python\Python311\Lib\site-packages\sklearn\metrics\_classification.py:1561: UserWarning: Note that pos_label (set to 'Yes') is ignored when average != 'binary' (got 'weighted'). You may use labels=[pos_label] to specify a single positive class.
  warnings.warn(

2026-09-16 21:23:50,552:WARNING:c:\Users\laboratorio\AppData\Local\Programs\Python\Python311\Lib\site-packages\sklearn\metrics\_classification.py:1561: UserWarning: Note that pos_label (set to 'Yes') is ignored when average != 'binary' (got 'weighted'). You may use labels=[pos_label] to specify a single positive class.
  warnings.warn(

2026-09-16 21:23:50,552:WARNING:c:\Users\laboratorio\AppData\Local\Programs\Python\Python311\Lib\site-packages\sklearn\metrics\_classification.py:1561: UserWarning: Note that pos_label (set to 'Yes') is ignored when average != 'binary' (got 'weighted'). You may use labels=[pos_label] to specify a single positive class.
  warnings.warn(

2026-09-16 21:23:50,563:WARNING:c:\Users\laboratorio\AppData\Local\Programs\Python\Python311\Lib\site-packages\sklearn\metrics\_classification.py:1509: UndefinedMetricWarning: Precision is ill-defined and being set to 0.0 in labels with no predicted samples. Use `zero_division` parameter to control this behavior.
  _warn_prf(average, modifier, f"{metric.capitalize()} is", len(result))

2026-09-16 21:23:50,563:WARNING:c:\Users\laboratorio\AppData\Local\Programs\Python\Python311\Lib\site-packages\sklearn\metrics\_classification.py:1561: UserWarning: Note that pos_label (set to 'Yes') is ignored when average != 'binary' (got 'weighted'). You may use labels=[pos_label] to specify a single positive class.
  warnings.warn(

2026-09-16 21:23:50,573:INFO:Calculating mean and std
2026-09-16 21:23:50,573:INFO:Creating metrics dataframe
2026-09-16 21:23:50,573:INFO:Uploading results into container
2026-09-16 21:23:50,573:INFO:Uploading model into container now
2026-09-16 21:23:50,573:INFO:_master_model_container: 9
2026-09-16 21:23:50,573:INFO:_display_container: 2
2026-09-16 21:23:50,573:INFO:AdaBoostClassifier(algorithm='SAMME.R', estimator=None, learning_rate=1.0,
                   n_estimators=50, random_state=123)
2026-09-16 21:23:50,573:INFO:create_model() successfully completed......................................
2026-09-16 21:23:50,612:INFO:SubProcess create_model() end ==================================
2026-09-16 21:23:50,612:INFO:Creating metrics dataframe
2026-09-16 21:23:50,612:INFO:Initializing Gradient Boosting Classifier
2026-09-16 21:23:50,612:INFO:Total runtime is 0.14811767339706422 minutes
2026-09-16 21:23:50,629:INFO:SubProcess create_model() called ==================================
2026-09-16 21:23:50,629:INFO:Initializing create_model()
2026-09-16 21:23:50,629:INFO:create_model(self=<pycaret.classification.oop.ClassificationExperiment object at 0x000002E542BA4390>, estimator=gbc, fold=StratifiedKFold(n_splits=10, random_state=None, shuffle=False), round=4, cross_validation=True, predict=True, fit_kwargs={}, groups=None, refit=False, probability_threshold=None, experiment_custom_tags=None, verbose=False, system=False, add_to_model_list=True, metrics=None, display=<pycaret.internal.display.display.CommonDisplay object at 0x000002E544D810D0>, model_only=True, return_train_score=False, error_score=0.0, kwargs={})
2026-09-16 21:23:50,629:INFO:Checking exceptions
2026-09-16 21:23:50,629:INFO:Importing libraries
2026-09-16 21:23:50,629:INFO:Copying training dataset
2026-09-16 21:23:50,629:INFO:Defining folds
2026-09-16 21:23:50,629:INFO:Declaring metric variables
2026-09-16 21:23:50,629:INFO:Importing untrained model
2026-09-16 21:23:50,643:INFO:Gradient Boosting Classifier Imported successfully
2026-09-16 21:23:50,651:INFO:Starting cross validation
2026-09-16 21:23:50,651:INFO:Cross validating with StratifiedKFold(n_splits=10, random_state=None, shuffle=False), n_jobs=-1
2026-09-16 21:23:51,111:WARNING:c:\Users\laboratorio\AppData\Local\Programs\Python\Python311\Lib\site-packages\sklearn\metrics\_classification.py:1561: UserWarning: Note that pos_label (set to 'Yes') is ignored when average != 'binary' (got 'weighted'). You may use labels=[pos_label] to specify a single positive class.
  warnings.warn(

2026-09-16 21:23:51,115:WARNING:c:\Users\laboratorio\AppData\Local\Programs\Python\Python311\Lib\site-packages\sklearn\metrics\_classification.py:1561: UserWarning: Note that pos_label (set to 'Yes') is ignored when average != 'binary' (got 'weighted'). You may use labels=[pos_label] to specify a single positive class.
  warnings.warn(

2026-09-16 21:23:51,116:WARNING:c:\Users\laboratorio\AppData\Local\Programs\Python\Python311\Lib\site-packages\sklearn\metrics\_classification.py:1509: UndefinedMetricWarning: Precision is ill-defined and being set to 0.0 in labels with no predicted samples. Use `zero_division` parameter to control this behavior.
  _warn_prf(average, modifier, f"{metric.capitalize()} is", len(result))

2026-09-16 21:23:51,118:WARNING:c:\Users\laboratorio\AppData\Local\Programs\Python\Python311\Lib\site-packages\sklearn\metrics\_classification.py:1561: UserWarning: Note that pos_label (set to 'Yes') is ignored when average != 'binary' (got 'weighted'). You may use labels=[pos_label] to specify a single positive class.
  warnings.warn(

2026-09-16 21:23:51,121:WARNING:c:\Users\laboratorio\AppData\Local\Programs\Python\Python311\Lib\site-packages\sklearn\metrics\_classification.py:1561: UserWarning: Note that pos_label (set to 'Yes') is ignored when average != 'binary' (got 'weighted'). You may use labels=[pos_label] to specify a single positive class.
  warnings.warn(

2026-09-16 21:23:51,125:WARNING:c:\Users\laboratorio\AppData\Local\Programs\Python\Python311\Lib\site-packages\sklearn\metrics\_classification.py:1561: UserWarning: Note that pos_label (set to 'Yes') is ignored when average != 'binary' (got 'weighted'). You may use labels=[pos_label] to specify a single positive class.
  warnings.warn(

2026-09-16 21:23:51,128:WARNING:c:\Users\laboratorio\AppData\Local\Programs\Python\Python311\Lib\site-packages\sklearn\metrics\_classification.py:1509: UndefinedMetricWarning: Precision is ill-defined and being set to 0.0 in labels with no predicted samples. Use `zero_division` parameter to control this behavior.
  _warn_prf(average, modifier, f"{metric.capitalize()} is", len(result))

2026-09-16 21:23:51,130:WARNING:c:\Users\laboratorio\AppData\Local\Programs\Python\Python311\Lib\site-packages\sklearn\metrics\_classification.py:1561: UserWarning: Note that pos_label (set to 'Yes') is ignored when average != 'binary' (got 'weighted'). You may use labels=[pos_label] to specify a single positive class.
  warnings.warn(

2026-09-16 21:23:51,134:WARNING:c:\Users\laboratorio\AppData\Local\Programs\Python\Python311\Lib\site-packages\sklearn\metrics\_classification.py:1561: UserWarning: Note that pos_label (set to 'Yes') is ignored when average != 'binary' (got 'weighted'). You may use labels=[pos_label] to specify a single positive class.
  warnings.warn(

2026-09-16 21:23:51,137:WARNING:c:\Users\laboratorio\AppData\Local\Programs\Python\Python311\Lib\site-packages\sklearn\metrics\_classification.py:1561: UserWarning: Note that pos_label (set to 'Yes') is ignored when average != 'binary' (got 'weighted'). You may use labels=[pos_label] to specify a single positive class.
  warnings.warn(

2026-09-16 21:23:51,138:WARNING:c:\Users\laboratorio\AppData\Local\Programs\Python\Python311\Lib\site-packages\sklearn\metrics\_classification.py:1509: UndefinedMetricWarning: Precision is ill-defined and being set to 0.0 in labels with no predicted samples. Use `zero_division` parameter to control this behavior.
  _warn_prf(average, modifier, f"{metric.capitalize()} is", len(result))

2026-09-16 21:23:51,139:WARNING:c:\Users\laboratorio\AppData\Local\Programs\Python\Python311\Lib\site-packages\sklearn\metrics\_classification.py:1561: UserWarning: Note that pos_label (set to 'Yes') is ignored when average != 'binary' (got 'weighted'). You may use labels=[pos_label] to specify a single positive class.
  warnings.warn(

2026-09-16 21:23:51,149:WARNING:c:\Users\laboratorio\AppData\Local\Programs\Python\Python311\Lib\site-packages\sklearn\metrics\_classification.py:1561: UserWarning: Note that pos_label (set to 'Yes') is ignored when average != 'binary' (got 'weighted'). You may use labels=[pos_label] to specify a single positive class.
  warnings.warn(

2026-09-16 21:23:51,152:WARNING:c:\Users\laboratorio\AppData\Local\Programs\Python\Python311\Lib\site-packages\sklearn\metrics\_classification.py:1561: UserWarning: Note that pos_label (set to 'Yes') is ignored when average != 'binary' (got 'weighted'). You may use labels=[pos_label] to specify a single positive class.
  warnings.warn(

2026-09-16 21:23:51,153:WARNING:c:\Users\laboratorio\AppData\Local\Programs\Python\Python311\Lib\site-packages\sklearn\metrics\_classification.py:1509: UndefinedMetricWarning: Precision is ill-defined and being set to 0.0 in labels with no predicted samples. Use `zero_division` parameter to control this behavior.
  _warn_prf(average, modifier, f"{metric.capitalize()} is", len(result))

2026-09-16 21:23:51,154:WARNING:c:\Users\laboratorio\AppData\Local\Programs\Python\Python311\Lib\site-packages\sklearn\metrics\_classification.py:1561: UserWarning: Note that pos_label (set to 'Yes') is ignored when average != 'binary' (got 'weighted'). You may use labels=[pos_label] to specify a single positive class.
  warnings.warn(

2026-09-16 21:23:51,161:WARNING:c:\Users\laboratorio\AppData\Local\Programs\Python\Python311\Lib\site-packages\sklearn\metrics\_classification.py:1561: UserWarning: Note that pos_label (set to 'Yes') is ignored when average != 'binary' (got 'weighted'). You may use labels=[pos_label] to specify a single positive class.
  warnings.warn(

2026-09-16 21:23:51,163:WARNING:c:\Users\laboratorio\AppData\Local\Programs\Python\Python311\Lib\site-packages\sklearn\metrics\_classification.py:1561: UserWarning: Note that pos_label (set to 'Yes') is ignored when average != 'binary' (got 'weighted'). You may use labels=[pos_label] to specify a single positive class.
  warnings.warn(

2026-09-16 21:23:51,165:WARNING:c:\Users\laboratorio\AppData\Local\Programs\Python\Python311\Lib\site-packages\sklearn\metrics\_classification.py:1509: UndefinedMetricWarning: Precision is ill-defined and being set to 0.0 in labels with no predicted samples. Use `zero_division` parameter to control this behavior.
  _warn_prf(average, modifier, f"{metric.capitalize()} is", len(result))

2026-09-16 21:23:51,165:WARNING:c:\Users\laboratorio\AppData\Local\Programs\Python\Python311\Lib\site-packages\sklearn\metrics\_classification.py:1561: UserWarning: Note that pos_label (set to 'Yes') is ignored when average != 'binary' (got 'weighted'). You may use labels=[pos_label] to specify a single positive class.
  warnings.warn(

2026-09-16 21:23:51,166:WARNING:c:\Users\laboratorio\AppData\Local\Programs\Python\Python311\Lib\site-packages\sklearn\metrics\_classification.py:1561: UserWarning: Note that pos_label (set to 'Yes') is ignored when average != 'binary' (got 'weighted'). You may use labels=[pos_label] to specify a single positive class.
  warnings.warn(

2026-09-16 21:23:51,167:WARNING:c:\Users\laboratorio\AppData\Local\Programs\Python\Python311\Lib\site-packages\sklearn\metrics\_classification.py:1561: UserWarning: Note that pos_label (set to 'Yes') is ignored when average != 'binary' (got 'weighted'). You may use labels=[pos_label] to specify a single positive class.
  warnings.warn(

2026-09-16 21:23:51,168:WARNING:c:\Users\laboratorio\AppData\Local\Programs\Python\Python311\Lib\site-packages\sklearn\metrics\_classification.py:1509: UndefinedMetricWarning: Precision is ill-defined and being set to 0.0 in labels with no predicted samples. Use `zero_division` parameter to control this behavior.
  _warn_prf(average, modifier, f"{metric.capitalize()} is", len(result))

2026-09-16 21:23:51,170:WARNING:c:\Users\laboratorio\AppData\Local\Programs\Python\Python311\Lib\site-packages\sklearn\metrics\_classification.py:1561: UserWarning: Note that pos_label (set to 'Yes') is ignored when average != 'binary' (got 'weighted'). You may use labels=[pos_label] to specify a single positive class.
  warnings.warn(

2026-09-16 21:23:51,173:WARNING:c:\Users\laboratorio\AppData\Local\Programs\Python\Python311\Lib\site-packages\sklearn\metrics\_classification.py:1561: UserWarning: Note that pos_label (set to 'Yes') is ignored when average != 'binary' (got 'weighted'). You may use labels=[pos_label] to specify a single positive class.
  warnings.warn(

2026-09-16 21:23:51,175:WARNING:c:\Users\laboratorio\AppData\Local\Programs\Python\Python311\Lib\site-packages\sklearn\metrics\_classification.py:1561: UserWarning: Note that pos_label (set to 'Yes') is ignored when average != 'binary' (got 'weighted'). You may use labels=[pos_label] to specify a single positive class.
  warnings.warn(

2026-09-16 21:23:51,177:WARNING:c:\Users\laboratorio\AppData\Local\Programs\Python\Python311\Lib\site-packages\sklearn\metrics\_classification.py:1509: UndefinedMetricWarning: Precision is ill-defined and being set to 0.0 in labels with no predicted samples. Use `zero_division` parameter to control this behavior.
  _warn_prf(average, modifier, f"{metric.capitalize()} is", len(result))

2026-09-16 21:23:51,178:WARNING:c:\Users\laboratorio\AppData\Local\Programs\Python\Python311\Lib\site-packages\sklearn\metrics\_classification.py:1561: UserWarning: Note that pos_label (set to 'Yes') is ignored when average != 'binary' (got 'weighted'). You may use labels=[pos_label] to specify a single positive class.
  warnings.warn(

2026-09-16 21:23:51,190:WARNING:c:\Users\laboratorio\AppData\Local\Programs\Python\Python311\Lib\site-packages\sklearn\metrics\_classification.py:1561: UserWarning: Note that pos_label (set to 'Yes') is ignored when average != 'binary' (got 'weighted'). You may use labels=[pos_label] to specify a single positive class.
  warnings.warn(

2026-09-16 21:23:51,193:WARNING:c:\Users\laboratorio\AppData\Local\Programs\Python\Python311\Lib\site-packages\sklearn\metrics\_classification.py:1561: UserWarning: Note that pos_label (set to 'Yes') is ignored when average != 'binary' (got 'weighted'). You may use labels=[pos_label] to specify a single positive class.
  warnings.warn(

2026-09-16 21:23:51,194:WARNING:c:\Users\laboratorio\AppData\Local\Programs\Python\Python311\Lib\site-packages\sklearn\metrics\_classification.py:1509: UndefinedMetricWarning: Precision is ill-defined and being set to 0.0 in labels with no predicted samples. Use `zero_division` parameter to control this behavior.
  _warn_prf(average, modifier, f"{metric.capitalize()} is", len(result))

2026-09-16 21:23:51,195:WARNING:c:\Users\laboratorio\AppData\Local\Programs\Python\Python311\Lib\site-packages\sklearn\metrics\_classification.py:1561: UserWarning: Note that pos_label (set to 'Yes') is ignored when average != 'binary' (got 'weighted'). You may use labels=[pos_label] to specify a single positive class.
  warnings.warn(

2026-09-16 21:23:51,198:WARNING:c:\Users\laboratorio\AppData\Local\Programs\Python\Python311\Lib\site-packages\sklearn\metrics\_classification.py:1561: UserWarning: Note that pos_label (set to 'Yes') is ignored when average != 'binary' (got 'weighted'). You may use labels=[pos_label] to specify a single positive class.
  warnings.warn(

2026-09-16 21:23:51,198:WARNING:c:\Users\laboratorio\AppData\Local\Programs\Python\Python311\Lib\site-packages\sklearn\metrics\_classification.py:1561: UserWarning: Note that pos_label (set to 'Yes') is ignored when average != 'binary' (got 'weighted'). You may use labels=[pos_label] to specify a single positive class.
  warnings.warn(

2026-09-16 21:23:51,198:WARNING:c:\Users\laboratorio\AppData\Local\Programs\Python\Python311\Lib\site-packages\sklearn\metrics\_classification.py:1561: UserWarning: Note that pos_label (set to 'Yes') is ignored when average != 'binary' (got 'weighted'). You may use labels=[pos_label] to specify a single positive class.
  warnings.warn(

2026-09-16 21:23:51,198:WARNING:c:\Users\laboratorio\AppData\Local\Programs\Python\Python311\Lib\site-packages\sklearn\metrics\_classification.py:1509: UndefinedMetricWarning: Precision is ill-defined and being set to 0.0 in labels with no predicted samples. Use `zero_division` parameter to control this behavior.
  _warn_prf(average, modifier, f"{metric.capitalize()} is", len(result))

2026-09-16 21:23:51,198:WARNING:c:\Users\laboratorio\AppData\Local\Programs\Python\Python311\Lib\site-packages\sklearn\metrics\_classification.py:1561: UserWarning: Note that pos_label (set to 'Yes') is ignored when average != 'binary' (got 'weighted'). You may use labels=[pos_label] to specify a single positive class.
  warnings.warn(

2026-09-16 21:23:51,198:WARNING:c:\Users\laboratorio\AppData\Local\Programs\Python\Python311\Lib\site-packages\sklearn\metrics\_classification.py:1561: UserWarning: Note that pos_label (set to 'Yes') is ignored when average != 'binary' (got 'weighted'). You may use labels=[pos_label] to specify a single positive class.
  warnings.warn(

2026-09-16 21:23:51,198:WARNING:c:\Users\laboratorio\AppData\Local\Programs\Python\Python311\Lib\site-packages\sklearn\metrics\_classification.py:1509: UndefinedMetricWarning: Precision is ill-defined and being set to 0.0 in labels with no predicted samples. Use `zero_division` parameter to control this behavior.
  _warn_prf(average, modifier, f"{metric.capitalize()} is", len(result))

2026-09-16 21:23:51,208:WARNING:c:\Users\laboratorio\AppData\Local\Programs\Python\Python311\Lib\site-packages\sklearn\metrics\_classification.py:1561: UserWarning: Note that pos_label (set to 'Yes') is ignored when average != 'binary' (got 'weighted'). You may use labels=[pos_label] to specify a single positive class.
  warnings.warn(

2026-09-16 21:23:51,218:INFO:Calculating mean and std
2026-09-16 21:23:51,218:INFO:Creating metrics dataframe
2026-09-16 21:23:51,218:INFO:Uploading results into container
2026-09-16 21:23:51,218:INFO:Uploading model into container now
2026-09-16 21:23:51,218:INFO:_master_model_container: 10
2026-09-16 21:23:51,218:INFO:_display_container: 2
2026-09-16 21:23:51,218:INFO:GradientBoostingClassifier(ccp_alpha=0.0, criterion='friedman_mse', init=None,
                           learning_rate=0.1, loss='log_loss', max_depth=3,
                           max_features=None, max_leaf_nodes=None,
                           min_impurity_decrease=0.0, min_samples_leaf=1,
                           min_samples_split=2, min_weight_fraction_leaf=0.0,
                           n_estimators=100, n_iter_no_change=None,
                           random_state=123, subsample=1.0, tol=0.0001,
                           validation_fraction=0.1, verbose=0,
                           warm_start=False)
2026-09-16 21:23:51,218:INFO:create_model() successfully completed......................................
2026-09-16 21:23:51,262:INFO:SubProcess create_model() end ==================================
2026-09-16 21:23:51,262:INFO:Creating metrics dataframe
2026-09-16 21:23:51,262:INFO:Initializing Linear Discriminant Analysis
2026-09-16 21:23:51,262:INFO:Total runtime is 0.15894140799840292 minutes
2026-09-16 21:23:51,262:INFO:SubProcess create_model() called ==================================
2026-09-16 21:23:51,262:INFO:Initializing create_model()
2026-09-16 21:23:51,262:INFO:create_model(self=<pycaret.classification.oop.ClassificationExperiment object at 0x000002E542BA4390>, estimator=lda, fold=StratifiedKFold(n_splits=10, random_state=None, shuffle=False), round=4, cross_validation=True, predict=True, fit_kwargs={}, groups=None, refit=False, probability_threshold=None, experiment_custom_tags=None, verbose=False, system=False, add_to_model_list=True, metrics=None, display=<pycaret.internal.display.display.CommonDisplay object at 0x000002E544D810D0>, model_only=True, return_train_score=False, error_score=0.0, kwargs={})
2026-09-16 21:23:51,262:INFO:Checking exceptions
2026-09-16 21:23:51,262:INFO:Importing libraries
2026-09-16 21:23:51,262:INFO:Copying training dataset
2026-09-16 21:23:51,279:INFO:Defining folds
2026-09-16 21:23:51,279:INFO:Declaring metric variables
2026-09-16 21:23:51,280:INFO:Importing untrained model
2026-09-16 21:23:51,280:INFO:Linear Discriminant Analysis Imported successfully
2026-09-16 21:23:51,280:INFO:Starting cross validation
2026-09-16 21:23:51,287:INFO:Cross validating with StratifiedKFold(n_splits=10, random_state=None, shuffle=False), n_jobs=-1
2026-09-16 21:23:51,530:WARNING:c:\Users\laboratorio\AppData\Local\Programs\Python\Python311\Lib\site-packages\sklearn\metrics\_classification.py:1561: UserWarning: Note that pos_label (set to 'Yes') is ignored when average != 'binary' (got 'weighted'). You may use labels=[pos_label] to specify a single positive class.
  warnings.warn(

2026-09-16 21:23:51,536:WARNING:c:\Users\laboratorio\AppData\Local\Programs\Python\Python311\Lib\site-packages\sklearn\metrics\_classification.py:1561: UserWarning: Note that pos_label (set to 'Yes') is ignored when average != 'binary' (got 'weighted'). You may use labels=[pos_label] to specify a single positive class.
  warnings.warn(

2026-09-16 21:23:51,539:WARNING:c:\Users\laboratorio\AppData\Local\Programs\Python\Python311\Lib\site-packages\sklearn\metrics\_classification.py:1509: UndefinedMetricWarning: Precision is ill-defined and being set to 0.0 in labels with no predicted samples. Use `zero_division` parameter to control this behavior.
  _warn_prf(average, modifier, f"{metric.capitalize()} is", len(result))

2026-09-16 21:23:51,542:WARNING:c:\Users\laboratorio\AppData\Local\Programs\Python\Python311\Lib\site-packages\sklearn\metrics\_classification.py:1561: UserWarning: Note that pos_label (set to 'Yes') is ignored when average != 'binary' (got 'weighted'). You may use labels=[pos_label] to specify a single positive class.
  warnings.warn(

2026-09-16 21:23:51,544:WARNING:c:\Users\laboratorio\AppData\Local\Programs\Python\Python311\Lib\site-packages\sklearn\metrics\_classification.py:1561: UserWarning: Note that pos_label (set to 'Yes') is ignored when average != 'binary' (got 'weighted'). You may use labels=[pos_label] to specify a single positive class.
  warnings.warn(

2026-09-16 21:23:51,547:WARNING:c:\Users\laboratorio\AppData\Local\Programs\Python\Python311\Lib\site-packages\sklearn\metrics\_classification.py:1561: UserWarning: Note that pos_label (set to 'Yes') is ignored when average != 'binary' (got 'weighted'). You may use labels=[pos_label] to specify a single positive class.
  warnings.warn(

2026-09-16 21:23:51,548:WARNING:c:\Users\laboratorio\AppData\Local\Programs\Python\Python311\Lib\site-packages\sklearn\metrics\_classification.py:1509: UndefinedMetricWarning: Precision is ill-defined and being set to 0.0 in labels with no predicted samples. Use `zero_division` parameter to control this behavior.
  _warn_prf(average, modifier, f"{metric.capitalize()} is", len(result))

2026-09-16 21:23:51,550:WARNING:c:\Users\laboratorio\AppData\Local\Programs\Python\Python311\Lib\site-packages\sklearn\metrics\_classification.py:1561: UserWarning: Note that pos_label (set to 'Yes') is ignored when average != 'binary' (got 'weighted'). You may use labels=[pos_label] to specify a single positive class.
  warnings.warn(

2026-09-16 21:23:51,574:WARNING:c:\Users\laboratorio\AppData\Local\Programs\Python\Python311\Lib\site-packages\sklearn\metrics\_classification.py:1561: UserWarning: Note that pos_label (set to 'Yes') is ignored when average != 'binary' (got 'weighted'). You may use labels=[pos_label] to specify a single positive class.
  warnings.warn(

2026-09-16 21:23:51,575:WARNING:c:\Users\laboratorio\AppData\Local\Programs\Python\Python311\Lib\site-packages\sklearn\metrics\_classification.py:1561: UserWarning: Note that pos_label (set to 'Yes') is ignored when average != 'binary' (got 'weighted'). You may use labels=[pos_label] to specify a single positive class.
  warnings.warn(

2026-09-16 21:23:51,577:WARNING:c:\Users\laboratorio\AppData\Local\Programs\Python\Python311\Lib\site-packages\sklearn\metrics\_classification.py:1561: UserWarning: Note that pos_label (set to 'Yes') is ignored when average != 'binary' (got 'weighted'). You may use labels=[pos_label] to specify a single positive class.
  warnings.warn(

2026-09-16 21:23:51,577:WARNING:c:\Users\laboratorio\AppData\Local\Programs\Python\Python311\Lib\site-packages\sklearn\metrics\_classification.py:1561: UserWarning: Note that pos_label (set to 'Yes') is ignored when average != 'binary' (got 'weighted'). You may use labels=[pos_label] to specify a single positive class.
  warnings.warn(

2026-09-16 21:23:51,578:WARNING:c:\Users\laboratorio\AppData\Local\Programs\Python\Python311\Lib\site-packages\sklearn\metrics\_classification.py:1509: UndefinedMetricWarning: Precision is ill-defined and being set to 0.0 in labels with no predicted samples. Use `zero_division` parameter to control this behavior.
  _warn_prf(average, modifier, f"{metric.capitalize()} is", len(result))

2026-09-16 21:23:51,579:WARNING:c:\Users\laboratorio\AppData\Local\Programs\Python\Python311\Lib\site-packages\sklearn\metrics\_classification.py:1509: UndefinedMetricWarning: Precision is ill-defined and being set to 0.0 in labels with no predicted samples. Use `zero_division` parameter to control this behavior.
  _warn_prf(average, modifier, f"{metric.capitalize()} is", len(result))

2026-09-16 21:23:51,579:WARNING:c:\Users\laboratorio\AppData\Local\Programs\Python\Python311\Lib\site-packages\sklearn\metrics\_classification.py:1561: UserWarning: Note that pos_label (set to 'Yes') is ignored when average != 'binary' (got 'weighted'). You may use labels=[pos_label] to specify a single positive class.
  warnings.warn(

2026-09-16 21:23:51,579:WARNING:c:\Users\laboratorio\AppData\Local\Programs\Python\Python311\Lib\site-packages\sklearn\metrics\_classification.py:1561: UserWarning: Note that pos_label (set to 'Yes') is ignored when average != 'binary' (got 'weighted'). You may use labels=[pos_label] to specify a single positive class.
  warnings.warn(

2026-09-16 21:23:51,580:WARNING:c:\Users\laboratorio\AppData\Local\Programs\Python\Python311\Lib\site-packages\sklearn\metrics\_classification.py:1561: UserWarning: Note that pos_label (set to 'Yes') is ignored when average != 'binary' (got 'weighted'). You may use labels=[pos_label] to specify a single positive class.
  warnings.warn(

2026-09-16 21:23:51,581:WARNING:c:\Users\laboratorio\AppData\Local\Programs\Python\Python311\Lib\site-packages\sklearn\metrics\_classification.py:1561: UserWarning: Note that pos_label (set to 'Yes') is ignored when average != 'binary' (got 'weighted'). You may use labels=[pos_label] to specify a single positive class.
  warnings.warn(

2026-09-16 21:23:51,582:WARNING:c:\Users\laboratorio\AppData\Local\Programs\Python\Python311\Lib\site-packages\sklearn\metrics\_classification.py:1561: UserWarning: Note that pos_label (set to 'Yes') is ignored when average != 'binary' (got 'weighted'). You may use labels=[pos_label] to specify a single positive class.
  warnings.warn(

2026-09-16 21:23:51,583:WARNING:c:\Users\laboratorio\AppData\Local\Programs\Python\Python311\Lib\site-packages\sklearn\metrics\_classification.py:1561: UserWarning: Note that pos_label (set to 'Yes') is ignored when average != 'binary' (got 'weighted'). You may use labels=[pos_label] to specify a single positive class.
  warnings.warn(

2026-09-16 21:23:51,583:WARNING:c:\Users\laboratorio\AppData\Local\Programs\Python\Python311\Lib\site-packages\sklearn\metrics\_classification.py:1509: UndefinedMetricWarning: Precision is ill-defined and being set to 0.0 in labels with no predicted samples. Use `zero_division` parameter to control this behavior.
  _warn_prf(average, modifier, f"{metric.capitalize()} is", len(result))

2026-09-16 21:23:51,584:WARNING:c:\Users\laboratorio\AppData\Local\Programs\Python\Python311\Lib\site-packages\sklearn\metrics\_classification.py:1561: UserWarning: Note that pos_label (set to 'Yes') is ignored when average != 'binary' (got 'weighted'). You may use labels=[pos_label] to specify a single positive class.
  warnings.warn(

2026-09-16 21:23:51,584:WARNING:c:\Users\laboratorio\AppData\Local\Programs\Python\Python311\Lib\site-packages\sklearn\metrics\_classification.py:1561: UserWarning: Note that pos_label (set to 'Yes') is ignored when average != 'binary' (got 'weighted'). You may use labels=[pos_label] to specify a single positive class.
  warnings.warn(

2026-09-16 21:23:51,585:WARNING:c:\Users\laboratorio\AppData\Local\Programs\Python\Python311\Lib\site-packages\sklearn\metrics\_classification.py:1561: UserWarning: Note that pos_label (set to 'Yes') is ignored when average != 'binary' (got 'weighted'). You may use labels=[pos_label] to specify a single positive class.
  warnings.warn(

2026-09-16 21:23:51,585:WARNING:c:\Users\laboratorio\AppData\Local\Programs\Python\Python311\Lib\site-packages\sklearn\metrics\_classification.py:1561: UserWarning: Note that pos_label (set to 'Yes') is ignored when average != 'binary' (got 'weighted'). You may use labels=[pos_label] to specify a single positive class.
  warnings.warn(

2026-09-16 21:23:51,586:WARNING:c:\Users\laboratorio\AppData\Local\Programs\Python\Python311\Lib\site-packages\sklearn\metrics\_classification.py:1509: UndefinedMetricWarning: Precision is ill-defined and being set to 0.0 in labels with no predicted samples. Use `zero_division` parameter to control this behavior.
  _warn_prf(average, modifier, f"{metric.capitalize()} is", len(result))

2026-09-16 21:23:51,586:WARNING:c:\Users\laboratorio\AppData\Local\Programs\Python\Python311\Lib\site-packages\sklearn\metrics\_classification.py:1561: UserWarning: Note that pos_label (set to 'Yes') is ignored when average != 'binary' (got 'weighted'). You may use labels=[pos_label] to specify a single positive class.
  warnings.warn(

2026-09-16 21:23:51,588:WARNING:c:\Users\laboratorio\AppData\Local\Programs\Python\Python311\Lib\site-packages\sklearn\metrics\_classification.py:1509: UndefinedMetricWarning: Precision is ill-defined and being set to 0.0 in labels with no predicted samples. Use `zero_division` parameter to control this behavior.
  _warn_prf(average, modifier, f"{metric.capitalize()} is", len(result))

2026-09-16 21:23:51,588:WARNING:c:\Users\laboratorio\AppData\Local\Programs\Python\Python311\Lib\site-packages\sklearn\metrics\_classification.py:1561: UserWarning: Note that pos_label (set to 'Yes') is ignored when average != 'binary' (got 'weighted'). You may use labels=[pos_label] to specify a single positive class.
  warnings.warn(

2026-09-16 21:23:51,588:WARNING:c:\Users\laboratorio\AppData\Local\Programs\Python\Python311\Lib\site-packages\sklearn\metrics\_classification.py:1509: UndefinedMetricWarning: Precision is ill-defined and being set to 0.0 in labels with no predicted samples. Use `zero_division` parameter to control this behavior.
  _warn_prf(average, modifier, f"{metric.capitalize()} is", len(result))

2026-09-16 21:23:51,590:WARNING:c:\Users\laboratorio\AppData\Local\Programs\Python\Python311\Lib\site-packages\sklearn\metrics\_classification.py:1561: UserWarning: Note that pos_label (set to 'Yes') is ignored when average != 'binary' (got 'weighted'). You may use labels=[pos_label] to specify a single positive class.
  warnings.warn(

2026-09-16 21:23:51,590:WARNING:c:\Users\laboratorio\AppData\Local\Programs\Python\Python311\Lib\site-packages\sklearn\metrics\_classification.py:1561: UserWarning: Note that pos_label (set to 'Yes') is ignored when average != 'binary' (got 'weighted'). You may use labels=[pos_label] to specify a single positive class.
  warnings.warn(

2026-09-16 21:23:51,610:WARNING:c:\Users\laboratorio\AppData\Local\Programs\Python\Python311\Lib\site-packages\sklearn\metrics\_classification.py:1561: UserWarning: Note that pos_label (set to 'Yes') is ignored when average != 'binary' (got 'weighted'). You may use labels=[pos_label] to specify a single positive class.
  warnings.warn(

2026-09-16 21:23:51,612:WARNING:c:\Users\laboratorio\AppData\Local\Programs\Python\Python311\Lib\site-packages\sklearn\metrics\_classification.py:1561: UserWarning: Note that pos_label (set to 'Yes') is ignored when average != 'binary' (got 'weighted'). You may use labels=[pos_label] to specify a single positive class.
  warnings.warn(

2026-09-16 21:23:51,614:WARNING:c:\Users\laboratorio\AppData\Local\Programs\Python\Python311\Lib\site-packages\sklearn\metrics\_classification.py:1509: UndefinedMetricWarning: Precision is ill-defined and being set to 0.0 in labels with no predicted samples. Use `zero_division` parameter to control this behavior.
  _warn_prf(average, modifier, f"{metric.capitalize()} is", len(result))

2026-09-16 21:23:51,615:WARNING:c:\Users\laboratorio\AppData\Local\Programs\Python\Python311\Lib\site-packages\sklearn\metrics\_classification.py:1561: UserWarning: Note that pos_label (set to 'Yes') is ignored when average != 'binary' (got 'weighted'). You may use labels=[pos_label] to specify a single positive class.
  warnings.warn(

2026-09-16 21:23:51,619:WARNING:c:\Users\laboratorio\AppData\Local\Programs\Python\Python311\Lib\site-packages\sklearn\metrics\_classification.py:1561: UserWarning: Note that pos_label (set to 'Yes') is ignored when average != 'binary' (got 'weighted'). You may use labels=[pos_label] to specify a single positive class.
  warnings.warn(

2026-09-16 21:23:51,619:WARNING:c:\Users\laboratorio\AppData\Local\Programs\Python\Python311\Lib\site-packages\sklearn\metrics\_classification.py:1561: UserWarning: Note that pos_label (set to 'Yes') is ignored when average != 'binary' (got 'weighted'). You may use labels=[pos_label] to specify a single positive class.
  warnings.warn(

2026-09-16 21:23:51,619:WARNING:c:\Users\laboratorio\AppData\Local\Programs\Python\Python311\Lib\site-packages\sklearn\metrics\_classification.py:1509: UndefinedMetricWarning: Precision is ill-defined and being set to 0.0 in labels with no predicted samples. Use `zero_division` parameter to control this behavior.
  _warn_prf(average, modifier, f"{metric.capitalize()} is", len(result))

2026-09-16 21:23:51,619:WARNING:c:\Users\laboratorio\AppData\Local\Programs\Python\Python311\Lib\site-packages\sklearn\metrics\_classification.py:1561: UserWarning: Note that pos_label (set to 'Yes') is ignored when average != 'binary' (got 'weighted'). You may use labels=[pos_label] to specify a single positive class.
  warnings.warn(

2026-09-16 21:23:51,637:INFO:Calculating mean and std
2026-09-16 21:23:51,637:INFO:Creating metrics dataframe
2026-09-16 21:23:51,637:INFO:Uploading results into container
2026-09-16 21:23:51,637:INFO:Uploading model into container now
2026-09-16 21:23:51,637:INFO:_master_model_container: 11
2026-09-16 21:23:51,637:INFO:_display_container: 2
2026-09-16 21:23:51,637:INFO:LinearDiscriminantAnalysis(covariance_estimator=None, n_components=None,
                           priors=None, shrinkage=None, solver='svd',
                           store_covariance=False, tol=0.0001)
2026-09-16 21:23:51,637:INFO:create_model() successfully completed......................................
2026-09-16 21:23:51,686:INFO:SubProcess create_model() end ==================================
2026-09-16 21:23:51,686:INFO:Creating metrics dataframe
2026-09-16 21:23:51,686:INFO:Initializing Extra Trees Classifier
2026-09-16 21:23:51,686:INFO:Total runtime is 0.16600915590922039 minutes
2026-09-16 21:23:51,695:INFO:SubProcess create_model() called ==================================
2026-09-16 21:23:51,695:INFO:Initializing create_model()
2026-09-16 21:23:51,695:INFO:create_model(self=<pycaret.classification.oop.ClassificationExperiment object at 0x000002E542BA4390>, estimator=et, fold=StratifiedKFold(n_splits=10, random_state=None, shuffle=False), round=4, cross_validation=True, predict=True, fit_kwargs={}, groups=None, refit=False, probability_threshold=None, experiment_custom_tags=None, verbose=False, system=False, add_to_model_list=True, metrics=None, display=<pycaret.internal.display.display.CommonDisplay object at 0x000002E544D810D0>, model_only=True, return_train_score=False, error_score=0.0, kwargs={})
2026-09-16 21:23:51,695:INFO:Checking exceptions
2026-09-16 21:23:51,695:INFO:Importing libraries
2026-09-16 21:23:51,696:INFO:Copying training dataset
2026-09-16 21:23:51,698:INFO:Defining folds
2026-09-16 21:23:51,698:INFO:Declaring metric variables
2026-09-16 21:23:51,700:INFO:Importing untrained model
2026-09-16 21:23:51,702:INFO:Extra Trees Classifier Imported successfully
2026-09-16 21:23:51,705:INFO:Starting cross validation
2026-09-16 21:23:51,707:INFO:Cross validating with StratifiedKFold(n_splits=10, random_state=None, shuffle=False), n_jobs=-1
2026-09-16 21:23:52,208:WARNING:c:\Users\laboratorio\AppData\Local\Programs\Python\Python311\Lib\site-packages\sklearn\metrics\_classification.py:1561: UserWarning: Note that pos_label (set to 'Yes') is ignored when average != 'binary' (got 'weighted'). You may use labels=[pos_label] to specify a single positive class.
  warnings.warn(

2026-09-16 21:23:52,212:WARNING:c:\Users\laboratorio\AppData\Local\Programs\Python\Python311\Lib\site-packages\sklearn\metrics\_classification.py:1561: UserWarning: Note that pos_label (set to 'Yes') is ignored when average != 'binary' (got 'weighted'). You may use labels=[pos_label] to specify a single positive class.
  warnings.warn(

2026-09-16 21:23:52,216:WARNING:c:\Users\laboratorio\AppData\Local\Programs\Python\Python311\Lib\site-packages\sklearn\metrics\_classification.py:1561: UserWarning: Note that pos_label (set to 'Yes') is ignored when average != 'binary' (got 'weighted'). You may use labels=[pos_label] to specify a single positive class.
  warnings.warn(

2026-09-16 21:23:52,223:WARNING:c:\Users\laboratorio\AppData\Local\Programs\Python\Python311\Lib\site-packages\sklearn\metrics\_classification.py:1561: UserWarning: Note that pos_label (set to 'Yes') is ignored when average != 'binary' (got 'weighted'). You may use labels=[pos_label] to specify a single positive class.
  warnings.warn(

2026-09-16 21:23:52,224:WARNING:c:\Users\laboratorio\AppData\Local\Programs\Python\Python311\Lib\site-packages\sklearn\metrics\_classification.py:1561: UserWarning: Note that pos_label (set to 'Yes') is ignored when average != 'binary' (got 'weighted'). You may use labels=[pos_label] to specify a single positive class.
  warnings.warn(

2026-09-16 21:23:52,224:WARNING:c:\Users\laboratorio\AppData\Local\Programs\Python\Python311\Lib\site-packages\sklearn\metrics\_classification.py:1561: UserWarning: Note that pos_label (set to 'Yes') is ignored when average != 'binary' (got 'weighted'). You may use labels=[pos_label] to specify a single positive class.
  warnings.warn(

2026-09-16 21:23:52,224:WARNING:c:\Users\laboratorio\AppData\Local\Programs\Python\Python311\Lib\site-packages\sklearn\metrics\_classification.py:1561: UserWarning: Note that pos_label (set to 'Yes') is ignored when average != 'binary' (got 'weighted'). You may use labels=[pos_label] to specify a single positive class.
  warnings.warn(

2026-09-16 21:23:52,224:WARNING:c:\Users\laboratorio\AppData\Local\Programs\Python\Python311\Lib\site-packages\sklearn\metrics\_classification.py:1561: UserWarning: Note that pos_label (set to 'Yes') is ignored when average != 'binary' (got 'weighted'). You may use labels=[pos_label] to specify a single positive class.
  warnings.warn(

2026-09-16 21:23:52,228:WARNING:c:\Users\laboratorio\AppData\Local\Programs\Python\Python311\Lib\site-packages\sklearn\metrics\_classification.py:1561: UserWarning: Note that pos_label (set to 'Yes') is ignored when average != 'binary' (got 'weighted'). You may use labels=[pos_label] to specify a single positive class.
  warnings.warn(

2026-09-16 21:23:52,228:WARNING:c:\Users\laboratorio\AppData\Local\Programs\Python\Python311\Lib\site-packages\sklearn\metrics\_classification.py:1561: UserWarning: Note that pos_label (set to 'Yes') is ignored when average != 'binary' (got 'weighted'). You may use labels=[pos_label] to specify a single positive class.
  warnings.warn(

2026-09-16 21:23:52,229:WARNING:c:\Users\laboratorio\AppData\Local\Programs\Python\Python311\Lib\site-packages\sklearn\metrics\_classification.py:1561: UserWarning: Note that pos_label (set to 'Yes') is ignored when average != 'binary' (got 'weighted'). You may use labels=[pos_label] to specify a single positive class.
  warnings.warn(

2026-09-16 21:23:52,231:WARNING:c:\Users\laboratorio\AppData\Local\Programs\Python\Python311\Lib\site-packages\sklearn\metrics\_classification.py:1561: UserWarning: Note that pos_label (set to 'Yes') is ignored when average != 'binary' (got 'weighted'). You may use labels=[pos_label] to specify a single positive class.
  warnings.warn(

2026-09-16 21:23:52,232:WARNING:c:\Users\laboratorio\AppData\Local\Programs\Python\Python311\Lib\site-packages\sklearn\metrics\_classification.py:1561: UserWarning: Note that pos_label (set to 'Yes') is ignored when average != 'binary' (got 'weighted'). You may use labels=[pos_label] to specify a single positive class.
  warnings.warn(

2026-09-16 21:23:52,232:WARNING:c:\Users\laboratorio\AppData\Local\Programs\Python\Python311\Lib\site-packages\sklearn\metrics\_classification.py:1561: UserWarning: Note that pos_label (set to 'Yes') is ignored when average != 'binary' (got 'weighted'). You may use labels=[pos_label] to specify a single positive class.
  warnings.warn(

2026-09-16 21:23:52,235:WARNING:c:\Users\laboratorio\AppData\Local\Programs\Python\Python311\Lib\site-packages\sklearn\metrics\_classification.py:1561: UserWarning: Note that pos_label (set to 'Yes') is ignored when average != 'binary' (got 'weighted'). You may use labels=[pos_label] to specify a single positive class.
  warnings.warn(

2026-09-16 21:23:52,235:WARNING:c:\Users\laboratorio\AppData\Local\Programs\Python\Python311\Lib\site-packages\sklearn\metrics\_classification.py:1561: UserWarning: Note that pos_label (set to 'Yes') is ignored when average != 'binary' (got 'weighted'). You may use labels=[pos_label] to specify a single positive class.
  warnings.warn(

2026-09-16 21:23:52,235:WARNING:c:\Users\laboratorio\AppData\Local\Programs\Python\Python311\Lib\site-packages\sklearn\metrics\_classification.py:1561: UserWarning: Note that pos_label (set to 'Yes') is ignored when average != 'binary' (got 'weighted'). You may use labels=[pos_label] to specify a single positive class.
  warnings.warn(

2026-09-16 21:23:52,235:WARNING:c:\Users\laboratorio\AppData\Local\Programs\Python\Python311\Lib\site-packages\sklearn\metrics\_classification.py:1561: UserWarning: Note that pos_label (set to 'Yes') is ignored when average != 'binary' (got 'weighted'). You may use labels=[pos_label] to specify a single positive class.
  warnings.warn(

2026-09-16 21:23:52,235:WARNING:c:\Users\laboratorio\AppData\Local\Programs\Python\Python311\Lib\site-packages\sklearn\metrics\_classification.py:1561: UserWarning: Note that pos_label (set to 'Yes') is ignored when average != 'binary' (got 'weighted'). You may use labels=[pos_label] to specify a single positive class.
  warnings.warn(

2026-09-16 21:23:52,242:WARNING:c:\Users\laboratorio\AppData\Local\Programs\Python\Python311\Lib\site-packages\sklearn\metrics\_classification.py:1561: UserWarning: Note that pos_label (set to 'Yes') is ignored when average != 'binary' (got 'weighted'). You may use labels=[pos_label] to specify a single positive class.
  warnings.warn(

2026-09-16 21:23:52,244:WARNING:c:\Users\laboratorio\AppData\Local\Programs\Python\Python311\Lib\site-packages\sklearn\metrics\_classification.py:1561: UserWarning: Note that pos_label (set to 'Yes') is ignored when average != 'binary' (got 'weighted'). You may use labels=[pos_label] to specify a single positive class.
  warnings.warn(

2026-09-16 21:23:52,264:WARNING:c:\Users\laboratorio\AppData\Local\Programs\Python\Python311\Lib\site-packages\sklearn\metrics\_classification.py:1561: UserWarning: Note that pos_label (set to 'Yes') is ignored when average != 'binary' (got 'weighted'). You may use labels=[pos_label] to specify a single positive class.
  warnings.warn(

2026-09-16 21:23:52,267:WARNING:c:\Users\laboratorio\AppData\Local\Programs\Python\Python311\Lib\site-packages\sklearn\metrics\_classification.py:1561: UserWarning: Note that pos_label (set to 'Yes') is ignored when average != 'binary' (got 'weighted'). You may use labels=[pos_label] to specify a single positive class.
  warnings.warn(

2026-09-16 21:23:52,270:WARNING:c:\Users\laboratorio\AppData\Local\Programs\Python\Python311\Lib\site-packages\sklearn\metrics\_classification.py:1561: UserWarning: Note that pos_label (set to 'Yes') is ignored when average != 'binary' (got 'weighted'). You may use labels=[pos_label] to specify a single positive class.
  warnings.warn(

2026-09-16 21:23:52,284:WARNING:c:\Users\laboratorio\AppData\Local\Programs\Python\Python311\Lib\site-packages\sklearn\metrics\_classification.py:1561: UserWarning: Note that pos_label (set to 'Yes') is ignored when average != 'binary' (got 'weighted'). You may use labels=[pos_label] to specify a single positive class.
  warnings.warn(

2026-09-16 21:23:52,286:WARNING:c:\Users\laboratorio\AppData\Local\Programs\Python\Python311\Lib\site-packages\sklearn\metrics\_classification.py:1561: UserWarning: Note that pos_label (set to 'Yes') is ignored when average != 'binary' (got 'weighted'). You may use labels=[pos_label] to specify a single positive class.
  warnings.warn(

2026-09-16 21:23:52,289:WARNING:c:\Users\laboratorio\AppData\Local\Programs\Python\Python311\Lib\site-packages\sklearn\metrics\_classification.py:1561: UserWarning: Note that pos_label (set to 'Yes') is ignored when average != 'binary' (got 'weighted'). You may use labels=[pos_label] to specify a single positive class.
  warnings.warn(

2026-09-16 21:23:52,289:WARNING:c:\Users\laboratorio\AppData\Local\Programs\Python\Python311\Lib\site-packages\sklearn\metrics\_classification.py:1561: UserWarning: Note that pos_label (set to 'Yes') is ignored when average != 'binary' (got 'weighted'). You may use labels=[pos_label] to specify a single positive class.
  warnings.warn(

2026-09-16 21:23:52,289:WARNING:c:\Users\laboratorio\AppData\Local\Programs\Python\Python311\Lib\site-packages\sklearn\metrics\_classification.py:1561: UserWarning: Note that pos_label (set to 'Yes') is ignored when average != 'binary' (got 'weighted'). You may use labels=[pos_label] to specify a single positive class.
  warnings.warn(

2026-09-16 21:23:52,297:WARNING:c:\Users\laboratorio\AppData\Local\Programs\Python\Python311\Lib\site-packages\sklearn\metrics\_classification.py:1509: UndefinedMetricWarning: Precision is ill-defined and being set to 0.0 in labels with no predicted samples. Use `zero_division` parameter to control this behavior.
  _warn_prf(average, modifier, f"{metric.capitalize()} is", len(result))

2026-09-16 21:23:52,298:WARNING:c:\Users\laboratorio\AppData\Local\Programs\Python\Python311\Lib\site-packages\sklearn\metrics\_classification.py:1561: UserWarning: Note that pos_label (set to 'Yes') is ignored when average != 'binary' (got 'weighted'). You may use labels=[pos_label] to specify a single positive class.
  warnings.warn(

2026-09-16 21:23:52,306:INFO:Calculating mean and std
2026-09-16 21:23:52,306:INFO:Creating metrics dataframe
2026-09-16 21:23:52,306:INFO:Uploading results into container
2026-09-16 21:23:52,306:INFO:Uploading model into container now
2026-09-16 21:23:52,306:INFO:_master_model_container: 12
2026-09-16 21:23:52,306:INFO:_display_container: 2
2026-09-16 21:23:52,306:INFO:ExtraTreesClassifier(bootstrap=False, ccp_alpha=0.0, class_weight=None,
                     criterion='gini', max_depth=None, max_features='sqrt',
                     max_leaf_nodes=None, max_samples=None,
                     min_impurity_decrease=0.0, min_samples_leaf=1,
                     min_samples_split=2, min_weight_fraction_leaf=0.0,
                     monotonic_cst=None, n_estimators=100, n_jobs=-1,
                     oob_score=False, random_state=123, verbose=0,
                     warm_start=False)
2026-09-16 21:23:52,306:INFO:create_model() successfully completed......................................
2026-09-16 21:23:52,353:INFO:SubProcess create_model() end ==================================
2026-09-16 21:23:52,353:INFO:Creating metrics dataframe
2026-09-16 21:23:52,364:INFO:Initializing Light Gradient Boosting Machine
2026-09-16 21:23:52,364:INFO:Total runtime is 0.1773117462793986 minutes
2026-09-16 21:23:52,366:INFO:SubProcess create_model() called ==================================
2026-09-16 21:23:52,366:INFO:Initializing create_model()
2026-09-16 21:23:52,366:INFO:create_model(self=<pycaret.classification.oop.ClassificationExperiment object at 0x000002E542BA4390>, estimator=lightgbm, fold=StratifiedKFold(n_splits=10, random_state=None, shuffle=False), round=4, cross_validation=True, predict=True, fit_kwargs={}, groups=None, refit=False, probability_threshold=None, experiment_custom_tags=None, verbose=False, system=False, add_to_model_list=True, metrics=None, display=<pycaret.internal.display.display.CommonDisplay object at 0x000002E544D810D0>, model_only=True, return_train_score=False, error_score=0.0, kwargs={})
2026-09-16 21:23:52,366:INFO:Checking exceptions
2026-09-16 21:23:52,366:INFO:Importing libraries
2026-09-16 21:23:52,366:INFO:Copying training dataset
2026-09-16 21:23:52,368:INFO:Defining folds
2026-09-16 21:23:52,368:INFO:Declaring metric variables
2026-09-16 21:23:52,368:INFO:Importing untrained model
2026-09-16 21:23:52,368:INFO:Light Gradient Boosting Machine Imported successfully
2026-09-16 21:23:52,368:INFO:Starting cross validation
2026-09-16 21:23:52,368:INFO:Cross validating with StratifiedKFold(n_splits=10, random_state=None, shuffle=False), n_jobs=-1
2026-09-16 21:23:52,706:WARNING:create_model() for lightgbm raised an exception or returned all 0.0, trying without fit_kwargs:
2026-09-16 21:23:52,708:WARNING:Traceback (most recent call last):
  File "c:\Users\laboratorio\AppData\Local\Programs\Python\Python311\Lib\site-packages\pycaret\internal\pycaret_experiment\supervised_experiment.py", line 794, in compare_models
    model, model_fit_time = self._create_model(**create_model_args)
                            ^^^^^^^^^^^^^^^^^^^^^^^^^^^^^^^^^^^^^^^
  File "c:\Users\laboratorio\AppData\Local\Programs\Python\Python311\Lib\site-packages\pycaret\internal\pycaret_experiment\supervised_experiment.py", line 1533, in _create_model
    model, model_fit_time, model_results, _ = self._create_model_with_cv(
                                              ^^^^^^^^^^^^^^^^^^^^^^^^^^^
  File "c:\Users\laboratorio\AppData\Local\Programs\Python\Python311\Lib\site-packages\pycaret\internal\pycaret_experiment\supervised_experiment.py", line 1126, in _create_model_with_cv
    scores = cross_validate(
             ^^^^^^^^^^^^^^^
  File "c:\Users\laboratorio\AppData\Local\Programs\Python\Python311\Lib\site-packages\sklearn\utils\_param_validation.py", line 213, in wrapper
    return func(*args, **kwargs)
           ^^^^^^^^^^^^^^^^^^^^^
  File "c:\Users\laboratorio\AppData\Local\Programs\Python\Python311\Lib\site-packages\sklearn\model_selection\_validation.py", line 450, in cross_validate
    _warn_or_raise_about_fit_failures(results, error_score)
  File "c:\Users\laboratorio\AppData\Local\Programs\Python\Python311\Lib\site-packages\sklearn\model_selection\_validation.py", line 536, in _warn_or_raise_about_fit_failures
    raise ValueError(all_fits_failed_message)
ValueError: 
All the 10 fits failed.
It is very likely that your model is misconfigured.
You can try to debug the error by setting error_score='raise'.

Below are more details about the failures:
--------------------------------------------------------------------------------
10 fits failed with the following error:
Traceback (most recent call last):
  File "c:\Users\laboratorio\AppData\Local\Programs\Python\Python311\Lib\site-packages\sklearn\model_selection\_validation.py", line 895, in _fit_and_score
    estimator.fit(X_train, y_train, **fit_params)
  File "c:\Users\laboratorio\AppData\Local\Programs\Python\Python311\Lib\site-packages\pycaret\internal\pipeline.py", line 278, in fit
    fitted_estimator = self._memory_fit(
                       ^^^^^^^^^^^^^^^^^
  File "c:\Users\laboratorio\AppData\Local\Programs\Python\Python311\Lib\site-packages\joblib\memory.py", line 353, in __call__
    return self.func(*args, **kwargs)
           ^^^^^^^^^^^^^^^^^^^^^^^^^^
  File "c:\Users\laboratorio\AppData\Local\Programs\Python\Python311\Lib\site-packages\pycaret\internal\pipeline.py", line 69, in _fit_one
    transformer.fit(*args)
  File "c:\Users\laboratorio\AppData\Local\Programs\Python\Python311\Lib\site-packages\lightgbm\sklearn.py", line 1704, in fit
    super().fit(
  File "c:\Users\laboratorio\AppData\Local\Programs\Python\Python311\Lib\site-packages\lightgbm\sklearn.py", line 1171, in fit
    self._Booster = train(
                    ^^^^^^
  File "c:\Users\laboratorio\AppData\Local\Programs\Python\Python311\Lib\site-packages\lightgbm\engine.py", line 296, in train
    booster = Booster(params=params, train_set=train_set)
              ^^^^^^^^^^^^^^^^^^^^^^^^^^^^^^^^^^^^^^^^^^^
  File "c:\Users\laboratorio\AppData\Local\Programs\Python\Python311\Lib\site-packages\lightgbm\basic.py", line 3758, in __init__
    train_set.construct()
  File "c:\Users\laboratorio\AppData\Local\Programs\Python\Python311\Lib\site-packages\lightgbm\basic.py", line 2574, in construct
    self._lazy_init(
  File "c:\Users\laboratorio\AppData\Local\Programs\Python\Python311\Lib\site-packages\lightgbm\basic.py", line 2189, in _lazy_init
    self.set_label(label)
  File "c:\Users\laboratorio\AppData\Local\Programs\Python\Python311\Lib\site-packages\lightgbm\basic.py", line 3097, in set_label
    self.set_field("label", label_array)
  File "c:\Users\laboratorio\AppData\Local\Programs\Python\Python311\Lib\site-packages\lightgbm\basic.py", line 2860, in set_field
    _LIB.LGBM_DatasetSetField(
OSError: exception: access violation reading 0x0000000000000000


2026-09-16 21:23:52,708:INFO:Initializing create_model()
2026-09-16 21:23:52,708:INFO:create_model(self=<pycaret.classification.oop.ClassificationExperiment object at 0x000002E542BA4390>, estimator=lightgbm, fold=StratifiedKFold(n_splits=10, random_state=None, shuffle=False), round=4, cross_validation=True, predict=True, fit_kwargs={}, groups=None, refit=False, probability_threshold=None, experiment_custom_tags=None, verbose=False, system=False, add_to_model_list=True, metrics=None, display=<pycaret.internal.display.display.CommonDisplay object at 0x000002E544D810D0>, model_only=True, return_train_score=False, error_score=0.0, kwargs={})
2026-09-16 21:23:52,708:INFO:Checking exceptions
2026-09-16 21:23:52,708:INFO:Importing libraries
2026-09-16 21:23:52,708:INFO:Copying training dataset
2026-09-16 21:23:52,713:INFO:Defining folds
2026-09-16 21:23:52,714:INFO:Declaring metric variables
2026-09-16 21:23:52,716:INFO:Importing untrained model
2026-09-16 21:23:52,719:INFO:Light Gradient Boosting Machine Imported successfully
2026-09-16 21:23:52,723:INFO:Starting cross validation
2026-09-16 21:23:52,726:INFO:Cross validating with StratifiedKFold(n_splits=10, random_state=None, shuffle=False), n_jobs=-1
2026-09-16 21:23:53,088:ERROR:create_model() for lightgbm raised an exception or returned all 0.0:
2026-09-16 21:23:53,089:ERROR:Traceback (most recent call last):
  File "c:\Users\laboratorio\AppData\Local\Programs\Python\Python311\Lib\site-packages\pycaret\internal\pycaret_experiment\supervised_experiment.py", line 794, in compare_models
    model, model_fit_time = self._create_model(**create_model_args)
                            ^^^^^^^^^^^^^^^^^^^^^^^^^^^^^^^^^^^^^^^
  File "c:\Users\laboratorio\AppData\Local\Programs\Python\Python311\Lib\site-packages\pycaret\internal\pycaret_experiment\supervised_experiment.py", line 1533, in _create_model
    model, model_fit_time, model_results, _ = self._create_model_with_cv(
                                              ^^^^^^^^^^^^^^^^^^^^^^^^^^^
  File "c:\Users\laboratorio\AppData\Local\Programs\Python\Python311\Lib\site-packages\pycaret\internal\pycaret_experiment\supervised_experiment.py", line 1126, in _create_model_with_cv
    scores = cross_validate(
             ^^^^^^^^^^^^^^^
  File "c:\Users\laboratorio\AppData\Local\Programs\Python\Python311\Lib\site-packages\sklearn\utils\_param_validation.py", line 213, in wrapper
    return func(*args, **kwargs)
           ^^^^^^^^^^^^^^^^^^^^^
  File "c:\Users\laboratorio\AppData\Local\Programs\Python\Python311\Lib\site-packages\sklearn\model_selection\_validation.py", line 450, in cross_validate
    _warn_or_raise_about_fit_failures(results, error_score)
  File "c:\Users\laboratorio\AppData\Local\Programs\Python\Python311\Lib\site-packages\sklearn\model_selection\_validation.py", line 536, in _warn_or_raise_about_fit_failures
    raise ValueError(all_fits_failed_message)
ValueError: 
All the 10 fits failed.
It is very likely that your model is misconfigured.
You can try to debug the error by setting error_score='raise'.

Below are more details about the failures:
--------------------------------------------------------------------------------
10 fits failed with the following error:
Traceback (most recent call last):
  File "c:\Users\laboratorio\AppData\Local\Programs\Python\Python311\Lib\site-packages\sklearn\model_selection\_validation.py", line 895, in _fit_and_score
    estimator.fit(X_train, y_train, **fit_params)
  File "c:\Users\laboratorio\AppData\Local\Programs\Python\Python311\Lib\site-packages\pycaret\internal\pipeline.py", line 278, in fit
    fitted_estimator = self._memory_fit(
                       ^^^^^^^^^^^^^^^^^
  File "c:\Users\laboratorio\AppData\Local\Programs\Python\Python311\Lib\site-packages\joblib\memory.py", line 353, in __call__
    return self.func(*args, **kwargs)
           ^^^^^^^^^^^^^^^^^^^^^^^^^^
  File "c:\Users\laboratorio\AppData\Local\Programs\Python\Python311\Lib\site-packages\pycaret\internal\pipeline.py", line 69, in _fit_one
    transformer.fit(*args)
  File "c:\Users\laboratorio\AppData\Local\Programs\Python\Python311\Lib\site-packages\lightgbm\sklearn.py", line 1704, in fit
    super().fit(
  File "c:\Users\laboratorio\AppData\Local\Programs\Python\Python311\Lib\site-packages\lightgbm\sklearn.py", line 1171, in fit
    self._Booster = train(
                    ^^^^^^
  File "c:\Users\laboratorio\AppData\Local\Programs\Python\Python311\Lib\site-packages\lightgbm\engine.py", line 296, in train
    booster = Booster(params=params, train_set=train_set)
              ^^^^^^^^^^^^^^^^^^^^^^^^^^^^^^^^^^^^^^^^^^^
  File "c:\Users\laboratorio\AppData\Local\Programs\Python\Python311\Lib\site-packages\lightgbm\basic.py", line 3758, in __init__
    train_set.construct()
  File "c:\Users\laboratorio\AppData\Local\Programs\Python\Python311\Lib\site-packages\lightgbm\basic.py", line 2574, in construct
    self._lazy_init(
  File "c:\Users\laboratorio\AppData\Local\Programs\Python\Python311\Lib\site-packages\lightgbm\basic.py", line 2189, in _lazy_init
    self.set_label(label)
  File "c:\Users\laboratorio\AppData\Local\Programs\Python\Python311\Lib\site-packages\lightgbm\basic.py", line 3097, in set_label
    self.set_field("label", label_array)
  File "c:\Users\laboratorio\AppData\Local\Programs\Python\Python311\Lib\site-packages\lightgbm\basic.py", line 2860, in set_field
    _LIB.LGBM_DatasetSetField(
OSError: exception: access violation reading 0x0000000000000000


During handling of the above exception, another exception occurred:

Traceback (most recent call last):
  File "c:\Users\laboratorio\AppData\Local\Programs\Python\Python311\Lib\site-packages\pycaret\internal\pycaret_experiment\supervised_experiment.py", line 815, in compare_models
    model, model_fit_time = self._create_model(**create_model_args)
                            ^^^^^^^^^^^^^^^^^^^^^^^^^^^^^^^^^^^^^^^
  File "c:\Users\laboratorio\AppData\Local\Programs\Python\Python311\Lib\site-packages\pycaret\internal\pycaret_experiment\supervised_experiment.py", line 1533, in _create_model
    model, model_fit_time, model_results, _ = self._create_model_with_cv(
                                              ^^^^^^^^^^^^^^^^^^^^^^^^^^^
  File "c:\Users\laboratorio\AppData\Local\Programs\Python\Python311\Lib\site-packages\pycaret\internal\pycaret_experiment\supervised_experiment.py", line 1126, in _create_model_with_cv
    scores = cross_validate(
             ^^^^^^^^^^^^^^^
  File "c:\Users\laboratorio\AppData\Local\Programs\Python\Python311\Lib\site-packages\sklearn\utils\_param_validation.py", line 213, in wrapper
    return func(*args, **kwargs)
           ^^^^^^^^^^^^^^^^^^^^^
  File "c:\Users\laboratorio\AppData\Local\Programs\Python\Python311\Lib\site-packages\sklearn\model_selection\_validation.py", line 450, in cross_validate
    _warn_or_raise_about_fit_failures(results, error_score)
  File "c:\Users\laboratorio\AppData\Local\Programs\Python\Python311\Lib\site-packages\sklearn\model_selection\_validation.py", line 536, in _warn_or_raise_about_fit_failures
    raise ValueError(all_fits_failed_message)
ValueError: 
All the 10 fits failed.
It is very likely that your model is misconfigured.
You can try to debug the error by setting error_score='raise'.

Below are more details about the failures:
--------------------------------------------------------------------------------
10 fits failed with the following error:
Traceback (most recent call last):
  File "c:\Users\laboratorio\AppData\Local\Programs\Python\Python311\Lib\site-packages\sklearn\model_selection\_validation.py", line 895, in _fit_and_score
    estimator.fit(X_train, y_train, **fit_params)
  File "c:\Users\laboratorio\AppData\Local\Programs\Python\Python311\Lib\site-packages\pycaret\internal\pipeline.py", line 278, in fit
    fitted_estimator = self._memory_fit(
                       ^^^^^^^^^^^^^^^^^
  File "c:\Users\laboratorio\AppData\Local\Programs\Python\Python311\Lib\site-packages\joblib\memory.py", line 353, in __call__
    return self.func(*args, **kwargs)
           ^^^^^^^^^^^^^^^^^^^^^^^^^^
  File "c:\Users\laboratorio\AppData\Local\Programs\Python\Python311\Lib\site-packages\pycaret\internal\pipeline.py", line 69, in _fit_one
    transformer.fit(*args)
  File "c:\Users\laboratorio\AppData\Local\Programs\Python\Python311\Lib\site-packages\lightgbm\sklearn.py", line 1704, in fit
    super().fit(
  File "c:\Users\laboratorio\AppData\Local\Programs\Python\Python311\Lib\site-packages\lightgbm\sklearn.py", line 1171, in fit
    self._Booster = train(
                    ^^^^^^
  File "c:\Users\laboratorio\AppData\Local\Programs\Python\Python311\Lib\site-packages\lightgbm\engine.py", line 296, in train
    booster = Booster(params=params, train_set=train_set)
              ^^^^^^^^^^^^^^^^^^^^^^^^^^^^^^^^^^^^^^^^^^^
  File "c:\Users\laboratorio\AppData\Local\Programs\Python\Python311\Lib\site-packages\lightgbm\basic.py", line 3758, in __init__
    train_set.construct()
  File "c:\Users\laboratorio\AppData\Local\Programs\Python\Python311\Lib\site-packages\lightgbm\basic.py", line 2574, in construct
    self._lazy_init(
  File "c:\Users\laboratorio\AppData\Local\Programs\Python\Python311\Lib\site-packages\lightgbm\basic.py", line 2189, in _lazy_init
    self.set_label(label)
  File "c:\Users\laboratorio\AppData\Local\Programs\Python\Python311\Lib\site-packages\lightgbm\basic.py", line 3097, in set_label
    self.set_field("label", label_array)
  File "c:\Users\laboratorio\AppData\Local\Programs\Python\Python311\Lib\site-packages\lightgbm\basic.py", line 2860, in set_field
    _LIB.LGBM_DatasetSetField(
OSError: exception: access violation reading 0x0000000000000000


2026-09-16 21:23:53,090:INFO:Initializing Dummy Classifier
2026-09-16 21:23:53,090:INFO:Total runtime is 0.18940649429957074 minutes
2026-09-16 21:23:53,092:INFO:SubProcess create_model() called ==================================
2026-09-16 21:23:53,092:INFO:Initializing create_model()
2026-09-16 21:23:53,092:INFO:create_model(self=<pycaret.classification.oop.ClassificationExperiment object at 0x000002E542BA4390>, estimator=dummy, fold=StratifiedKFold(n_splits=10, random_state=None, shuffle=False), round=4, cross_validation=True, predict=True, fit_kwargs={}, groups=None, refit=False, probability_threshold=None, experiment_custom_tags=None, verbose=False, system=False, add_to_model_list=True, metrics=None, display=<pycaret.internal.display.display.CommonDisplay object at 0x000002E544D810D0>, model_only=True, return_train_score=False, error_score=0.0, kwargs={})
2026-09-16 21:23:53,092:INFO:Checking exceptions
2026-09-16 21:23:53,093:INFO:Importing libraries
2026-09-16 21:23:53,093:INFO:Copying training dataset
2026-09-16 21:23:53,097:INFO:Defining folds
2026-09-16 21:23:53,098:INFO:Declaring metric variables
2026-09-16 21:23:53,100:INFO:Importing untrained model
2026-09-16 21:23:53,103:INFO:Dummy Classifier Imported successfully
2026-09-16 21:23:53,106:INFO:Starting cross validation
2026-09-16 21:23:53,109:INFO:Cross validating with StratifiedKFold(n_splits=10, random_state=None, shuffle=False), n_jobs=-1
2026-09-16 21:23:53,382:WARNING:c:\Users\laboratorio\AppData\Local\Programs\Python\Python311\Lib\site-packages\sklearn\metrics\_classification.py:1561: UserWarning: Note that pos_label (set to 'Yes') is ignored when average != 'binary' (got 'weighted'). You may use labels=[pos_label] to specify a single positive class.
  warnings.warn(

2026-09-16 21:23:53,385:WARNING:c:\Users\laboratorio\AppData\Local\Programs\Python\Python311\Lib\site-packages\sklearn\metrics\_classification.py:1561: UserWarning: Note that pos_label (set to 'Yes') is ignored when average != 'binary' (got 'weighted'). You may use labels=[pos_label] to specify a single positive class.
  warnings.warn(

2026-09-16 21:23:53,386:WARNING:c:\Users\laboratorio\AppData\Local\Programs\Python\Python311\Lib\site-packages\sklearn\metrics\_classification.py:1509: UndefinedMetricWarning: Precision is ill-defined and being set to 0.0 in labels with no predicted samples. Use `zero_division` parameter to control this behavior.
  _warn_prf(average, modifier, f"{metric.capitalize()} is", len(result))

2026-09-16 21:23:53,386:WARNING:c:\Users\laboratorio\AppData\Local\Programs\Python\Python311\Lib\site-packages\sklearn\metrics\_classification.py:1561: UserWarning: Note that pos_label (set to 'Yes') is ignored when average != 'binary' (got 'weighted'). You may use labels=[pos_label] to specify a single positive class.
  warnings.warn(

2026-09-16 21:23:53,386:WARNING:c:\Users\laboratorio\AppData\Local\Programs\Python\Python311\Lib\site-packages\sklearn\metrics\_classification.py:1561: UserWarning: Note that pos_label (set to 'Yes') is ignored when average != 'binary' (got 'weighted'). You may use labels=[pos_label] to specify a single positive class.
  warnings.warn(

2026-09-16 21:23:53,386:WARNING:c:\Users\laboratorio\AppData\Local\Programs\Python\Python311\Lib\site-packages\sklearn\metrics\_classification.py:1561: UserWarning: Note that pos_label (set to 'Yes') is ignored when average != 'binary' (got 'weighted'). You may use labels=[pos_label] to specify a single positive class.
  warnings.warn(

2026-09-16 21:23:53,386:WARNING:c:\Users\laboratorio\AppData\Local\Programs\Python\Python311\Lib\site-packages\sklearn\metrics\_classification.py:1561: UserWarning: Note that pos_label (set to 'Yes') is ignored when average != 'binary' (got 'weighted'). You may use labels=[pos_label] to specify a single positive class.
  warnings.warn(

2026-09-16 21:23:53,386:WARNING:c:\Users\laboratorio\AppData\Local\Programs\Python\Python311\Lib\site-packages\sklearn\metrics\_classification.py:1509: UndefinedMetricWarning: Precision is ill-defined and being set to 0.0 in labels with no predicted samples. Use `zero_division` parameter to control this behavior.
  _warn_prf(average, modifier, f"{metric.capitalize()} is", len(result))

2026-09-16 21:23:53,393:WARNING:c:\Users\laboratorio\AppData\Local\Programs\Python\Python311\Lib\site-packages\sklearn\metrics\_classification.py:1561: UserWarning: Note that pos_label (set to 'Yes') is ignored when average != 'binary' (got 'weighted'). You may use labels=[pos_label] to specify a single positive class.
  warnings.warn(

2026-09-16 21:23:53,393:WARNING:c:\Users\laboratorio\AppData\Local\Programs\Python\Python311\Lib\site-packages\sklearn\metrics\_classification.py:1561: UserWarning: Note that pos_label (set to 'Yes') is ignored when average != 'binary' (got 'weighted'). You may use labels=[pos_label] to specify a single positive class.
  warnings.warn(

2026-09-16 21:23:53,393:WARNING:c:\Users\laboratorio\AppData\Local\Programs\Python\Python311\Lib\site-packages\sklearn\metrics\_classification.py:1509: UndefinedMetricWarning: Precision is ill-defined and being set to 0.0 in labels with no predicted samples. Use `zero_division` parameter to control this behavior.
  _warn_prf(average, modifier, f"{metric.capitalize()} is", len(result))

2026-09-16 21:23:53,396:WARNING:c:\Users\laboratorio\AppData\Local\Programs\Python\Python311\Lib\site-packages\sklearn\metrics\_classification.py:1561: UserWarning: Note that pos_label (set to 'Yes') is ignored when average != 'binary' (got 'weighted'). You may use labels=[pos_label] to specify a single positive class.
  warnings.warn(

2026-09-16 21:23:53,404:WARNING:c:\Users\laboratorio\AppData\Local\Programs\Python\Python311\Lib\site-packages\sklearn\metrics\_classification.py:1561: UserWarning: Note that pos_label (set to 'Yes') is ignored when average != 'binary' (got 'weighted'). You may use labels=[pos_label] to specify a single positive class.
  warnings.warn(

2026-09-16 21:23:53,404:WARNING:c:\Users\laboratorio\AppData\Local\Programs\Python\Python311\Lib\site-packages\sklearn\metrics\_classification.py:1561: UserWarning: Note that pos_label (set to 'Yes') is ignored when average != 'binary' (got 'weighted'). You may use labels=[pos_label] to specify a single positive class.
  warnings.warn(

2026-09-16 21:23:53,404:WARNING:c:\Users\laboratorio\AppData\Local\Programs\Python\Python311\Lib\site-packages\sklearn\metrics\_classification.py:1509: UndefinedMetricWarning: Precision is ill-defined and being set to 0.0 in labels with no predicted samples. Use `zero_division` parameter to control this behavior.
  _warn_prf(average, modifier, f"{metric.capitalize()} is", len(result))

2026-09-16 21:23:53,404:WARNING:c:\Users\laboratorio\AppData\Local\Programs\Python\Python311\Lib\site-packages\sklearn\metrics\_classification.py:1561: UserWarning: Note that pos_label (set to 'Yes') is ignored when average != 'binary' (got 'weighted'). You may use labels=[pos_label] to specify a single positive class.
  warnings.warn(

2026-09-16 21:23:53,414:WARNING:c:\Users\laboratorio\AppData\Local\Programs\Python\Python311\Lib\site-packages\sklearn\metrics\_classification.py:1561: UserWarning: Note that pos_label (set to 'Yes') is ignored when average != 'binary' (got 'weighted'). You may use labels=[pos_label] to specify a single positive class.
  warnings.warn(

2026-09-16 21:23:53,417:WARNING:c:\Users\laboratorio\AppData\Local\Programs\Python\Python311\Lib\site-packages\sklearn\metrics\_classification.py:1561: UserWarning: Note that pos_label (set to 'Yes') is ignored when average != 'binary' (got 'weighted'). You may use labels=[pos_label] to specify a single positive class.
  warnings.warn(

2026-09-16 21:23:53,418:WARNING:c:\Users\laboratorio\AppData\Local\Programs\Python\Python311\Lib\site-packages\sklearn\metrics\_classification.py:1561: UserWarning: Note that pos_label (set to 'Yes') is ignored when average != 'binary' (got 'weighted'). You may use labels=[pos_label] to specify a single positive class.
  warnings.warn(

2026-09-16 21:23:53,418:WARNING:c:\Users\laboratorio\AppData\Local\Programs\Python\Python311\Lib\site-packages\sklearn\metrics\_classification.py:1509: UndefinedMetricWarning: Precision is ill-defined and being set to 0.0 in labels with no predicted samples. Use `zero_division` parameter to control this behavior.
  _warn_prf(average, modifier, f"{metric.capitalize()} is", len(result))

2026-09-16 21:23:53,419:WARNING:c:\Users\laboratorio\AppData\Local\Programs\Python\Python311\Lib\site-packages\sklearn\metrics\_classification.py:1561: UserWarning: Note that pos_label (set to 'Yes') is ignored when average != 'binary' (got 'weighted'). You may use labels=[pos_label] to specify a single positive class.
  warnings.warn(

2026-09-16 21:23:53,420:WARNING:c:\Users\laboratorio\AppData\Local\Programs\Python\Python311\Lib\site-packages\sklearn\metrics\_classification.py:1561: UserWarning: Note that pos_label (set to 'Yes') is ignored when average != 'binary' (got 'weighted'). You may use labels=[pos_label] to specify a single positive class.
  warnings.warn(

2026-09-16 21:23:53,420:WARNING:c:\Users\laboratorio\AppData\Local\Programs\Python\Python311\Lib\site-packages\sklearn\metrics\_classification.py:1561: UserWarning: Note that pos_label (set to 'Yes') is ignored when average != 'binary' (got 'weighted'). You may use labels=[pos_label] to specify a single positive class.
  warnings.warn(

2026-09-16 21:23:53,420:WARNING:c:\Users\laboratorio\AppData\Local\Programs\Python\Python311\Lib\site-packages\sklearn\metrics\_classification.py:1561: UserWarning: Note that pos_label (set to 'Yes') is ignored when average != 'binary' (got 'weighted'). You may use labels=[pos_label] to specify a single positive class.
  warnings.warn(

2026-09-16 21:23:53,420:WARNING:c:\Users\laboratorio\AppData\Local\Programs\Python\Python311\Lib\site-packages\sklearn\metrics\_classification.py:1509: UndefinedMetricWarning: Precision is ill-defined and being set to 0.0 in labels with no predicted samples. Use `zero_division` parameter to control this behavior.
  _warn_prf(average, modifier, f"{metric.capitalize()} is", len(result))

2026-09-16 21:23:53,420:WARNING:c:\Users\laboratorio\AppData\Local\Programs\Python\Python311\Lib\site-packages\sklearn\metrics\_classification.py:1509: UndefinedMetricWarning: Precision is ill-defined and being set to 0.0 in labels with no predicted samples. Use `zero_division` parameter to control this behavior.
  _warn_prf(average, modifier, f"{metric.capitalize()} is", len(result))

2026-09-16 21:23:53,420:WARNING:c:\Users\laboratorio\AppData\Local\Programs\Python\Python311\Lib\site-packages\sklearn\metrics\_classification.py:1561: UserWarning: Note that pos_label (set to 'Yes') is ignored when average != 'binary' (got 'weighted'). You may use labels=[pos_label] to specify a single positive class.
  warnings.warn(

2026-09-16 21:23:53,425:WARNING:c:\Users\laboratorio\AppData\Local\Programs\Python\Python311\Lib\site-packages\sklearn\metrics\_classification.py:1561: UserWarning: Note that pos_label (set to 'Yes') is ignored when average != 'binary' (got 'weighted'). You may use labels=[pos_label] to specify a single positive class.
  warnings.warn(

2026-09-16 21:23:53,435:WARNING:c:\Users\laboratorio\AppData\Local\Programs\Python\Python311\Lib\site-packages\sklearn\metrics\_classification.py:1561: UserWarning: Note that pos_label (set to 'Yes') is ignored when average != 'binary' (got 'weighted'). You may use labels=[pos_label] to specify a single positive class.
  warnings.warn(

2026-09-16 21:23:53,435:WARNING:c:\Users\laboratorio\AppData\Local\Programs\Python\Python311\Lib\site-packages\sklearn\metrics\_classification.py:1561: UserWarning: Note that pos_label (set to 'Yes') is ignored when average != 'binary' (got 'weighted'). You may use labels=[pos_label] to specify a single positive class.
  warnings.warn(

2026-09-16 21:23:53,435:WARNING:c:\Users\laboratorio\AppData\Local\Programs\Python\Python311\Lib\site-packages\sklearn\metrics\_classification.py:1561: UserWarning: Note that pos_label (set to 'Yes') is ignored when average != 'binary' (got 'weighted'). You may use labels=[pos_label] to specify a single positive class.
  warnings.warn(

2026-09-16 21:23:53,435:WARNING:c:\Users\laboratorio\AppData\Local\Programs\Python\Python311\Lib\site-packages\sklearn\metrics\_classification.py:1561: UserWarning: Note that pos_label (set to 'Yes') is ignored when average != 'binary' (got 'weighted'). You may use labels=[pos_label] to specify a single positive class.
  warnings.warn(

2026-09-16 21:23:53,435:WARNING:c:\Users\laboratorio\AppData\Local\Programs\Python\Python311\Lib\site-packages\sklearn\metrics\_classification.py:1509: UndefinedMetricWarning: Precision is ill-defined and being set to 0.0 in labels with no predicted samples. Use `zero_division` parameter to control this behavior.
  _warn_prf(average, modifier, f"{metric.capitalize()} is", len(result))

2026-09-16 21:23:53,435:WARNING:c:\Users\laboratorio\AppData\Local\Programs\Python\Python311\Lib\site-packages\sklearn\metrics\_classification.py:1509: UndefinedMetricWarning: Precision is ill-defined and being set to 0.0 in labels with no predicted samples. Use `zero_division` parameter to control this behavior.
  _warn_prf(average, modifier, f"{metric.capitalize()} is", len(result))

2026-09-16 21:23:53,445:WARNING:c:\Users\laboratorio\AppData\Local\Programs\Python\Python311\Lib\site-packages\sklearn\metrics\_classification.py:1561: UserWarning: Note that pos_label (set to 'Yes') is ignored when average != 'binary' (got 'weighted'). You may use labels=[pos_label] to specify a single positive class.
  warnings.warn(

2026-09-16 21:23:53,445:WARNING:c:\Users\laboratorio\AppData\Local\Programs\Python\Python311\Lib\site-packages\sklearn\metrics\_classification.py:1561: UserWarning: Note that pos_label (set to 'Yes') is ignored when average != 'binary' (got 'weighted'). You may use labels=[pos_label] to specify a single positive class.
  warnings.warn(

2026-09-16 21:23:53,456:WARNING:c:\Users\laboratorio\AppData\Local\Programs\Python\Python311\Lib\site-packages\sklearn\metrics\_classification.py:1561: UserWarning: Note that pos_label (set to 'Yes') is ignored when average != 'binary' (got 'weighted'). You may use labels=[pos_label] to specify a single positive class.
  warnings.warn(

2026-09-16 21:23:53,462:WARNING:c:\Users\laboratorio\AppData\Local\Programs\Python\Python311\Lib\site-packages\sklearn\metrics\_classification.py:1561: UserWarning: Note that pos_label (set to 'Yes') is ignored when average != 'binary' (got 'weighted'). You may use labels=[pos_label] to specify a single positive class.
  warnings.warn(

2026-09-16 21:23:53,463:WARNING:c:\Users\laboratorio\AppData\Local\Programs\Python\Python311\Lib\site-packages\sklearn\metrics\_classification.py:1509: UndefinedMetricWarning: Precision is ill-defined and being set to 0.0 in labels with no predicted samples. Use `zero_division` parameter to control this behavior.
  _warn_prf(average, modifier, f"{metric.capitalize()} is", len(result))

2026-09-16 21:23:53,464:WARNING:c:\Users\laboratorio\AppData\Local\Programs\Python\Python311\Lib\site-packages\sklearn\metrics\_classification.py:1561: UserWarning: Note that pos_label (set to 'Yes') is ignored when average != 'binary' (got 'weighted'). You may use labels=[pos_label] to specify a single positive class.
  warnings.warn(

2026-09-16 21:23:53,477:INFO:Calculating mean and std
2026-09-16 21:23:53,477:INFO:Creating metrics dataframe
2026-09-16 21:23:53,478:INFO:Uploading results into container
2026-09-16 21:23:53,479:INFO:Uploading model into container now
2026-09-16 21:23:53,479:INFO:_master_model_container: 13
2026-09-16 21:23:53,479:INFO:_display_container: 2
2026-09-16 21:23:53,479:INFO:DummyClassifier(constant=None, random_state=123, strategy='prior')
2026-09-16 21:23:53,479:INFO:create_model() successfully completed......................................
2026-09-16 21:23:53,533:INFO:SubProcess create_model() end ==================================
2026-09-16 21:23:53,533:INFO:Creating metrics dataframe
2026-09-16 21:23:53,535:WARNING:c:\Users\laboratorio\AppData\Local\Programs\Python\Python311\Lib\site-packages\pycaret\internal\pycaret_experiment\supervised_experiment.py:339: FutureWarning: Styler.applymap has been deprecated. Use Styler.map instead.
  .applymap(highlight_cols, subset=["TT (Sec)"])

2026-09-16 21:23:53,535:INFO:Initializing create_model()
2026-09-16 21:23:53,535:INFO:create_model(self=<pycaret.classification.oop.ClassificationExperiment object at 0x000002E542BA4390>, estimator=KNeighborsClassifier(algorithm='auto', leaf_size=30, metric='minkowski',
                     metric_params=None, n_jobs=-1, n_neighbors=5, p=2,
                     weights='uniform'), fold=StratifiedKFold(n_splits=10, random_state=None, shuffle=False), round=4, cross_validation=False, predict=False, fit_kwargs={}, groups=None, refit=True, probability_threshold=None, experiment_custom_tags=None, verbose=False, system=False, add_to_model_list=True, metrics=None, display=None, model_only=True, return_train_score=False, error_score=0.0, kwargs={})
2026-09-16 21:23:53,535:INFO:Checking exceptions
2026-09-16 21:23:53,535:INFO:Importing libraries
2026-09-16 21:23:53,535:INFO:Copying training dataset
2026-09-16 21:23:53,546:INFO:Defining folds
2026-09-16 21:23:53,546:INFO:Declaring metric variables
2026-09-16 21:23:53,546:INFO:Importing untrained model
2026-09-16 21:23:53,546:INFO:Declaring custom model
2026-09-16 21:23:53,546:INFO:K Neighbors Classifier Imported successfully
2026-09-16 21:23:53,548:INFO:Cross validation set to False
2026-09-16 21:23:53,548:INFO:Fitting Model
2026-09-16 21:23:53,668:INFO:KNeighborsClassifier(algorithm='auto', leaf_size=30, metric='minkowski',
                     metric_params=None, n_jobs=-1, n_neighbors=5, p=2,
                     weights='uniform')
2026-09-16 21:23:53,668:INFO:create_model() successfully completed......................................
2026-09-16 21:23:53,735:INFO:_master_model_container: 13
2026-09-16 21:23:53,735:INFO:_display_container: 2
2026-09-16 21:23:53,735:INFO:KNeighborsClassifier(algorithm='auto', leaf_size=30, metric='minkowski',
                     metric_params=None, n_jobs=-1, n_neighbors=5, p=2,
                     weights='uniform')
2026-09-16 21:23:53,735:INFO:compare_models() successfully completed......................................
2026-09-16 21:23:58,665:INFO:Initializing create_model()
2026-09-16 21:23:58,665:INFO:create_model(self=<pycaret.classification.oop.ClassificationExperiment object at 0x000002E542BA4390>, estimator=KNeighborsClassifier(algorithm='auto', leaf_size=30, metric='minkowski',
                     metric_params=None, n_jobs=-1, n_neighbors=5, p=2,
                     weights='uniform'), fold=None, round=4, cross_validation=True, predict=True, fit_kwargs=None, groups=None, refit=True, probability_threshold=None, experiment_custom_tags=None, verbose=True, system=True, add_to_model_list=True, metrics=None, display=None, model_only=True, return_train_score=False, error_score=0.0, kwargs={})
2026-09-16 21:23:58,665:INFO:Checking exceptions
2026-09-16 21:23:58,675:INFO:Importing libraries
2026-09-16 21:23:58,675:INFO:Copying training dataset
2026-09-16 21:23:58,678:INFO:Defining folds
2026-09-16 21:23:58,678:INFO:Declaring metric variables
2026-09-16 21:23:58,680:INFO:Importing untrained model
2026-09-16 21:23:58,680:INFO:Declaring custom model
2026-09-16 21:23:58,682:INFO:K Neighbors Classifier Imported successfully
2026-09-16 21:23:58,686:INFO:Starting cross validation
2026-09-16 21:23:58,688:INFO:Cross validating with StratifiedKFold(n_splits=10, random_state=None, shuffle=False), n_jobs=-1
2026-09-16 21:23:59,029:WARNING:c:\Users\laboratorio\AppData\Local\Programs\Python\Python311\Lib\site-packages\sklearn\metrics\_classification.py:1561: UserWarning: Note that pos_label (set to 'Yes') is ignored when average != 'binary' (got 'weighted'). You may use labels=[pos_label] to specify a single positive class.
  warnings.warn(

2026-09-16 21:23:59,032:WARNING:c:\Users\laboratorio\AppData\Local\Programs\Python\Python311\Lib\site-packages\sklearn\metrics\_classification.py:1561: UserWarning: Note that pos_label (set to 'Yes') is ignored when average != 'binary' (got 'weighted'). You may use labels=[pos_label] to specify a single positive class.
  warnings.warn(

2026-09-16 21:23:59,038:WARNING:c:\Users\laboratorio\AppData\Local\Programs\Python\Python311\Lib\site-packages\sklearn\metrics\_classification.py:1561: UserWarning: Note that pos_label (set to 'Yes') is ignored when average != 'binary' (got 'weighted'). You may use labels=[pos_label] to specify a single positive class.
  warnings.warn(

2026-09-16 21:23:59,038:WARNING:c:\Users\laboratorio\AppData\Local\Programs\Python\Python311\Lib\site-packages\sklearn\metrics\_classification.py:1561: UserWarning: Note that pos_label (set to 'Yes') is ignored when average != 'binary' (got 'weighted'). You may use labels=[pos_label] to specify a single positive class.
  warnings.warn(

2026-09-16 21:23:59,039:WARNING:c:\Users\laboratorio\AppData\Local\Programs\Python\Python311\Lib\site-packages\sklearn\metrics\_classification.py:1561: UserWarning: Note that pos_label (set to 'Yes') is ignored when average != 'binary' (got 'weighted'). You may use labels=[pos_label] to specify a single positive class.
  warnings.warn(

2026-09-16 21:23:59,039:WARNING:c:\Users\laboratorio\AppData\Local\Programs\Python\Python311\Lib\site-packages\sklearn\metrics\_classification.py:1561: UserWarning: Note that pos_label (set to 'Yes') is ignored when average != 'binary' (got 'weighted'). You may use labels=[pos_label] to specify a single positive class.
  warnings.warn(

2026-09-16 21:23:59,041:WARNING:c:\Users\laboratorio\AppData\Local\Programs\Python\Python311\Lib\site-packages\sklearn\metrics\_classification.py:1561: UserWarning: Note that pos_label (set to 'Yes') is ignored when average != 'binary' (got 'weighted'). You may use labels=[pos_label] to specify a single positive class.
  warnings.warn(

2026-09-16 21:23:59,043:WARNING:c:\Users\laboratorio\AppData\Local\Programs\Python\Python311\Lib\site-packages\sklearn\metrics\_classification.py:1561: UserWarning: Note that pos_label (set to 'Yes') is ignored when average != 'binary' (got 'weighted'). You may use labels=[pos_label] to specify a single positive class.
  warnings.warn(

2026-09-16 21:23:59,045:WARNING:c:\Users\laboratorio\AppData\Local\Programs\Python\Python311\Lib\site-packages\sklearn\metrics\_classification.py:1561: UserWarning: Note that pos_label (set to 'Yes') is ignored when average != 'binary' (got 'weighted'). You may use labels=[pos_label] to specify a single positive class.
  warnings.warn(

2026-09-16 21:23:59,050:WARNING:c:\Users\laboratorio\AppData\Local\Programs\Python\Python311\Lib\site-packages\sklearn\metrics\_classification.py:1561: UserWarning: Note that pos_label (set to 'Yes') is ignored when average != 'binary' (got 'weighted'). You may use labels=[pos_label] to specify a single positive class.
  warnings.warn(

2026-09-16 21:23:59,054:WARNING:c:\Users\laboratorio\AppData\Local\Programs\Python\Python311\Lib\site-packages\sklearn\metrics\_classification.py:1561: UserWarning: Note that pos_label (set to 'Yes') is ignored when average != 'binary' (got 'weighted'). You may use labels=[pos_label] to specify a single positive class.
  warnings.warn(

2026-09-16 21:23:59,056:WARNING:c:\Users\laboratorio\AppData\Local\Programs\Python\Python311\Lib\site-packages\sklearn\metrics\_classification.py:1561: UserWarning: Note that pos_label (set to 'Yes') is ignored when average != 'binary' (got 'weighted'). You may use labels=[pos_label] to specify a single positive class.
  warnings.warn(

2026-09-16 21:23:59,062:WARNING:c:\Users\laboratorio\AppData\Local\Programs\Python\Python311\Lib\site-packages\sklearn\metrics\_classification.py:1561: UserWarning: Note that pos_label (set to 'Yes') is ignored when average != 'binary' (got 'weighted'). You may use labels=[pos_label] to specify a single positive class.
  warnings.warn(

2026-09-16 21:23:59,063:WARNING:c:\Users\laboratorio\AppData\Local\Programs\Python\Python311\Lib\site-packages\sklearn\metrics\_classification.py:1561: UserWarning: Note that pos_label (set to 'Yes') is ignored when average != 'binary' (got 'weighted'). You may use labels=[pos_label] to specify a single positive class.
  warnings.warn(

2026-09-16 21:23:59,068:WARNING:c:\Users\laboratorio\AppData\Local\Programs\Python\Python311\Lib\site-packages\sklearn\metrics\_classification.py:1561: UserWarning: Note that pos_label (set to 'Yes') is ignored when average != 'binary' (got 'weighted'). You may use labels=[pos_label] to specify a single positive class.
  warnings.warn(

2026-09-16 21:23:59,068:WARNING:c:\Users\laboratorio\AppData\Local\Programs\Python\Python311\Lib\site-packages\sklearn\metrics\_classification.py:1561: UserWarning: Note that pos_label (set to 'Yes') is ignored when average != 'binary' (got 'weighted'). You may use labels=[pos_label] to specify a single positive class.
  warnings.warn(

2026-09-16 21:23:59,070:WARNING:c:\Users\laboratorio\AppData\Local\Programs\Python\Python311\Lib\site-packages\sklearn\metrics\_classification.py:1561: UserWarning: Note that pos_label (set to 'Yes') is ignored when average != 'binary' (got 'weighted'). You may use labels=[pos_label] to specify a single positive class.
  warnings.warn(

2026-09-16 21:23:59,072:WARNING:c:\Users\laboratorio\AppData\Local\Programs\Python\Python311\Lib\site-packages\sklearn\metrics\_classification.py:1561: UserWarning: Note that pos_label (set to 'Yes') is ignored when average != 'binary' (got 'weighted'). You may use labels=[pos_label] to specify a single positive class.
  warnings.warn(

2026-09-16 21:23:59,079:WARNING:c:\Users\laboratorio\AppData\Local\Programs\Python\Python311\Lib\site-packages\sklearn\metrics\_classification.py:1561: UserWarning: Note that pos_label (set to 'Yes') is ignored when average != 'binary' (got 'weighted'). You may use labels=[pos_label] to specify a single positive class.
  warnings.warn(

2026-09-16 21:23:59,080:WARNING:c:\Users\laboratorio\AppData\Local\Programs\Python\Python311\Lib\site-packages\sklearn\metrics\_classification.py:1561: UserWarning: Note that pos_label (set to 'Yes') is ignored when average != 'binary' (got 'weighted'). You may use labels=[pos_label] to specify a single positive class.
  warnings.warn(

2026-09-16 21:23:59,080:WARNING:c:\Users\laboratorio\AppData\Local\Programs\Python\Python311\Lib\site-packages\sklearn\metrics\_classification.py:1561: UserWarning: Note that pos_label (set to 'Yes') is ignored when average != 'binary' (got 'weighted'). You may use labels=[pos_label] to specify a single positive class.
  warnings.warn(

2026-09-16 21:23:59,080:WARNING:c:\Users\laboratorio\AppData\Local\Programs\Python\Python311\Lib\site-packages\sklearn\metrics\_classification.py:1561: UserWarning: Note that pos_label (set to 'Yes') is ignored when average != 'binary' (got 'weighted'). You may use labels=[pos_label] to specify a single positive class.
  warnings.warn(

2026-09-16 21:23:59,080:WARNING:c:\Users\laboratorio\AppData\Local\Programs\Python\Python311\Lib\site-packages\sklearn\metrics\_classification.py:1561: UserWarning: Note that pos_label (set to 'Yes') is ignored when average != 'binary' (got 'weighted'). You may use labels=[pos_label] to specify a single positive class.
  warnings.warn(

2026-09-16 21:23:59,080:WARNING:c:\Users\laboratorio\AppData\Local\Programs\Python\Python311\Lib\site-packages\sklearn\metrics\_classification.py:1561: UserWarning: Note that pos_label (set to 'Yes') is ignored when average != 'binary' (got 'weighted'). You may use labels=[pos_label] to specify a single positive class.
  warnings.warn(

2026-09-16 21:23:59,080:WARNING:c:\Users\laboratorio\AppData\Local\Programs\Python\Python311\Lib\site-packages\sklearn\metrics\_classification.py:1561: UserWarning: Note that pos_label (set to 'Yes') is ignored when average != 'binary' (got 'weighted'). You may use labels=[pos_label] to specify a single positive class.
  warnings.warn(

2026-09-16 21:23:59,080:WARNING:c:\Users\laboratorio\AppData\Local\Programs\Python\Python311\Lib\site-packages\sklearn\metrics\_classification.py:1561: UserWarning: Note that pos_label (set to 'Yes') is ignored when average != 'binary' (got 'weighted'). You may use labels=[pos_label] to specify a single positive class.
  warnings.warn(

2026-09-16 21:23:59,080:WARNING:c:\Users\laboratorio\AppData\Local\Programs\Python\Python311\Lib\site-packages\sklearn\metrics\_classification.py:1561: UserWarning: Note that pos_label (set to 'Yes') is ignored when average != 'binary' (got 'weighted'). You may use labels=[pos_label] to specify a single positive class.
  warnings.warn(

2026-09-16 21:23:59,095:WARNING:c:\Users\laboratorio\AppData\Local\Programs\Python\Python311\Lib\site-packages\sklearn\metrics\_classification.py:1561: UserWarning: Note that pos_label (set to 'Yes') is ignored when average != 'binary' (got 'weighted'). You may use labels=[pos_label] to specify a single positive class.
  warnings.warn(

2026-09-16 21:23:59,096:WARNING:c:\Users\laboratorio\AppData\Local\Programs\Python\Python311\Lib\site-packages\sklearn\metrics\_classification.py:1561: UserWarning: Note that pos_label (set to 'Yes') is ignored when average != 'binary' (got 'weighted'). You may use labels=[pos_label] to specify a single positive class.
  warnings.warn(

2026-09-16 21:23:59,101:WARNING:c:\Users\laboratorio\AppData\Local\Programs\Python\Python311\Lib\site-packages\sklearn\metrics\_classification.py:1561: UserWarning: Note that pos_label (set to 'Yes') is ignored when average != 'binary' (got 'weighted'). You may use labels=[pos_label] to specify a single positive class.
  warnings.warn(

2026-09-16 21:23:59,111:INFO:Calculating mean and std
2026-09-16 21:23:59,112:INFO:Creating metrics dataframe
2026-09-16 21:23:59,114:INFO:Finalizing model
2026-09-16 21:23:59,230:INFO:Uploading results into container
2026-09-16 21:23:59,243:INFO:Uploading model into container now
2026-09-16 21:23:59,246:INFO:_master_model_container: 14
2026-09-16 21:23:59,246:INFO:_display_container: 3
2026-09-16 21:23:59,246:INFO:KNeighborsClassifier(algorithm='auto', leaf_size=30, metric='minkowski',
                     metric_params=None, n_jobs=-1, n_neighbors=5, p=2,
                     weights='uniform')
2026-09-16 21:23:59,246:INFO:create_model() successfully completed......................................
2026-09-16 21:24:02,781:INFO:Initializing evaluate_model()
2026-09-16 21:24:02,781:INFO:evaluate_model(self=<pycaret.classification.oop.ClassificationExperiment object at 0x000002E542BA4390>, estimator=KNeighborsClassifier(algorithm='auto', leaf_size=30, metric='minkowski',
                     metric_params=None, n_jobs=-1, n_neighbors=5, p=2,
                     weights='uniform'), fold=None, fit_kwargs=None, plot_kwargs=None, feature_name=None, groups=None)
2026-09-16 21:24:02,791:INFO:Initializing plot_model()
2026-09-16 21:24:02,791:INFO:plot_model(self=<pycaret.classification.oop.ClassificationExperiment object at 0x000002E542BA4390>, estimator=KNeighborsClassifier(algorithm='auto', leaf_size=30, metric='minkowski',
                     metric_params=None, n_jobs=-1, n_neighbors=5, p=2,
                     weights='uniform'), plot=pipeline, scale=1, save=False, fold=StratifiedKFold(n_splits=10, random_state=None, shuffle=False), fit_kwargs={}, plot_kwargs=None, groups=None, feature_name=None, label=False, verbose=False, system=True, display=None, display_format=None)
2026-09-16 21:24:02,792:INFO:Checking exceptions
2026-09-16 21:24:02,795:INFO:Preloading libraries
2026-09-16 21:24:02,796:INFO:Copying training dataset
2026-09-16 21:24:02,796:INFO:Plot type: pipeline
2026-09-16 21:24:02,905:INFO:Visual Rendered Successfully
2026-09-16 21:24:02,958:INFO:plot_model() successfully completed......................................
2026-09-16 21:25:09,435:INFO:Initializing plot_model()
2026-09-16 21:25:09,435:INFO:plot_model(self=<pycaret.classification.oop.ClassificationExperiment object at 0x000002E542BA4390>, estimator=KNeighborsClassifier(algorithm='auto', leaf_size=30, metric='minkowski',
                     metric_params=None, n_jobs=-1, n_neighbors=5, p=2,
                     weights='uniform'), plot=auc, scale=1, save=False, fold=StratifiedKFold(n_splits=10, random_state=None, shuffle=False), fit_kwargs={}, plot_kwargs=None, groups=None, feature_name=None, label=False, verbose=False, system=True, display=None, display_format=None)
2026-09-16 21:25:09,435:INFO:Checking exceptions
2026-09-16 21:25:09,435:INFO:Preloading libraries
2026-09-16 21:25:09,435:INFO:Copying training dataset
2026-09-16 21:25:09,435:INFO:Plot type: auc
2026-09-16 21:25:09,765:INFO:Fitting Model
2026-09-16 21:25:09,768:WARNING:c:\Users\laboratorio\AppData\Local\Programs\Python\Python311\Lib\site-packages\sklearn\base.py:493: UserWarning: X does not have valid feature names, but KNeighborsClassifier was fitted with feature names
  warnings.warn(

2026-09-16 21:25:09,768:INFO:Scoring test/hold-out set
2026-09-16 21:25:09,771:WARNING:c:\Users\laboratorio\AppData\Local\Programs\Python\Python311\Lib\site-packages\joblib\externals\loky\backend\context.py:136: UserWarning: Could not find the number of physical cores for the following reason:
[WinError 2] O sistema não pode encontrar o arquivo especificado
Returning the number of logical cores instead. You can silence this warning by setting LOKY_MAX_CPU_COUNT to the number of cores you want to use.
  warnings.warn(

2026-09-16 21:25:09,772:WARNING:  File "c:\Users\laboratorio\AppData\Local\Programs\Python\Python311\Lib\site-packages\joblib\externals\loky\backend\context.py", line 257, in _count_physical_cores
2026-09-16 21:25:09,772:WARNING:    cpu_info = subprocess.run(
2026-09-16 21:25:09,772:WARNING:               ^^^^^^^^^^^^^^^
2026-09-16 21:25:09,772:WARNING:  File "c:\Users\laboratorio\AppData\Local\Programs\Python\Python311\Lib\subprocess.py", line 548, in run
2026-09-16 21:25:09,772:WARNING:    with Popen(*popenargs, **kwargs) as process:
2026-09-16 21:25:09,772:WARNING:         ^^^^^^^^^^^^^^^^^^^^^^^^^^^
2026-09-16 21:25:09,772:WARNING:  File "c:\Users\laboratorio\AppData\Local\Programs\Python\Python311\Lib\subprocess.py", line 1026, in __init__
2026-09-16 21:25:09,772:WARNING:    self._execute_child(args, executable, preexec_fn, close_fds,
2026-09-16 21:25:09,772:WARNING:  File "c:\Users\laboratorio\AppData\Local\Programs\Python\Python311\Lib\subprocess.py", line 1538, in _execute_child
2026-09-16 21:25:09,772:WARNING:    hp, ht, pid, tid = _winapi.CreateProcess(executable, args,
2026-09-16 21:25:09,772:WARNING:                       ^^^^^^^^^^^^^^^^^^^^^^^^^^^^^^^^^^^^^^^
2026-09-16 21:25:09,985:INFO:Visual Rendered Successfully
2026-09-16 21:25:10,048:INFO:plot_model() successfully completed......................................
2026-09-16 21:25:19,993:INFO:Initializing plot_model()
2026-09-16 21:25:19,993:INFO:plot_model(self=<pycaret.classification.oop.ClassificationExperiment object at 0x000002E542BA4390>, estimator=KNeighborsClassifier(algorithm='auto', leaf_size=30, metric='minkowski',
                     metric_params=None, n_jobs=-1, n_neighbors=5, p=2,
                     weights='uniform'), plot=feature, scale=1, save=False, fold=StratifiedKFold(n_splits=10, random_state=None, shuffle=False), fit_kwargs={}, plot_kwargs=None, groups=None, feature_name=None, label=False, verbose=False, system=True, display=None, display_format=None)
2026-09-16 21:25:19,993:INFO:Checking exceptions
2026-09-16 21:25:24,602:INFO:Initializing plot_model()
2026-09-16 21:25:24,602:INFO:plot_model(self=<pycaret.classification.oop.ClassificationExperiment object at 0x000002E542BA4390>, estimator=KNeighborsClassifier(algorithm='auto', leaf_size=30, metric='minkowski',
                     metric_params=None, n_jobs=-1, n_neighbors=5, p=2,
                     weights='uniform'), plot=feature_all, scale=1, save=False, fold=StratifiedKFold(n_splits=10, random_state=None, shuffle=False), fit_kwargs={}, plot_kwargs=None, groups=None, feature_name=None, label=False, verbose=False, system=True, display=None, display_format=None)
2026-09-16 21:25:24,602:INFO:Checking exceptions
2026-09-16 21:25:26,743:INFO:Initializing plot_model()
2026-09-16 21:25:26,743:INFO:plot_model(self=<pycaret.classification.oop.ClassificationExperiment object at 0x000002E542BA4390>, estimator=KNeighborsClassifier(algorithm='auto', leaf_size=30, metric='minkowski',
                     metric_params=None, n_jobs=-1, n_neighbors=5, p=2,
                     weights='uniform'), plot=boundary, scale=1, save=False, fold=StratifiedKFold(n_splits=10, random_state=None, shuffle=False), fit_kwargs={}, plot_kwargs=None, groups=None, feature_name=None, label=False, verbose=False, system=True, display=None, display_format=None)
2026-09-16 21:25:26,743:INFO:Checking exceptions
2026-09-16 21:25:26,748:INFO:Preloading libraries
2026-09-16 21:25:26,748:INFO:Copying training dataset
2026-09-16 21:25:26,748:INFO:Plot type: boundary
2026-09-16 21:25:26,860:INFO:Fitting StandardScaler()
2026-09-16 21:25:26,860:INFO:Fitting PCA()
2026-09-16 21:25:27,011:INFO:Fitting Model
2026-09-16 21:25:29,632:INFO:Visual Rendered Successfully
2026-09-16 21:25:29,720:INFO:plot_model() successfully completed......................................
2026-09-16 21:25:29,726:INFO:Initializing plot_model()
2026-09-16 21:25:29,726:INFO:plot_model(self=<pycaret.classification.oop.ClassificationExperiment object at 0x000002E542BA4390>, estimator=KNeighborsClassifier(algorithm='auto', leaf_size=30, metric='minkowski',
                     metric_params=None, n_jobs=-1, n_neighbors=5, p=2,
                     weights='uniform'), plot=class_report, scale=1, save=False, fold=StratifiedKFold(n_splits=10, random_state=None, shuffle=False), fit_kwargs={}, plot_kwargs=None, groups=None, feature_name=None, label=False, verbose=False, system=True, display=None, display_format=None)
2026-09-16 21:25:29,726:INFO:Checking exceptions
2026-09-16 21:25:29,728:INFO:Preloading libraries
2026-09-16 21:25:29,729:INFO:Copying training dataset
2026-09-16 21:25:29,729:INFO:Plot type: class_report
2026-09-16 21:25:29,980:INFO:Fitting Model
2026-09-16 21:25:29,980:WARNING:c:\Users\laboratorio\AppData\Local\Programs\Python\Python311\Lib\site-packages\sklearn\base.py:493: UserWarning: X does not have valid feature names, but KNeighborsClassifier was fitted with feature names
  warnings.warn(

2026-09-16 21:25:29,980:INFO:Scoring test/hold-out set
2026-09-16 21:25:30,200:INFO:Visual Rendered Successfully
2026-09-16 21:25:30,248:INFO:plot_model() successfully completed......................................
2026-09-16 21:25:36,474:INFO:Initializing plot_model()
2026-09-16 21:25:36,474:INFO:plot_model(self=<pycaret.classification.oop.ClassificationExperiment object at 0x000002E542BA4390>, estimator=KNeighborsClassifier(algorithm='auto', leaf_size=30, metric='minkowski',
                     metric_params=None, n_jobs=-1, n_neighbors=5, p=2,
                     weights='uniform'), plot=feature_all, scale=1, save=False, fold=StratifiedKFold(n_splits=10, random_state=None, shuffle=False), fit_kwargs={}, plot_kwargs=None, groups=None, feature_name=None, label=False, verbose=False, system=True, display=None, display_format=None)
2026-09-16 21:25:36,474:INFO:Checking exceptions
2026-09-16 21:25:37,666:INFO:Initializing plot_model()
2026-09-16 21:25:37,666:INFO:plot_model(self=<pycaret.classification.oop.ClassificationExperiment object at 0x000002E542BA4390>, estimator=KNeighborsClassifier(algorithm='auto', leaf_size=30, metric='minkowski',
                     metric_params=None, n_jobs=-1, n_neighbors=5, p=2,
                     weights='uniform'), plot=boundary, scale=1, save=False, fold=StratifiedKFold(n_splits=10, random_state=None, shuffle=False), fit_kwargs={}, plot_kwargs=None, groups=None, feature_name=None, label=False, verbose=False, system=True, display=None, display_format=None)
2026-09-16 21:25:37,666:INFO:Checking exceptions
2026-09-16 21:25:37,668:INFO:Preloading libraries
2026-09-16 21:25:37,669:INFO:Copying training dataset
2026-09-16 21:25:37,669:INFO:Plot type: boundary
2026-09-16 21:25:37,788:INFO:Fitting StandardScaler()
2026-09-16 21:25:37,793:INFO:Fitting PCA()
2026-09-16 21:25:37,932:INFO:Fitting Model
2026-09-16 21:25:40,461:INFO:Visual Rendered Successfully
2026-09-16 21:25:40,541:INFO:plot_model() successfully completed......................................
2026-09-16 21:25:43,914:INFO:Initializing plot_model()
2026-09-16 21:25:43,914:INFO:plot_model(self=<pycaret.classification.oop.ClassificationExperiment object at 0x000002E542BA4390>, estimator=KNeighborsClassifier(algorithm='auto', leaf_size=30, metric='minkowski',
                     metric_params=None, n_jobs=-1, n_neighbors=5, p=2,
                     weights='uniform'), plot=lift, scale=1, save=False, fold=StratifiedKFold(n_splits=10, random_state=None, shuffle=False), fit_kwargs={}, plot_kwargs=None, groups=None, feature_name=None, label=False, verbose=False, system=True, display=None, display_format=None)
2026-09-16 21:25:43,914:INFO:Checking exceptions
2026-09-16 21:25:43,916:INFO:Preloading libraries
2026-09-16 21:25:43,917:INFO:Copying training dataset
2026-09-16 21:25:43,917:INFO:Plot type: lift
2026-09-16 21:25:43,917:INFO:Generating predictions / predict_proba on X_test
2026-09-16 21:25:44,210:INFO:Visual Rendered Successfully
2026-09-16 21:25:44,271:INFO:plot_model() successfully completed......................................
2026-09-16 21:25:47,346:INFO:Initializing plot_model()
2026-09-16 21:25:47,346:INFO:plot_model(self=<pycaret.classification.oop.ClassificationExperiment object at 0x000002E542BA4390>, estimator=KNeighborsClassifier(algorithm='auto', leaf_size=30, metric='minkowski',
                     metric_params=None, n_jobs=-1, n_neighbors=5, p=2,
                     weights='uniform'), plot=rfe, scale=1, save=False, fold=StratifiedKFold(n_splits=10, random_state=None, shuffle=False), fit_kwargs={}, plot_kwargs=None, groups=None, feature_name=None, label=False, verbose=False, system=True, display=None, display_format=None)
2026-09-16 21:25:47,346:INFO:Checking exceptions
2026-09-16 21:25:50,257:INFO:Initializing plot_model()
2026-09-16 21:25:50,257:INFO:plot_model(self=<pycaret.classification.oop.ClassificationExperiment object at 0x000002E542BA4390>, estimator=KNeighborsClassifier(algorithm='auto', leaf_size=30, metric='minkowski',
                     metric_params=None, n_jobs=-1, n_neighbors=5, p=2,
                     weights='uniform'), plot=dimension, scale=1, save=False, fold=StratifiedKFold(n_splits=10, random_state=None, shuffle=False), fit_kwargs={}, plot_kwargs=None, groups=None, feature_name=None, label=False, verbose=False, system=True, display=None, display_format=None)
2026-09-16 21:25:50,257:INFO:Checking exceptions
2026-09-16 21:25:50,257:INFO:Preloading libraries
2026-09-16 21:25:50,257:INFO:Copying training dataset
2026-09-16 21:25:50,257:INFO:Plot type: dimension
2026-09-16 21:25:50,304:INFO:Fitting StandardScaler()
2026-09-16 21:25:50,329:INFO:Fitting PCA()
2026-09-16 21:25:50,594:INFO:Fitting & Transforming Model
2026-09-16 21:25:50,696:INFO:Visual Rendered Successfully
2026-09-16 21:25:50,758:INFO:plot_model() successfully completed......................................
2026-09-16 21:25:55,353:INFO:Initializing plot_model()
2026-09-16 21:25:55,353:INFO:plot_model(self=<pycaret.classification.oop.ClassificationExperiment object at 0x000002E542BA4390>, estimator=KNeighborsClassifier(algorithm='auto', leaf_size=30, metric='minkowski',
                     metric_params=None, n_jobs=-1, n_neighbors=5, p=2,
                     weights='uniform'), plot=calibration, scale=1, save=False, fold=StratifiedKFold(n_splits=10, random_state=None, shuffle=False), fit_kwargs={}, plot_kwargs=None, groups=None, feature_name=None, label=False, verbose=False, system=True, display=None, display_format=None)
2026-09-16 21:25:55,353:INFO:Checking exceptions
2026-09-16 21:25:55,353:INFO:Preloading libraries
2026-09-16 21:25:55,353:INFO:Copying training dataset
2026-09-16 21:25:55,353:INFO:Plot type: calibration
2026-09-16 21:25:55,353:INFO:Scoring test/hold-out set
2026-09-16 21:25:55,657:INFO:Visual Rendered Successfully
2026-09-16 21:25:55,715:INFO:plot_model() successfully completed......................................
2026-09-16 21:26:01,593:INFO:Initializing plot_model()
2026-09-16 21:26:01,593:INFO:plot_model(self=<pycaret.classification.oop.ClassificationExperiment object at 0x000002E542BA4390>, estimator=KNeighborsClassifier(algorithm='auto', leaf_size=30, metric='minkowski',
                     metric_params=None, n_jobs=-1, n_neighbors=5, p=2,
                     weights='uniform'), plot=manifold, scale=1, save=False, fold=StratifiedKFold(n_splits=10, random_state=None, shuffle=False), fit_kwargs={}, plot_kwargs=None, groups=None, feature_name=None, label=False, verbose=False, system=True, display=None, display_format=None)
2026-09-16 21:26:01,593:INFO:Checking exceptions
2026-09-16 21:26:01,597:INFO:Preloading libraries
2026-09-16 21:26:01,597:INFO:Copying training dataset
2026-09-16 21:26:01,597:INFO:Plot type: manifold
2026-09-16 21:26:01,829:INFO:Fitting & Transforming Model
2026-09-16 21:26:08,656:INFO:Visual Rendered Successfully
2026-09-16 21:26:08,733:INFO:plot_model() successfully completed......................................
2026-09-16 21:26:08,739:INFO:Initializing plot_model()
2026-09-16 21:26:08,739:INFO:plot_model(self=<pycaret.classification.oop.ClassificationExperiment object at 0x000002E542BA4390>, estimator=KNeighborsClassifier(algorithm='auto', leaf_size=30, metric='minkowski',
                     metric_params=None, n_jobs=-1, n_neighbors=5, p=2,
                     weights='uniform'), plot=parameter, scale=1, save=False, fold=StratifiedKFold(n_splits=10, random_state=None, shuffle=False), fit_kwargs={}, plot_kwargs=None, groups=None, feature_name=None, label=False, verbose=False, system=True, display=None, display_format=None)
2026-09-16 21:26:08,740:INFO:Checking exceptions
2026-09-16 21:26:08,741:INFO:Preloading libraries
2026-09-16 21:26:08,741:INFO:Copying training dataset
2026-09-16 21:26:08,741:INFO:Plot type: parameter
2026-09-16 21:26:08,743:INFO:Visual Rendered Successfully
2026-09-16 21:26:08,796:INFO:plot_model() successfully completed......................................
2026-09-16 21:26:10,809:INFO:Initializing plot_model()
2026-09-16 21:26:10,809:INFO:plot_model(self=<pycaret.classification.oop.ClassificationExperiment object at 0x000002E542BA4390>, estimator=KNeighborsClassifier(algorithm='auto', leaf_size=30, metric='minkowski',
                     metric_params=None, n_jobs=-1, n_neighbors=5, p=2,
                     weights='uniform'), plot=manifold, scale=1, save=False, fold=StratifiedKFold(n_splits=10, random_state=None, shuffle=False), fit_kwargs={}, plot_kwargs=None, groups=None, feature_name=None, label=False, verbose=False, system=True, display=None, display_format=None)
2026-09-16 21:26:10,809:INFO:Checking exceptions
2026-09-16 21:26:10,812:INFO:Preloading libraries
2026-09-16 21:26:10,813:INFO:Copying training dataset
2026-09-16 21:26:10,813:INFO:Plot type: manifold
2026-09-16 21:26:11,059:INFO:Fitting & Transforming Model
2026-09-16 21:26:17,708:INFO:Visual Rendered Successfully
2026-09-16 21:26:17,773:INFO:plot_model() successfully completed......................................
2026-09-16 21:26:27,928:INFO:Initializing plot_model()
2026-09-16 21:26:27,928:INFO:plot_model(self=<pycaret.classification.oop.ClassificationExperiment object at 0x000002E542BA4390>, estimator=KNeighborsClassifier(algorithm='auto', leaf_size=30, metric='minkowski',
                     metric_params=None, n_jobs=-1, n_neighbors=5, p=2,
                     weights='uniform'), plot=learning, scale=1, save=False, fold=StratifiedKFold(n_splits=10, random_state=None, shuffle=False), fit_kwargs={}, plot_kwargs=None, groups=None, feature_name=None, label=False, verbose=False, system=True, display=None, display_format=None)
2026-09-16 21:26:27,928:INFO:Checking exceptions
2026-09-16 21:26:27,931:INFO:Preloading libraries
2026-09-16 21:26:27,932:INFO:Copying training dataset
2026-09-16 21:26:27,932:INFO:Plot type: learning
2026-09-16 21:26:28,167:INFO:Fitting Model
2026-09-16 21:26:29,721:INFO:Visual Rendered Successfully
2026-09-16 21:26:29,805:INFO:plot_model() successfully completed......................................
2026-09-16 21:26:31,656:INFO:Initializing plot_model()
2026-09-16 21:26:31,656:INFO:plot_model(self=<pycaret.classification.oop.ClassificationExperiment object at 0x000002E542BA4390>, estimator=KNeighborsClassifier(algorithm='auto', leaf_size=30, metric='minkowski',
                     metric_params=None, n_jobs=-1, n_neighbors=5, p=2,
                     weights='uniform'), plot=pipeline, scale=1, save=False, fold=StratifiedKFold(n_splits=10, random_state=None, shuffle=False), fit_kwargs={}, plot_kwargs=None, groups=None, feature_name=None, label=False, verbose=False, system=True, display=None, display_format=None)
2026-09-16 21:26:31,656:INFO:Checking exceptions
2026-09-16 21:26:31,656:INFO:Preloading libraries
2026-09-16 21:26:31,656:INFO:Copying training dataset
2026-09-16 21:26:31,656:INFO:Plot type: pipeline
2026-09-16 21:26:31,711:INFO:Visual Rendered Successfully
2026-09-16 21:26:31,759:INFO:plot_model() successfully completed......................................
2026-09-16 21:26:35,497:INFO:Initializing plot_model()
2026-09-16 21:26:35,497:INFO:plot_model(self=<pycaret.classification.oop.ClassificationExperiment object at 0x000002E542BA4390>, estimator=KNeighborsClassifier(algorithm='auto', leaf_size=30, metric='minkowski',
                     metric_params=None, n_jobs=-1, n_neighbors=5, p=2,
                     weights='uniform'), plot=gain, scale=1, save=False, fold=StratifiedKFold(n_splits=10, random_state=None, shuffle=False), fit_kwargs={}, plot_kwargs=None, groups=None, feature_name=None, label=False, verbose=False, system=True, display=None, display_format=None)
2026-09-16 21:26:35,497:INFO:Checking exceptions
2026-09-16 21:26:35,500:INFO:Preloading libraries
2026-09-16 21:26:35,500:INFO:Copying training dataset
2026-09-16 21:26:35,500:INFO:Plot type: gain
2026-09-16 21:26:35,500:INFO:Generating predictions / predict_proba on X_test
2026-09-16 21:26:35,800:INFO:Visual Rendered Successfully
2026-09-16 21:26:35,868:INFO:plot_model() successfully completed......................................
2026-09-16 21:26:37,266:INFO:Initializing plot_model()
2026-09-16 21:26:37,266:INFO:plot_model(self=<pycaret.classification.oop.ClassificationExperiment object at 0x000002E542BA4390>, estimator=KNeighborsClassifier(algorithm='auto', leaf_size=30, metric='minkowski',
                     metric_params=None, n_jobs=-1, n_neighbors=5, p=2,
                     weights='uniform'), plot=tree, scale=1, save=False, fold=StratifiedKFold(n_splits=10, random_state=None, shuffle=False), fit_kwargs={}, plot_kwargs=None, groups=None, feature_name=None, label=False, verbose=False, system=True, display=None, display_format=None)
2026-09-16 21:26:37,267:INFO:Checking exceptions
2026-09-16 21:26:38,849:INFO:Initializing plot_model()
2026-09-16 21:26:38,849:INFO:plot_model(self=<pycaret.classification.oop.ClassificationExperiment object at 0x000002E542BA4390>, estimator=KNeighborsClassifier(algorithm='auto', leaf_size=30, metric='minkowski',
                     metric_params=None, n_jobs=-1, n_neighbors=5, p=2,
                     weights='uniform'), plot=ks, scale=1, save=False, fold=StratifiedKFold(n_splits=10, random_state=None, shuffle=False), fit_kwargs={}, plot_kwargs=None, groups=None, feature_name=None, label=False, verbose=False, system=True, display=None, display_format=None)
2026-09-16 21:26:38,849:INFO:Checking exceptions
2026-09-16 21:26:38,849:INFO:Preloading libraries
2026-09-16 21:26:38,849:INFO:Copying training dataset
2026-09-16 21:26:38,849:INFO:Plot type: ks
2026-09-16 21:26:38,849:INFO:Generating predictions / predict_proba on X_test
2026-09-16 21:26:39,029:INFO:Visual Rendered Successfully
2026-09-16 21:26:39,082:INFO:plot_model() successfully completed......................................
2026-09-16 21:26:40,963:INFO:Initializing plot_model()
2026-09-16 21:26:40,963:INFO:plot_model(self=<pycaret.classification.oop.ClassificationExperiment object at 0x000002E542BA4390>, estimator=KNeighborsClassifier(algorithm='auto', leaf_size=30, metric='minkowski',
                     metric_params=None, n_jobs=-1, n_neighbors=5, p=2,
                     weights='uniform'), plot=confusion_matrix, scale=1, save=False, fold=StratifiedKFold(n_splits=10, random_state=None, shuffle=False), fit_kwargs={}, plot_kwargs=None, groups=None, feature_name=None, label=False, verbose=False, system=True, display=None, display_format=None)
2026-09-16 21:26:40,963:INFO:Checking exceptions
2026-09-16 21:26:40,965:INFO:Preloading libraries
2026-09-16 21:26:40,966:INFO:Copying training dataset
2026-09-16 21:26:40,966:INFO:Plot type: confusion_matrix
2026-09-16 21:26:41,205:INFO:Fitting Model
2026-09-16 21:26:41,206:WARNING:c:\Users\laboratorio\AppData\Local\Programs\Python\Python311\Lib\site-packages\sklearn\base.py:493: UserWarning: X does not have valid feature names, but KNeighborsClassifier was fitted with feature names
  warnings.warn(

2026-09-16 21:26:41,206:INFO:Scoring test/hold-out set
2026-09-16 21:26:41,383:INFO:Visual Rendered Successfully
2026-09-16 21:26:41,435:INFO:plot_model() successfully completed......................................
2026-09-16 21:27:56,066:INFO:Initializing plot_model()
2026-09-16 21:27:56,066:INFO:plot_model(self=<pycaret.classification.oop.ClassificationExperiment object at 0x000002E542BA4390>, estimator=KNeighborsClassifier(algorithm='auto', leaf_size=30, metric='minkowski',
                     metric_params=None, n_jobs=-1, n_neighbors=5, p=2,
                     weights='uniform'), plot=auc, scale=1, save=False, fold=StratifiedKFold(n_splits=10, random_state=None, shuffle=False), fit_kwargs={}, plot_kwargs=None, groups=None, feature_name=None, label=False, verbose=False, system=True, display=None, display_format=None)
2026-09-16 21:27:56,066:INFO:Checking exceptions
2026-09-16 21:27:56,068:INFO:Preloading libraries
2026-09-16 21:27:56,069:INFO:Copying training dataset
2026-09-16 21:27:56,069:INFO:Plot type: auc
2026-09-16 21:27:56,300:INFO:Fitting Model
2026-09-16 21:27:56,300:WARNING:c:\Users\laboratorio\AppData\Local\Programs\Python\Python311\Lib\site-packages\sklearn\base.py:493: UserWarning: X does not have valid feature names, but KNeighborsClassifier was fitted with feature names
  warnings.warn(

2026-09-16 21:27:56,300:INFO:Scoring test/hold-out set
2026-09-16 21:27:56,482:INFO:Visual Rendered Successfully
2026-09-16 21:27:56,567:INFO:plot_model() successfully completed......................................
2026-09-16 21:28:01,042:INFO:Initializing plot_model()
2026-09-16 21:28:01,042:INFO:plot_model(self=<pycaret.classification.oop.ClassificationExperiment object at 0x000002E542BA4390>, estimator=KNeighborsClassifier(algorithm='auto', leaf_size=30, metric='minkowski',
                     metric_params=None, n_jobs=-1, n_neighbors=5, p=2,
                     weights='uniform'), plot=confusion_matrix, scale=1, save=False, fold=StratifiedKFold(n_splits=10, random_state=None, shuffle=False), fit_kwargs={}, plot_kwargs=None, groups=None, feature_name=None, label=False, verbose=False, system=True, display=None, display_format=None)
2026-09-16 21:28:01,042:INFO:Checking exceptions
2026-09-16 21:28:01,042:INFO:Preloading libraries
2026-09-16 21:28:01,042:INFO:Copying training dataset
2026-09-16 21:28:01,042:INFO:Plot type: confusion_matrix
2026-09-16 21:28:01,282:INFO:Fitting Model
2026-09-16 21:28:01,282:WARNING:c:\Users\laboratorio\AppData\Local\Programs\Python\Python311\Lib\site-packages\sklearn\base.py:493: UserWarning: X does not have valid feature names, but KNeighborsClassifier was fitted with feature names
  warnings.warn(

2026-09-16 21:28:01,282:INFO:Scoring test/hold-out set
2026-09-16 21:28:01,446:INFO:Visual Rendered Successfully
2026-09-16 21:28:01,489:INFO:plot_model() successfully completed......................................
2026-09-16 21:33:44,537:INFO:Initializing tune_model()
2026-09-16 21:33:44,537:INFO:tune_model(self=<pycaret.classification.oop.ClassificationExperiment object at 0x000002E542BA4390>, estimator=KNeighborsClassifier(algorithm='auto', leaf_size=30, metric='minkowski',
                     metric_params=None, n_jobs=-1, n_neighbors=5, p=2,
                     weights='uniform'), fold=None, round=4, n_iter=10, custom_grid=None, optimize=Accuracy, custom_scorer=None, search_library=scikit-learn, search_algorithm=None, early_stopping=False, early_stopping_max_iters=10, choose_better=True, fit_kwargs=None, groups=None, return_tuner=False, verbose=True, tuner_verbose=True, return_train_score=False, kwargs={})
2026-09-16 21:33:44,537:INFO:Checking exceptions
2026-09-16 21:33:44,553:INFO:Copying training dataset
2026-09-16 21:33:44,555:INFO:Checking base model
2026-09-16 21:33:44,555:INFO:Base model : K Neighbors Classifier
2026-09-16 21:33:44,558:INFO:Declaring metric variables
2026-09-16 21:33:44,559:INFO:Defining Hyperparameters
2026-09-16 21:33:44,642:INFO:Tuning with n_jobs=-1
2026-09-16 21:33:44,642:INFO:Initializing RandomizedSearchCV
2026-09-16 21:33:51,455:INFO:best_params: {'actual_estimator__weights': 'uniform', 'actual_estimator__n_neighbors': 16, 'actual_estimator__metric': 'manhattan'}
2026-09-16 21:33:51,455:INFO:Hyperparameter search completed
2026-09-16 21:33:51,455:INFO:SubProcess create_model() called ==================================
2026-09-16 21:33:51,455:INFO:Initializing create_model()
2026-09-16 21:33:51,455:INFO:create_model(self=<pycaret.classification.oop.ClassificationExperiment object at 0x000002E542BA4390>, estimator=KNeighborsClassifier(algorithm='auto', leaf_size=30, metric='minkowski',
                     metric_params=None, n_jobs=-1, n_neighbors=5, p=2,
                     weights='uniform'), fold=StratifiedKFold(n_splits=10, random_state=None, shuffle=False), round=4, cross_validation=True, predict=True, fit_kwargs={}, groups=None, refit=True, probability_threshold=None, experiment_custom_tags=None, verbose=True, system=False, add_to_model_list=True, metrics=None, display=<pycaret.internal.display.display.CommonDisplay object at 0x000002E544E28F90>, model_only=True, return_train_score=False, error_score=0.0, kwargs={'weights': 'uniform', 'n_neighbors': 16, 'metric': 'manhattan'})
2026-09-16 21:33:51,455:INFO:Checking exceptions
2026-09-16 21:33:51,455:INFO:Importing libraries
2026-09-16 21:33:51,455:INFO:Copying training dataset
2026-09-16 21:33:51,459:INFO:Defining folds
2026-09-16 21:33:51,459:INFO:Declaring metric variables
2026-09-16 21:33:51,459:INFO:Importing untrained model
2026-09-16 21:33:51,459:INFO:Declaring custom model
2026-09-16 21:33:51,459:INFO:K Neighbors Classifier Imported successfully
2026-09-16 21:33:51,466:INFO:Starting cross validation
2026-09-16 21:33:51,466:INFO:Cross validating with StratifiedKFold(n_splits=10, random_state=None, shuffle=False), n_jobs=-1
2026-09-16 21:33:51,764:WARNING:c:\Users\laboratorio\AppData\Local\Programs\Python\Python311\Lib\site-packages\sklearn\metrics\_classification.py:1561: UserWarning: Note that pos_label (set to 'Yes') is ignored when average != 'binary' (got 'weighted'). You may use labels=[pos_label] to specify a single positive class.
  warnings.warn(

2026-09-16 21:33:51,766:WARNING:c:\Users\laboratorio\AppData\Local\Programs\Python\Python311\Lib\site-packages\sklearn\metrics\_classification.py:1561: UserWarning: Note that pos_label (set to 'Yes') is ignored when average != 'binary' (got 'weighted'). You may use labels=[pos_label] to specify a single positive class.
  warnings.warn(

2026-09-16 21:33:51,770:WARNING:c:\Users\laboratorio\AppData\Local\Programs\Python\Python311\Lib\site-packages\sklearn\metrics\_classification.py:1561: UserWarning: Note that pos_label (set to 'Yes') is ignored when average != 'binary' (got 'weighted'). You may use labels=[pos_label] to specify a single positive class.
  warnings.warn(

2026-09-16 21:33:51,783:WARNING:c:\Users\laboratorio\AppData\Local\Programs\Python\Python311\Lib\site-packages\sklearn\metrics\_classification.py:1561: UserWarning: Note that pos_label (set to 'Yes') is ignored when average != 'binary' (got 'weighted'). You may use labels=[pos_label] to specify a single positive class.
  warnings.warn(

2026-09-16 21:33:51,791:WARNING:c:\Users\laboratorio\AppData\Local\Programs\Python\Python311\Lib\site-packages\sklearn\metrics\_classification.py:1561: UserWarning: Note that pos_label (set to 'Yes') is ignored when average != 'binary' (got 'weighted'). You may use labels=[pos_label] to specify a single positive class.
  warnings.warn(

2026-09-16 21:33:51,791:WARNING:c:\Users\laboratorio\AppData\Local\Programs\Python\Python311\Lib\site-packages\sklearn\metrics\_classification.py:1561: UserWarning: Note that pos_label (set to 'Yes') is ignored when average != 'binary' (got 'weighted'). You may use labels=[pos_label] to specify a single positive class.
  warnings.warn(

2026-09-16 21:33:51,802:WARNING:c:\Users\laboratorio\AppData\Local\Programs\Python\Python311\Lib\site-packages\sklearn\metrics\_classification.py:1561: UserWarning: Note that pos_label (set to 'Yes') is ignored when average != 'binary' (got 'weighted'). You may use labels=[pos_label] to specify a single positive class.
  warnings.warn(

2026-09-16 21:33:51,802:WARNING:c:\Users\laboratorio\AppData\Local\Programs\Python\Python311\Lib\site-packages\sklearn\metrics\_classification.py:1561: UserWarning: Note that pos_label (set to 'Yes') is ignored when average != 'binary' (got 'weighted'). You may use labels=[pos_label] to specify a single positive class.
  warnings.warn(

2026-09-16 21:33:51,802:WARNING:c:\Users\laboratorio\AppData\Local\Programs\Python\Python311\Lib\site-packages\sklearn\metrics\_classification.py:1561: UserWarning: Note that pos_label (set to 'Yes') is ignored when average != 'binary' (got 'weighted'). You may use labels=[pos_label] to specify a single positive class.
  warnings.warn(

2026-09-16 21:33:51,802:WARNING:c:\Users\laboratorio\AppData\Local\Programs\Python\Python311\Lib\site-packages\sklearn\metrics\_classification.py:1561: UserWarning: Note that pos_label (set to 'Yes') is ignored when average != 'binary' (got 'weighted'). You may use labels=[pos_label] to specify a single positive class.
  warnings.warn(

2026-09-16 21:33:51,814:WARNING:c:\Users\laboratorio\AppData\Local\Programs\Python\Python311\Lib\site-packages\sklearn\metrics\_classification.py:1561: UserWarning: Note that pos_label (set to 'Yes') is ignored when average != 'binary' (got 'weighted'). You may use labels=[pos_label] to specify a single positive class.
  warnings.warn(

2026-09-16 21:33:51,816:WARNING:c:\Users\laboratorio\AppData\Local\Programs\Python\Python311\Lib\site-packages\sklearn\metrics\_classification.py:1561: UserWarning: Note that pos_label (set to 'Yes') is ignored when average != 'binary' (got 'weighted'). You may use labels=[pos_label] to specify a single positive class.
  warnings.warn(

2026-09-16 21:33:51,816:WARNING:c:\Users\laboratorio\AppData\Local\Programs\Python\Python311\Lib\site-packages\sklearn\metrics\_classification.py:1561: UserWarning: Note that pos_label (set to 'Yes') is ignored when average != 'binary' (got 'weighted'). You may use labels=[pos_label] to specify a single positive class.
  warnings.warn(

2026-09-16 21:33:51,823:WARNING:c:\Users\laboratorio\AppData\Local\Programs\Python\Python311\Lib\site-packages\sklearn\metrics\_classification.py:1561: UserWarning: Note that pos_label (set to 'Yes') is ignored when average != 'binary' (got 'weighted'). You may use labels=[pos_label] to specify a single positive class.
  warnings.warn(

2026-09-16 21:33:51,823:WARNING:c:\Users\laboratorio\AppData\Local\Programs\Python\Python311\Lib\site-packages\sklearn\metrics\_classification.py:1561: UserWarning: Note that pos_label (set to 'Yes') is ignored when average != 'binary' (got 'weighted'). You may use labels=[pos_label] to specify a single positive class.
  warnings.warn(

2026-09-16 21:33:51,823:WARNING:c:\Users\laboratorio\AppData\Local\Programs\Python\Python311\Lib\site-packages\sklearn\metrics\_classification.py:1561: UserWarning: Note that pos_label (set to 'Yes') is ignored when average != 'binary' (got 'weighted'). You may use labels=[pos_label] to specify a single positive class.
  warnings.warn(

2026-09-16 21:33:51,823:WARNING:c:\Users\laboratorio\AppData\Local\Programs\Python\Python311\Lib\site-packages\sklearn\metrics\_classification.py:1561: UserWarning: Note that pos_label (set to 'Yes') is ignored when average != 'binary' (got 'weighted'). You may use labels=[pos_label] to specify a single positive class.
  warnings.warn(

2026-09-16 21:33:51,823:WARNING:c:\Users\laboratorio\AppData\Local\Programs\Python\Python311\Lib\site-packages\sklearn\metrics\_classification.py:1561: UserWarning: Note that pos_label (set to 'Yes') is ignored when average != 'binary' (got 'weighted'). You may use labels=[pos_label] to specify a single positive class.
  warnings.warn(

2026-09-16 21:33:51,843:WARNING:c:\Users\laboratorio\AppData\Local\Programs\Python\Python311\Lib\site-packages\sklearn\metrics\_classification.py:1561: UserWarning: Note that pos_label (set to 'Yes') is ignored when average != 'binary' (got 'weighted'). You may use labels=[pos_label] to specify a single positive class.
  warnings.warn(

2026-09-16 21:33:51,848:WARNING:c:\Users\laboratorio\AppData\Local\Programs\Python\Python311\Lib\site-packages\sklearn\metrics\_classification.py:1561: UserWarning: Note that pos_label (set to 'Yes') is ignored when average != 'binary' (got 'weighted'). You may use labels=[pos_label] to specify a single positive class.
  warnings.warn(

2026-09-16 21:33:51,848:WARNING:c:\Users\laboratorio\AppData\Local\Programs\Python\Python311\Lib\site-packages\sklearn\metrics\_classification.py:1561: UserWarning: Note that pos_label (set to 'Yes') is ignored when average != 'binary' (got 'weighted'). You may use labels=[pos_label] to specify a single positive class.
  warnings.warn(

2026-09-16 21:33:51,851:WARNING:c:\Users\laboratorio\AppData\Local\Programs\Python\Python311\Lib\site-packages\sklearn\metrics\_classification.py:1561: UserWarning: Note that pos_label (set to 'Yes') is ignored when average != 'binary' (got 'weighted'). You may use labels=[pos_label] to specify a single positive class.
  warnings.warn(

2026-09-16 21:33:51,851:WARNING:c:\Users\laboratorio\AppData\Local\Programs\Python\Python311\Lib\site-packages\sklearn\metrics\_classification.py:1561: UserWarning: Note that pos_label (set to 'Yes') is ignored when average != 'binary' (got 'weighted'). You may use labels=[pos_label] to specify a single positive class.
  warnings.warn(

2026-09-16 21:33:51,854:WARNING:c:\Users\laboratorio\AppData\Local\Programs\Python\Python311\Lib\site-packages\sklearn\metrics\_classification.py:1561: UserWarning: Note that pos_label (set to 'Yes') is ignored when average != 'binary' (got 'weighted'). You may use labels=[pos_label] to specify a single positive class.
  warnings.warn(

2026-09-16 21:33:51,865:WARNING:c:\Users\laboratorio\AppData\Local\Programs\Python\Python311\Lib\site-packages\sklearn\metrics\_classification.py:1561: UserWarning: Note that pos_label (set to 'Yes') is ignored when average != 'binary' (got 'weighted'). You may use labels=[pos_label] to specify a single positive class.
  warnings.warn(

2026-09-16 21:33:51,865:WARNING:c:\Users\laboratorio\AppData\Local\Programs\Python\Python311\Lib\site-packages\sklearn\metrics\_classification.py:1561: UserWarning: Note that pos_label (set to 'Yes') is ignored when average != 'binary' (got 'weighted'). You may use labels=[pos_label] to specify a single positive class.
  warnings.warn(

2026-09-16 21:33:51,865:WARNING:c:\Users\laboratorio\AppData\Local\Programs\Python\Python311\Lib\site-packages\sklearn\metrics\_classification.py:1561: UserWarning: Note that pos_label (set to 'Yes') is ignored when average != 'binary' (got 'weighted'). You may use labels=[pos_label] to specify a single positive class.
  warnings.warn(

2026-09-16 21:33:51,884:WARNING:c:\Users\laboratorio\AppData\Local\Programs\Python\Python311\Lib\site-packages\sklearn\metrics\_classification.py:1561: UserWarning: Note that pos_label (set to 'Yes') is ignored when average != 'binary' (got 'weighted'). You may use labels=[pos_label] to specify a single positive class.
  warnings.warn(

2026-09-16 21:33:51,884:WARNING:c:\Users\laboratorio\AppData\Local\Programs\Python\Python311\Lib\site-packages\sklearn\metrics\_classification.py:1561: UserWarning: Note that pos_label (set to 'Yes') is ignored when average != 'binary' (got 'weighted'). You may use labels=[pos_label] to specify a single positive class.
  warnings.warn(

2026-09-16 21:33:51,884:WARNING:c:\Users\laboratorio\AppData\Local\Programs\Python\Python311\Lib\site-packages\sklearn\metrics\_classification.py:1561: UserWarning: Note that pos_label (set to 'Yes') is ignored when average != 'binary' (got 'weighted'). You may use labels=[pos_label] to specify a single positive class.
  warnings.warn(

2026-09-16 21:33:51,905:INFO:Calculating mean and std
2026-09-16 21:33:51,905:INFO:Creating metrics dataframe
2026-09-16 21:33:51,905:INFO:Finalizing model
2026-09-16 21:33:52,032:INFO:Uploading results into container
2026-09-16 21:33:52,038:INFO:Uploading model into container now
2026-09-16 21:33:52,038:INFO:_master_model_container: 15
2026-09-16 21:33:52,038:INFO:_display_container: 4
2026-09-16 21:33:52,039:INFO:KNeighborsClassifier(algorithm='auto', leaf_size=30, metric='manhattan',
                     metric_params=None, n_jobs=-1, n_neighbors=16, p=2,
                     weights='uniform')
2026-09-16 21:33:52,039:INFO:create_model() successfully completed......................................
2026-09-16 21:33:52,100:INFO:SubProcess create_model() end ==================================
2026-09-16 21:33:52,100:INFO:choose_better activated
2026-09-16 21:33:52,102:INFO:SubProcess create_model() called ==================================
2026-09-16 21:33:52,102:INFO:Initializing create_model()
2026-09-16 21:33:52,102:INFO:create_model(self=<pycaret.classification.oop.ClassificationExperiment object at 0x000002E542BA4390>, estimator=KNeighborsClassifier(algorithm='auto', leaf_size=30, metric='minkowski',
                     metric_params=None, n_jobs=-1, n_neighbors=5, p=2,
                     weights='uniform'), fold=StratifiedKFold(n_splits=10, random_state=None, shuffle=False), round=4, cross_validation=True, predict=True, fit_kwargs={}, groups=None, refit=True, probability_threshold=None, experiment_custom_tags=None, verbose=False, system=False, add_to_model_list=True, metrics=None, display=None, model_only=True, return_train_score=False, error_score=0.0, kwargs={})
2026-09-16 21:33:52,102:INFO:Checking exceptions
2026-09-16 21:33:52,103:INFO:Importing libraries
2026-09-16 21:33:52,104:INFO:Copying training dataset
2026-09-16 21:33:52,106:INFO:Defining folds
2026-09-16 21:33:52,106:INFO:Declaring metric variables
2026-09-16 21:33:52,106:INFO:Importing untrained model
2026-09-16 21:33:52,107:INFO:Declaring custom model
2026-09-16 21:33:52,107:INFO:K Neighbors Classifier Imported successfully
2026-09-16 21:33:52,107:INFO:Starting cross validation
2026-09-16 21:33:52,108:INFO:Cross validating with StratifiedKFold(n_splits=10, random_state=None, shuffle=False), n_jobs=-1
2026-09-16 21:33:52,388:WARNING:c:\Users\laboratorio\AppData\Local\Programs\Python\Python311\Lib\site-packages\sklearn\metrics\_classification.py:1561: UserWarning: Note that pos_label (set to 'Yes') is ignored when average != 'binary' (got 'weighted'). You may use labels=[pos_label] to specify a single positive class.
  warnings.warn(

2026-09-16 21:33:52,392:WARNING:c:\Users\laboratorio\AppData\Local\Programs\Python\Python311\Lib\site-packages\sklearn\metrics\_classification.py:1561: UserWarning: Note that pos_label (set to 'Yes') is ignored when average != 'binary' (got 'weighted'). You may use labels=[pos_label] to specify a single positive class.
  warnings.warn(

2026-09-16 21:33:52,395:WARNING:c:\Users\laboratorio\AppData\Local\Programs\Python\Python311\Lib\site-packages\sklearn\metrics\_classification.py:1561: UserWarning: Note that pos_label (set to 'Yes') is ignored when average != 'binary' (got 'weighted'). You may use labels=[pos_label] to specify a single positive class.
  warnings.warn(

2026-09-16 21:33:52,412:WARNING:c:\Users\laboratorio\AppData\Local\Programs\Python\Python311\Lib\site-packages\sklearn\metrics\_classification.py:1561: UserWarning: Note that pos_label (set to 'Yes') is ignored when average != 'binary' (got 'weighted'). You may use labels=[pos_label] to specify a single positive class.
  warnings.warn(

2026-09-16 21:33:52,412:WARNING:c:\Users\laboratorio\AppData\Local\Programs\Python\Python311\Lib\site-packages\sklearn\metrics\_classification.py:1561: UserWarning: Note that pos_label (set to 'Yes') is ignored when average != 'binary' (got 'weighted'). You may use labels=[pos_label] to specify a single positive class.
  warnings.warn(

2026-09-16 21:33:52,414:WARNING:c:\Users\laboratorio\AppData\Local\Programs\Python\Python311\Lib\site-packages\sklearn\metrics\_classification.py:1561: UserWarning: Note that pos_label (set to 'Yes') is ignored when average != 'binary' (got 'weighted'). You may use labels=[pos_label] to specify a single positive class.
  warnings.warn(

2026-09-16 21:33:52,415:WARNING:c:\Users\laboratorio\AppData\Local\Programs\Python\Python311\Lib\site-packages\sklearn\metrics\_classification.py:1561: UserWarning: Note that pos_label (set to 'Yes') is ignored when average != 'binary' (got 'weighted'). You may use labels=[pos_label] to specify a single positive class.
  warnings.warn(

2026-09-16 21:33:52,418:WARNING:c:\Users\laboratorio\AppData\Local\Programs\Python\Python311\Lib\site-packages\sklearn\metrics\_classification.py:1561: UserWarning: Note that pos_label (set to 'Yes') is ignored when average != 'binary' (got 'weighted'). You may use labels=[pos_label] to specify a single positive class.
  warnings.warn(

2026-09-16 21:33:52,418:WARNING:c:\Users\laboratorio\AppData\Local\Programs\Python\Python311\Lib\site-packages\sklearn\metrics\_classification.py:1561: UserWarning: Note that pos_label (set to 'Yes') is ignored when average != 'binary' (got 'weighted'). You may use labels=[pos_label] to specify a single positive class.
  warnings.warn(

2026-09-16 21:33:52,426:WARNING:c:\Users\laboratorio\AppData\Local\Programs\Python\Python311\Lib\site-packages\sklearn\metrics\_classification.py:1561: UserWarning: Note that pos_label (set to 'Yes') is ignored when average != 'binary' (got 'weighted'). You may use labels=[pos_label] to specify a single positive class.
  warnings.warn(

2026-09-16 21:33:52,428:WARNING:c:\Users\laboratorio\AppData\Local\Programs\Python\Python311\Lib\site-packages\sklearn\metrics\_classification.py:1561: UserWarning: Note that pos_label (set to 'Yes') is ignored when average != 'binary' (got 'weighted'). You may use labels=[pos_label] to specify a single positive class.
  warnings.warn(

2026-09-16 21:33:52,428:WARNING:c:\Users\laboratorio\AppData\Local\Programs\Python\Python311\Lib\site-packages\sklearn\metrics\_classification.py:1561: UserWarning: Note that pos_label (set to 'Yes') is ignored when average != 'binary' (got 'weighted'). You may use labels=[pos_label] to specify a single positive class.
  warnings.warn(

2026-09-16 21:33:52,432:WARNING:c:\Users\laboratorio\AppData\Local\Programs\Python\Python311\Lib\site-packages\sklearn\metrics\_classification.py:1561: UserWarning: Note that pos_label (set to 'Yes') is ignored when average != 'binary' (got 'weighted'). You may use labels=[pos_label] to specify a single positive class.
  warnings.warn(

2026-09-16 21:33:52,433:WARNING:c:\Users\laboratorio\AppData\Local\Programs\Python\Python311\Lib\site-packages\sklearn\metrics\_classification.py:1561: UserWarning: Note that pos_label (set to 'Yes') is ignored when average != 'binary' (got 'weighted'). You may use labels=[pos_label] to specify a single positive class.
  warnings.warn(

2026-09-16 21:33:52,436:WARNING:c:\Users\laboratorio\AppData\Local\Programs\Python\Python311\Lib\site-packages\sklearn\metrics\_classification.py:1561: UserWarning: Note that pos_label (set to 'Yes') is ignored when average != 'binary' (got 'weighted'). You may use labels=[pos_label] to specify a single positive class.
  warnings.warn(

2026-09-16 21:33:52,440:WARNING:c:\Users\laboratorio\AppData\Local\Programs\Python\Python311\Lib\site-packages\sklearn\metrics\_classification.py:1561: UserWarning: Note that pos_label (set to 'Yes') is ignored when average != 'binary' (got 'weighted'). You may use labels=[pos_label] to specify a single positive class.
  warnings.warn(

2026-09-16 21:33:52,440:WARNING:c:\Users\laboratorio\AppData\Local\Programs\Python\Python311\Lib\site-packages\sklearn\metrics\_classification.py:1561: UserWarning: Note that pos_label (set to 'Yes') is ignored when average != 'binary' (got 'weighted'). You may use labels=[pos_label] to specify a single positive class.
  warnings.warn(

2026-09-16 21:33:52,440:WARNING:c:\Users\laboratorio\AppData\Local\Programs\Python\Python311\Lib\site-packages\sklearn\metrics\_classification.py:1561: UserWarning: Note that pos_label (set to 'Yes') is ignored when average != 'binary' (got 'weighted'). You may use labels=[pos_label] to specify a single positive class.
  warnings.warn(

2026-09-16 21:33:52,440:WARNING:c:\Users\laboratorio\AppData\Local\Programs\Python\Python311\Lib\site-packages\sklearn\metrics\_classification.py:1561: UserWarning: Note that pos_label (set to 'Yes') is ignored when average != 'binary' (got 'weighted'). You may use labels=[pos_label] to specify a single positive class.
  warnings.warn(

2026-09-16 21:33:52,447:WARNING:c:\Users\laboratorio\AppData\Local\Programs\Python\Python311\Lib\site-packages\sklearn\metrics\_classification.py:1561: UserWarning: Note that pos_label (set to 'Yes') is ignored when average != 'binary' (got 'weighted'). You may use labels=[pos_label] to specify a single positive class.
  warnings.warn(

2026-09-16 21:33:52,447:WARNING:c:\Users\laboratorio\AppData\Local\Programs\Python\Python311\Lib\site-packages\sklearn\metrics\_classification.py:1561: UserWarning: Note that pos_label (set to 'Yes') is ignored when average != 'binary' (got 'weighted'). You may use labels=[pos_label] to specify a single positive class.
  warnings.warn(

2026-09-16 21:33:52,449:WARNING:c:\Users\laboratorio\AppData\Local\Programs\Python\Python311\Lib\site-packages\sklearn\metrics\_classification.py:1561: UserWarning: Note that pos_label (set to 'Yes') is ignored when average != 'binary' (got 'weighted'). You may use labels=[pos_label] to specify a single positive class.
  warnings.warn(

2026-09-16 21:33:52,449:WARNING:c:\Users\laboratorio\AppData\Local\Programs\Python\Python311\Lib\site-packages\sklearn\metrics\_classification.py:1561: UserWarning: Note that pos_label (set to 'Yes') is ignored when average != 'binary' (got 'weighted'). You may use labels=[pos_label] to specify a single positive class.
  warnings.warn(

2026-09-16 21:33:52,449:WARNING:c:\Users\laboratorio\AppData\Local\Programs\Python\Python311\Lib\site-packages\sklearn\metrics\_classification.py:1561: UserWarning: Note that pos_label (set to 'Yes') is ignored when average != 'binary' (got 'weighted'). You may use labels=[pos_label] to specify a single positive class.
  warnings.warn(

2026-09-16 21:33:52,457:WARNING:c:\Users\laboratorio\AppData\Local\Programs\Python\Python311\Lib\site-packages\sklearn\metrics\_classification.py:1561: UserWarning: Note that pos_label (set to 'Yes') is ignored when average != 'binary' (got 'weighted'). You may use labels=[pos_label] to specify a single positive class.
  warnings.warn(

2026-09-16 21:33:52,466:WARNING:c:\Users\laboratorio\AppData\Local\Programs\Python\Python311\Lib\site-packages\sklearn\metrics\_classification.py:1561: UserWarning: Note that pos_label (set to 'Yes') is ignored when average != 'binary' (got 'weighted'). You may use labels=[pos_label] to specify a single positive class.
  warnings.warn(

2026-09-16 21:33:52,468:WARNING:c:\Users\laboratorio\AppData\Local\Programs\Python\Python311\Lib\site-packages\sklearn\metrics\_classification.py:1561: UserWarning: Note that pos_label (set to 'Yes') is ignored when average != 'binary' (got 'weighted'). You may use labels=[pos_label] to specify a single positive class.
  warnings.warn(

2026-09-16 21:33:52,468:WARNING:c:\Users\laboratorio\AppData\Local\Programs\Python\Python311\Lib\site-packages\sklearn\metrics\_classification.py:1561: UserWarning: Note that pos_label (set to 'Yes') is ignored when average != 'binary' (got 'weighted'). You may use labels=[pos_label] to specify a single positive class.
  warnings.warn(

2026-09-16 21:33:52,468:WARNING:c:\Users\laboratorio\AppData\Local\Programs\Python\Python311\Lib\site-packages\sklearn\metrics\_classification.py:1561: UserWarning: Note that pos_label (set to 'Yes') is ignored when average != 'binary' (got 'weighted'). You may use labels=[pos_label] to specify a single positive class.
  warnings.warn(

2026-09-16 21:33:52,468:WARNING:c:\Users\laboratorio\AppData\Local\Programs\Python\Python311\Lib\site-packages\sklearn\metrics\_classification.py:1561: UserWarning: Note that pos_label (set to 'Yes') is ignored when average != 'binary' (got 'weighted'). You may use labels=[pos_label] to specify a single positive class.
  warnings.warn(

2026-09-16 21:33:52,488:INFO:Calculating mean and std
2026-09-16 21:33:52,488:INFO:Creating metrics dataframe
2026-09-16 21:33:52,488:INFO:Finalizing model
2026-09-16 21:33:52,601:INFO:Uploading results into container
2026-09-16 21:33:52,615:INFO:Uploading model into container now
2026-09-16 21:33:52,615:INFO:_master_model_container: 16
2026-09-16 21:33:52,615:INFO:_display_container: 5
2026-09-16 21:33:52,615:INFO:KNeighborsClassifier(algorithm='auto', leaf_size=30, metric='minkowski',
                     metric_params=None, n_jobs=-1, n_neighbors=5, p=2,
                     weights='uniform')
2026-09-16 21:33:52,615:INFO:create_model() successfully completed......................................
2026-09-16 21:33:52,665:INFO:SubProcess create_model() end ==================================
2026-09-16 21:33:52,665:INFO:KNeighborsClassifier(algorithm='auto', leaf_size=30, metric='minkowski',
                     metric_params=None, n_jobs=-1, n_neighbors=5, p=2,
                     weights='uniform') result for Accuracy is 0.772
2026-09-16 21:33:52,665:INFO:KNeighborsClassifier(algorithm='auto', leaf_size=30, metric='manhattan',
                     metric_params=None, n_jobs=-1, n_neighbors=16, p=2,
                     weights='uniform') result for Accuracy is 0.7929
2026-09-16 21:33:52,665:INFO:KNeighborsClassifier(algorithm='auto', leaf_size=30, metric='manhattan',
                     metric_params=None, n_jobs=-1, n_neighbors=16, p=2,
                     weights='uniform') is best model
2026-09-16 21:33:52,665:INFO:choose_better completed
2026-09-16 21:33:52,665:INFO:_master_model_container: 16
2026-09-16 21:33:52,665:INFO:_display_container: 4
2026-09-16 21:33:52,665:INFO:KNeighborsClassifier(algorithm='auto', leaf_size=30, metric='manhattan',
                     metric_params=None, n_jobs=-1, n_neighbors=16, p=2,
                     weights='uniform')
2026-09-16 21:33:52,665:INFO:tune_model() successfully completed......................................
2026-09-16 21:36:58,523:INFO:Initializing predict_model()
2026-09-16 21:36:58,523:INFO:predict_model(self=<pycaret.classification.oop.ClassificationExperiment object at 0x000002E542BA4390>, estimator=KNeighborsClassifier(algorithm='auto', leaf_size=30, metric='manhattan',
                     metric_params=None, n_jobs=-1, n_neighbors=16, p=2,
                     weights='uniform'), probability_threshold=None, encoded_labels=False, raw_score=False, round=4, verbose=True, ml_usecase=None, preprocess=True, encode_labels=<function _SupervisedExperiment.predict_model.<locals>.encode_labels at 0x000002E587221620>)
2026-09-16 21:36:58,524:INFO:Checking exceptions
2026-09-16 21:36:58,524:INFO:Preloading libraries
2026-09-16 21:36:58,852:WARNING:c:\Users\laboratorio\AppData\Local\Programs\Python\Python311\Lib\site-packages\sklearn\metrics\_classification.py:1561: UserWarning: Note that pos_label (set to 'Yes') is ignored when average != 'binary' (got 'weighted'). You may use labels=[pos_label] to specify a single positive class.
  warnings.warn(

2026-09-16 21:36:58,864:WARNING:c:\Users\laboratorio\AppData\Local\Programs\Python\Python311\Lib\site-packages\sklearn\metrics\_classification.py:1561: UserWarning: Note that pos_label (set to 'Yes') is ignored when average != 'binary' (got 'weighted'). You may use labels=[pos_label] to specify a single positive class.
  warnings.warn(

2026-09-16 21:36:58,875:WARNING:c:\Users\laboratorio\AppData\Local\Programs\Python\Python311\Lib\site-packages\sklearn\metrics\_classification.py:1561: UserWarning: Note that pos_label (set to 'Yes') is ignored when average != 'binary' (got 'weighted'). You may use labels=[pos_label] to specify a single positive class.
  warnings.warn(

2026-09-16 21:40:58,436:INFO:Initializing predict_model()
2026-09-16 21:40:58,436:INFO:predict_model(self=<pycaret.classification.oop.ClassificationExperiment object at 0x000002E542BA4390>, estimator=KNeighborsClassifier(algorithm='auto', leaf_size=30, metric='manhattan',
                     metric_params=None, n_jobs=-1, n_neighbors=16, p=2,
                     weights='uniform'), probability_threshold=None, encoded_labels=False, raw_score=False, round=4, verbose=True, ml_usecase=None, preprocess=True, encode_labels=<function _SupervisedExperiment.predict_model.<locals>.encode_labels at 0x000002E587284680>)
2026-09-16 21:40:58,436:INFO:Checking exceptions
2026-09-16 21:40:58,436:INFO:Preloading libraries
2026-09-16 21:40:58,437:INFO:Set up data.
2026-09-16 21:40:58,439:INFO:Set up index.
2026-09-16 21:45:58,691:INFO:Initializing save_model()
2026-09-16 21:45:58,691:INFO:save_model(model=KNeighborsClassifier(algorithm='auto', leaf_size=30, metric='manhattan',
                     metric_params=None, n_jobs=-1, n_neighbors=16, p=2,
                     weights='uniform'), model_name=models/churn_model_v1, prep_pipe_=Pipeline(memory=FastMemory(location=C:\Users\LABORA~1\AppData\Local\Temp\joblib),
         steps=[('label_encoding',
                 TransformerWrapperWithInverse(exclude=None, include=None,
                                               transformer=LabelEncoder())),
                ('numerical_imputer',
                 TransformerWrapper(exclude=None,
                                    include=['SeniorCitizen', 'tenure',
                                             'MonthlyCharges'],
                                    transformer=SimpleImputer(add_indicator=False,
                                                              copy=Tru...
                                                              return_df=True,
                                                              use_cat_names=True,
                                                              verbose=0))),
                ('rest_encoding',
                 TransformerWrapper(exclude=None,
                                    include=['customerID', 'TotalCharges'],
                                    transformer=TargetEncoder(cols=['customerID',
                                                                    'TotalCharges'],
                                                              drop_invariant=False,
                                                              handle_missing='return_nan',
                                                              handle_unknown='value',
                                                              hierarchy=None,
                                                              min_samples_leaf=20,
                                                              return_df=True,
                                                              smoothing=10,
                                                              verbose=0)))],
         verbose=False), verbose=True, use_case=MLUsecase.CLASSIFICATION, kwargs={})
2026-09-16 21:45:58,691:INFO:Adding model into prep_pipe
2026-09-16 21:45:58,692:INFO:models/churn_model_v1.pkl saved in current working directory
2026-09-16 21:45:58,723:INFO:Pipeline(memory=Memory(location=None),
         steps=[('label_encoding',
                 TransformerWrapperWithInverse(exclude=None, include=None,
                                               transformer=LabelEncoder())),
                ('numerical_imputer',
                 TransformerWrapper(exclude=None,
                                    include=['SeniorCitizen', 'tenure',
                                             'MonthlyCharges'],
                                    transformer=SimpleImputer(add_indicator=False,
                                                              copy=True,
                                                              fill_value=None,
                                                              keep_empty_features=False...
                                    transformer=TargetEncoder(cols=['customerID',
                                                                    'TotalCharges'],
                                                              drop_invariant=False,
                                                              handle_missing='return_nan',
                                                              handle_unknown='value',
                                                              hierarchy=None,
                                                              min_samples_leaf=20,
                                                              return_df=True,
                                                              smoothing=10,
                                                              verbose=0))),
                ('trained_model',
                 KNeighborsClassifier(algorithm='auto', leaf_size=30,
                                      metric='manhattan', metric_params=None,
                                      n_jobs=-1, n_neighbors=16, p=2,
                                      weights='uniform'))],
         verbose=False)
2026-09-16 21:45:58,723:INFO:save_model() successfully completed......................................
2026-09-16 21:48:22,726:INFO:Initializing load_model()
2026-09-16 21:48:22,726:INFO:load_model(model_name=models/churn_model_v1, platform=None, authentication=None, verbose=True)
2026-09-16 21:49:34,462:INFO:Initializing predict_model()
2026-09-16 21:49:34,462:INFO:predict_model(self=<pycaret.classification.oop.ClassificationExperiment object at 0x000002E542BA4390>, estimator=Pipeline(memory=FastMemory(location=C:\Users\LABORA~1\AppData\Local\Temp\joblib),
         steps=[('label_encoding',
                 TransformerWrapperWithInverse(exclude=None, include=None,
                                               transformer=LabelEncoder())),
                ('numerical_imputer',
                 TransformerWrapper(exclude=None,
                                    include=['SeniorCitizen', 'tenure',
                                             'MonthlyCharges'],
                                    transformer=SimpleImputer(add_indicator=False,
                                                              copy=Tru...
                                    transformer=TargetEncoder(cols=['customerID',
                                                                    'TotalCharges'],
                                                              drop_invariant=False,
                                                              handle_missing='return_nan',
                                                              handle_unknown='value',
                                                              hierarchy=None,
                                                              min_samples_leaf=20,
                                                              return_df=True,
                                                              smoothing=10,
                                                              verbose=0))),
                ('trained_model',
                 KNeighborsClassifier(algorithm='auto', leaf_size=30,
                                      metric='manhattan', metric_params=None,
                                      n_jobs=-1, n_neighbors=16, p=2,
                                      weights='uniform'))],
         verbose=False), probability_threshold=None, encoded_labels=False, raw_score=False, round=4, verbose=True, ml_usecase=None, preprocess=True, encode_labels=<function _SupervisedExperiment.predict_model.<locals>.encode_labels at 0x000002E587221760>)
2026-09-16 21:49:34,462:INFO:Checking exceptions
2026-09-16 21:49:34,462:INFO:Preloading libraries
2026-09-16 21:49:34,464:INFO:Set up data.
2026-09-16 21:49:34,475:INFO:Set up index.
2026-09-16 22:04:20,090:INFO:Initializing finalize_model()
2026-09-16 22:04:20,090:INFO:finalize_model(self=<pycaret.classification.oop.ClassificationExperiment object at 0x000002E542BA4390>, estimator=<function tune_model at 0x000002E54390C360>, fit_kwargs=None, groups=None, model_only=False, experiment_custom_tags=None)
2026-09-16 22:04:20,090:INFO:Finalizing <function tune_model at 0x000002E54390C360>
2026-09-16 22:04:20,095:INFO:Initializing create_model()
2026-09-16 22:04:20,095:INFO:create_model(self=<pycaret.classification.oop.ClassificationExperiment object at 0x000002E542BA4390>, estimator=<function tune_model at 0x000002E54390C360>, fold=None, round=4, cross_validation=False, predict=False, fit_kwargs={}, groups=None, refit=True, probability_threshold=None, experiment_custom_tags=None, verbose=False, system=False, add_to_model_list=False, metrics=None, display=None, model_only=False, return_train_score=False, error_score=0.0, kwargs={})
2026-09-16 22:04:20,095:INFO:Checking exceptions
2026-09-16 22:05:22,336:INFO:Initializing finalize_model()
2026-09-16 22:05:22,336:INFO:finalize_model(self=<pycaret.classification.oop.ClassificationExperiment object at 0x000002E542BA4390>, estimator=KNeighborsClassifier(algorithm='auto', leaf_size=30, metric='manhattan',
                     metric_params=None, n_jobs=-1, n_neighbors=16, p=2,
                     weights='uniform'), fit_kwargs=None, groups=None, model_only=False, experiment_custom_tags=None)
2026-09-16 22:05:22,336:INFO:Finalizing KNeighborsClassifier(algorithm='auto', leaf_size=30, metric='manhattan',
                     metric_params=None, n_jobs=-1, n_neighbors=16, p=2,
                     weights='uniform')
2026-09-16 22:05:22,343:INFO:Initializing create_model()
2026-09-16 22:05:22,343:INFO:create_model(self=<pycaret.classification.oop.ClassificationExperiment object at 0x000002E542BA4390>, estimator=KNeighborsClassifier(algorithm='auto', leaf_size=30, metric='manhattan',
                     metric_params=None, n_jobs=-1, n_neighbors=16, p=2,
                     weights='uniform'), fold=None, round=4, cross_validation=False, predict=False, fit_kwargs={}, groups=None, refit=True, probability_threshold=None, experiment_custom_tags=None, verbose=False, system=False, add_to_model_list=False, metrics=None, display=None, model_only=False, return_train_score=False, error_score=0.0, kwargs={})
2026-09-16 22:05:22,343:INFO:Checking exceptions
2026-09-16 22:05:22,345:INFO:Importing libraries
2026-09-16 22:05:22,345:INFO:Copying training dataset
2026-09-16 22:05:22,345:INFO:Defining folds
2026-09-16 22:05:22,345:INFO:Declaring metric variables
2026-09-16 22:05:22,345:INFO:Importing untrained model
2026-09-16 22:05:22,345:INFO:Declaring custom model
2026-09-16 22:05:22,345:INFO:K Neighbors Classifier Imported successfully
2026-09-16 22:05:22,345:INFO:Cross validation set to False
2026-09-16 22:05:22,345:INFO:Fitting Model
2026-09-16 22:05:22,523:INFO:Pipeline(memory=Memory(location=None),
         steps=[('label_encoding',
                 TransformerWrapperWithInverse(exclude=None, include=None,
                                               transformer=LabelEncoder())),
                ('numerical_imputer',
                 TransformerWrapper(exclude=None,
                                    include=['SeniorCitizen', 'tenure',
                                             'MonthlyCharges'],
                                    transformer=SimpleImputer(add_indicator=False,
                                                              copy=True,
                                                              fill_value=None,
                                                              keep_empty_features=False...
                                    transformer=TargetEncoder(cols=['customerID',
                                                                    'TotalCharges'],
                                                              drop_invariant=False,
                                                              handle_missing='return_nan',
                                                              handle_unknown='value',
                                                              hierarchy=None,
                                                              min_samples_leaf=20,
                                                              return_df=True,
                                                              smoothing=10,
                                                              verbose=0))),
                ('actual_estimator',
                 KNeighborsClassifier(algorithm='auto', leaf_size=30,
                                      metric='manhattan', metric_params=None,
                                      n_jobs=-1, n_neighbors=16, p=2,
                                      weights='uniform'))],
         verbose=False)
2026-09-16 22:05:22,523:INFO:create_model() successfully completed......................................
2026-09-16 22:05:22,596:INFO:_master_model_container: 16
2026-09-16 22:05:22,596:INFO:_display_container: 5
2026-09-16 22:05:22,615:INFO:Pipeline(memory=Memory(location=None),
         steps=[('label_encoding',
                 TransformerWrapperWithInverse(exclude=None, include=None,
                                               transformer=LabelEncoder())),
                ('numerical_imputer',
                 TransformerWrapper(exclude=None,
                                    include=['SeniorCitizen', 'tenure',
                                             'MonthlyCharges'],
                                    transformer=SimpleImputer(add_indicator=False,
                                                              copy=True,
                                                              fill_value=None,
                                                              keep_empty_features=False...
                                    transformer=TargetEncoder(cols=['customerID',
                                                                    'TotalCharges'],
                                                              drop_invariant=False,
                                                              handle_missing='return_nan',
                                                              handle_unknown='value',
                                                              hierarchy=None,
                                                              min_samples_leaf=20,
                                                              return_df=True,
                                                              smoothing=10,
                                                              verbose=0))),
                ('actual_estimator',
                 KNeighborsClassifier(algorithm='auto', leaf_size=30,
                                      metric='manhattan', metric_params=None,
                                      n_jobs=-1, n_neighbors=16, p=2,
                                      weights='uniform'))],
         verbose=False)
2026-09-16 22:05:22,615:INFO:finalize_model() successfully completed......................................
